ADM3_EN,ADM3_UA,ADM3_RU,ADM3_PCODE,ADM2_EN,ADM2_UA,ADM2_RU,ADM2_PCODE,ADM1_EN,ADM1_UA,ADM1_RU,ADM1_PCODE,ADM0_EN,ADM0_UA,ADM0_RU,ADM0_PCODE,AREA_SQKM,ADM3_PARTS,ADM4_COUNT,ORIENTATION,ADM3_RP_LAT,ADM3_RP_LON,CODETOPO,ADM3_TYPE_EN,ADM3_TYPE_UA,RAY_ID,KOATUU,Minrehion
Aromatnenska,Ароматненська,Ароматненский,UA0102003,Bakhchysaraiskyi,Бахчисарайський,Бахчисарайский,UA0102,Autonomous Republic of Crimea,Автономна Республіка Крим,Автономная Республика Крым,UA01,Ukraine,Україна,Украина,UA,89.95320516,1,5,landscape,33.84020707,44.80935611,81400000,Council,Рада,0120400000,0120480400,UA01020030000085835
Bakhchysaraiska,Бахчисарайська,Бахчисарайский,UA0102005,Bakhchysaraiskyi,Бахчисарайський,Бахчисарайский,UA0102,Autonomous Republic of Crimea,Автономна Республіка Крим,Автономная Республика Крым,UA01,Ukraine,Україна,Украина,UA,55.47641045,2,2,landscape,33.89278354,44.73316277,81400000,Council,Рада,0120400000,0120410100,UA01020050000056842
Verkhorichenska,Верхоріченська,Верхореченский,UA0102009,Bakhchysaraiskyi,Бахчисарайський,Бахчисарайский,UA0102,Autonomous Republic of Crimea,Автономна Республіка Крим,Автономная Республика Крым,UA01,Ukraine,Україна,Украина,UA,358.4268279,1,6,landscape,34.09338749,44.66787295,81400000,Council,Рада,0120400000,0120480800,UA01020090000085519
Vilinska,Вілінська,Вилинский,UA0102011,Bakhchysaraiskyi,Бахчисарайський,Бахчисарайский,UA0102,Autonomous Republic of Crimea,Автономна Республіка Крим,Автономная Республика Крым,UA01,Ukraine,Україна,Украина,UA,51.0274218,1,2,landscape,33.67936065,44.8470933,81400000,Council,Рада,0120400000,0120481300,UA01020110000025392
Holubynska,Голубинська,Голубинский,UA0102013,Bakhchysaraiskyi,Бахчисарайський,Бахчисарайский,UA0102,Autonomous Republic of Crimea,Автономна Республіка Крим,Автономная Республика Крым,UA01,Ukraine,Україна,Украина,UA,212.5918226,1,9,portrait,33.93466845,44.52354032,81400000,Council,Рада,0120400000,0120481900,UA01020130000011846
Dolynnenska,Долинненська,Долинненский,UA0102015,Bakhchysaraiskyi,Бахчисарайський,Бахчисарайский,UA0102,Autonomous Republic of Crimea,Автономна Республіка Крим,Автономная Республика Крым,UA01,Ukraine,Україна,Украина,UA,52.79486953,1,3,portrait,33.75405913,44.72655921,81400000,Council,Рада,0120400000,0120482200,UA01020150000013553
Zaliznychnenska,Залізничненська,Железнодорожненский,UA0102017,Bakhchysaraiskyi,Бахчисарайський,Бахчисарайский,UA0102,Autonomous Republic of Crimea,Автономна Республіка Крим,Автономная Республика Крым,UA01,Ukraine,Україна,Украина,UA,55.12687823,1,7,landscape,33.82238251,44.69702901,81400000,Council,Рада,0120400000,0120482500,UA01020170000026113
Zelenivska,Зеленівська,Зеленовский,UA0102019,Bakhchysaraiskyi,Бахчисарайський,Бахчисарайский,UA0102,Autonomous Republic of Crimea,Автономна Республіка Крим,Автономная Республика Крым,UA01,Ukraine,Україна,Украина,UA,112.8349619,1,6,landscape,34.07178582,44.55853558,81400000,Council,Рада,0120400000,0120482900,UA01020190000077808
Kashtanivska,Каштанівська,Каштановский,UA0102025,Bakhchysaraiskyi,Бахчисарайський,Бахчисарайский,UA0102,Autonomous Republic of Crimea,Автономна Республіка Крим,Автономная Республика Крым,UA01,Ukraine,Україна,Украина,UA,48.86847128,1,4,portrait,33.75504434,44.87023126,81400000,Council,Рада,0120400000,0120483600,UA01020250000083187
Krasnomatska,Красномацька,Красномакский,UA0102027,Bakhchysaraiskyi,Бахчисарайський,Бахчисарайский,UA0102,Autonomous Republic of Crimea,Автономна Республіка Крим,Автономная Республика Крым,UA01,Ukraine,Україна,Украина,UA,48.53109385,1,4,landscape,33.76109268,44.6330058,81400000,Council,Рада,0120400000,0120483900,UA01020270000095791
Kuibyshevska,Куйбишевська,Куйбышевский,UA0102029,Bakhchysaraiskyi,Бахчисарайський,Бахчисарайский,UA0102,Autonomous Republic of Crimea,Автономна Республіка Крим,Автономная Республика Крым,UA01,Ukraine,Україна,Украина,UA,111.8402201,1,6,landscape,33.87653213,44.63090958,81400000,Council,Рада,0120400000,0120455300,UA01020290000023695
Pishchanivska,Піщанівська,Песчановский,UA0102033,Bakhchysaraiskyi,Бахчисарайський,Бахчисарайский,UA0102,Autonomous Republic of Crimea,Автономна Республіка Крим,Автономная Республика Крым,UA01,Ukraine,Україна,Украина,UA,26.60231661,1,2,portrait,33.6297011,44.88784699,81400000,Council,Рада,0120400000,0120484400,UA01020330000026857
Plodivska,Плодівська,Плодовский,UA0102035,Bakhchysaraiskyi,Бахчисарайський,Бахчисарайский,UA0102,Autonomous Republic of Crimea,Автономна Республіка Крим,Автономная Республика Крым,UA01,Ukraine,Україна,Украина,UA,48.00966619,1,5,portrait,33.83442669,44.87909261,81400000,Council,Рада,0120400000,0120484600,UA01020350000012924
Poshtivska,Поштівська,Почтовский,UA0102037,Bakhchysaraiskyi,Бахчисарайський,Бахчисарайский,UA0102,Autonomous Republic of Crimea,Автономна Республіка Крим,Автономная Республика Крым,UA01,Ukraine,Україна,Украина,UA,87.80972151,1,13,landscape,33.93408648,44.84927418,81400000,Council,Рада,0120400000,0120455600,UA01020370000098913
Skalystivska,Скалистівська,Скалистовский,UA0102039,Bakhchysaraiskyi,Бахчисарайський,Бахчисарайский,UA0102,Autonomous Republic of Crimea,Автономна Республіка Крим,Автономная Республика Крым,UA01,Ukraine,Україна,Украина,UA,118.8290512,1,4,landscape,33.98664915,44.77303096,81400000,Council,Рада,0120400000,0120485000,UA01020390000023946
Tabachnenska,Табачненська,Табачненский,UA0102041,Bakhchysaraiskyi,Бахчисарайський,Бахчисарайский,UA0102,Autonomous Republic of Crimea,Автономна Республіка Крим,Автономная Республика Крым,UA01,Ukraine,Україна,Украина,UA,21.84142845,1,1,landscape,33.67410166,44.8944781,81400000,Council,Рада,0120400000,0120485500,UA01020410000012183
Tinystivska,Тінистівська,Тенистовский,UA0102045,Bakhchysaraiskyi,Бахчисарайський,Бахчисарайский,UA0102,Autonomous Republic of Crimea,Автономна Республіка Крим,Автономная Республика Крым,UA01,Ukraine,Україна,Украина,UA,56.82298105,1,5,portrait,33.67389804,44.73878533,81400000,Council,Рада,0120400000,0120486200,UA01020450000039196
Uhlivska,Углівська,Угловский,UA0102047,Bakhchysaraiskyi,Бахчисарайський,Бахчисарайский,UA0102,Autonomous Republic of Crimea,Автономна Республіка Крим,Автономная Республика Крым,UA01,Ukraine,Україна,Украина,UA,33.14950351,1,1,landscape,33.63682547,44.81622059,81400000,Council,Рада,0120400000,0120488400,UA01020470000045027
Aromatnivska,Ароматнівська,Ароматновский,UA0104001,Bilohirskyi,Білогірський,Белогорский,UA0104,Autonomous Republic of Crimea,Автономна Республіка Крим,Автономная Республика Крым,UA01,Ukraine,Україна,Украина,UA,86.15619076,1,3,portrait,34.37114315,45.00012146,81400000,Council,Рада,0120700000,0120780400,UA01040010000012643
Bahativska,Багатівська,Богатовский,UA0104003,Bilohirskyi,Білогірський,Белогорский,UA0104,Autonomous Republic of Crimea,Автономна Республіка Крим,Автономная Республика Крым,UA01,Ukraine,Україна,Украина,UA,117.0541181,1,7,portrait,34.7987959,45.03321984,81400000,Council,Рада,0120700000,0120780800,UA01040030000094499
Bilohirska,Білогірська,Белогорский,UA0104005,Bilohirskyi,Білогірський,Белогорский,UA0104,Autonomous Republic of Crimea,Автономна Республіка Крим,Автономная Республика Крым,UA01,Ukraine,Україна,Украина,UA,24.1382679,2,1,portrait,34.57722607,45.03895273,81400000,Council,Рада,0120700000,0120710100,UA01040050000043618
Vasylivska,Василівська,Васильевский,UA0104007,Bilohirskyi,Білогірський,Белогорский,UA0104,Autonomous Republic of Crimea,Автономна Республіка Крим,Автономная Республика Крым,UA01,Ukraine,Україна,Украина,UA,116.3528822,1,6,portrait,34.7297889,45.13635345,81400000,Council,Рада,0120700000,0120781300,UA01040070000067477
Vyshenska,Вишенська,Вишенский,UA0104009,Bilohirskyi,Білогірський,Белогорский,UA0104,Autonomous Republic of Crimea,Автономна Республіка Крим,Автономная Республика Крым,UA01,Ukraine,Україна,Украина,UA,111.5470123,1,3,portrait,34.59313136,45.12544516,81400000,Council,Рада,0120700000,0120781900,UA01040090000079381
Drofynska,Дрофинська,Дрофинский,UA0104011,Bilohirskyi,Білогірський,Белогорский,UA0104,Autonomous Republic of Crimea,Автономна Республіка Крим,Автономная Республика Крым,UA01,Ukraine,Україна,Украина,UA,51.51233059,1,3,landscape,34.5949872,45.2749143,81400000,Council,Рада,0120700000,0123180600,UA01040110000030475
Zheliabovska,Желябовська,Желябовский,UA0104013,Bilohirskyi,Білогірський,Белогорский,UA0104,Autonomous Republic of Crimea,Автономна Республіка Крим,Автономная Республика Крым,UA01,Ukraine,Україна,Украина,UA,53.93774721,1,2,landscape,34.73316335,45.40967126,81400000,Council,Рада,0120700000,0123181200,UA01040130000027316
Zhemchuzhynska,Жемчужинська,Жемчужинский,UA0104015,Bilohirskyi,Білогірський,Белогорский,UA0104,Autonomous Republic of Crimea,Автономна Республіка Крим,Автономная Республика Крым,UA01,Ukraine,Україна,Украина,UA,22.43611915,1,3,portrait,34.66772485,45.25845182,81400000,Council,Рада,0120700000,0123181500,UA01040150000027533
Zelenohirska,Зеленогірська,Зеленогорский,UA0104017,Bilohirskyi,Білогірський,Белогорский,UA0104,Autonomous Republic of Crimea,Автономна Республіка Крим,Автономная Республика Крым,UA01,Ukraine,Україна,Украина,UA,284.2331867,1,10,portrait,34.4913534,44.97847699,81400000,Council,Рада,0120700000,0120782500,UA01040170000015760
Zemlianychnenska,Земляничненська,Земляничненский,UA0104019,Bilohirskyi,Білогірський,Белогорский,UA0104,Autonomous Republic of Crimea,Автономна Республіка Крим,Автономная Республика Крым,UA01,Ukraine,Україна,Украина,UA,94.53017206,1,7,portrait,34.82007569,44.9713852,81400000,Council,Рада,0120700000,0120782700,UA01040190000020544
Zybynska,Зибинська,Зыбинский,UA0104021,Bilohirskyi,Білогірський,Белогорский,UA0104,Autonomous Republic of Crimea,Автономна Республіка Крим,Автономная Республика Крым,UA01,Ukraine,Україна,Украина,UA,75.72665282,1,2,landscape,34.60984275,45.21599984,81400000,Council,Рада,0120700000,0120782900,UA01040210000036434
Zorkinska,Зоркінська,Зоркинский,UA0104023,Bilohirskyi,Білогірський,Белогорский,UA0104,Autonomous Republic of Crimea,Автономна Республіка Крим,Автономная Республика Крым,UA01,Ukraine,Україна,Украина,UA,62.16651324,1,4,portrait,34.7784195,45.56320323,81400000,Council,Рада,0120700000,0123182000,UA01040230000046436
Zuiska,Зуйська,Зуйский,UA0104025,Bilohirskyi,Білогірський,Белогорский,UA0104,Autonomous Republic of Crimea,Автономна Республіка Крим,Автономная Республика Крым,UA01,Ukraine,Україна,Украина,UA,130.4444264,1,9,portrait,34.30812298,45.08019915,81400000,Council,Рада,0120700000,0120755300,UA01040250000021026
Ivanivska,Іванівська,Ивановский,UA0104027,Bilohirskyi,Білогірський,Белогорский,UA0104,Autonomous Republic of Crimea,Автономна Республіка Крим,Автономная Республика Крым,UA01,Ukraine,Україна,Украина,UA,47.83996298,1,4,landscape,34.71953329,45.36526104,81400000,Council,Рада,0120700000,0123182200,UA01040270000034439
Izobilnenska,Ізобільненська,Изобильненский,UA0104029,Bilohirskyi,Білогірський,Белогорский,UA0104,Autonomous Republic of Crimea,Автономна Республіка Крим,Автономная Республика Крым,UA01,Ukraine,Україна,Украина,UA,75.27499462,17,1,portrait,34.96285806,45.58268271,81400000,Council,Рада,0120700000,0123182400,UA01040290000025831
Kistochkivska,Кісточківська,Косточковский,UA0104031,Bilohirskyi,Білогірський,Белогорский,UA0104,Autonomous Republic of Crimea,Автономна Республіка Крим,Автономная Республика Крым,UA01,Ukraine,Україна,Украина,UA,33.69315454,1,2,landscape,34.68421482,45.29849118,81400000,Council,Рада,0120700000,0123182600,UA01040310000067033
Krymskorozivska,Кримськорозівська,Крымскорозовский,UA0104033,Bilohirskyi,Білогірський,Белогорский,UA0104,Autonomous Republic of Crimea,Автономна Республіка Крим,Автономная Республика Крым,UA01,Ukraine,Україна,Украина,UA,22.78573336,1,2,portrait,34.36516862,45.05158286,81400000,Council,Рада,0120700000,0120783600,UA01040330000019963
Krynychnenska,Криничненська,Криничненский,UA0104035,Bilohirskyi,Білогірський,Белогорский,UA0104,Autonomous Republic of Crimea,Автономна Республіка Крим,Автономная Республика Крым,UA01,Ukraine,Україна,Украина,UA,157.5621335,2,7,portrait,34.64257494,44.92127392,81400000,Council,Рада,0120700000,0120783400,UA01040350000026880
Kurska,Курська,Курский,UA0104037,Bilohirskyi,Білогірський,Белогорский,UA0104,Autonomous Republic of Crimea,Автономна Республіка Крим,Автономная Республика Крым,UA01,Ukraine,Україна,Украина,UA,50.64008337,1,2,portrait,34.89987258,45.03792199,81400000,Council,Рада,0120700000,0120783800,UA01040370000093220
Lystvynska,Листвинська,Лиственский,UA0104039,Bilohirskyi,Білогірський,Белогорский,UA0104,Autonomous Republic of Crimea,Автономна Республіка Крим,Автономная Республика Крым,UA01,Ukraine,Україна,Украина,UA,21.78547266,1,3,portrait,34.86713119,45.50993079,81400000,Council,Рада,0120700000,0123182800,UA01040390000094458
Melnychna,Мельнична,Мельничный,UA0104041,Bilohirskyi,Білогірський,Белогорский,UA0104,Autonomous Republic of Crimea,Автономна Республіка Крим,Автономная Республика Крым,UA01,Ukraine,Україна,Украина,UA,90.68660795,1,2,landscape,34.46379762,45.19582555,81400000,Council,Рада,0120700000,0120784200,UA01040410000039649
Mytrofanivska,Митрофанівська,Митрофановский,UA0104043,Bilohirskyi,Білогірський,Белогорский,UA0104,Autonomous Republic of Crimea,Автономна Республіка Крим,Автономная Республика Крым,UA01,Ukraine,Україна,Украина,UA,64.37423056,1,5,portrait,34.67947968,45.44930744,81400000,Council,Рада,0120700000,0123183000,UA01040430000084830
Mykhailivska,Михайлівська,Михайловский,UA0104045,Bilohirskyi,Білогірський,Белогорский,UA0104,Autonomous Republic of Crimea,Автономна Республіка Крим,Автономная Республика Крым,UA01,Ukraine,Україна,Украина,UA,56.8517438,1,3,landscape,34.64315021,45.53564624,81400000,Council,Рада,0120700000,0123183400,UA01040450000033279
Michurinska,Мічурінська,Мичуринский,UA0104047,Bilohirskyi,Білогірський,Белогорский,UA0104,Autonomous Republic of Crimea,Автономна Республіка Крим,Автономная Республика Крым,UA01,Ukraine,Україна,Украина,UA,55.29043002,1,2,landscape,34.67169711,45.08478288,81400000,Council,Рада,0120700000,0120784600,UA01040470000054380
Muromska,Муромська,Муромский,UA0104049,Bilohirskyi,Білогірський,Белогорский,UA0104,Autonomous Republic of Crimea,Автономна Республіка Крим,Автономная Республика Крым,UA01,Ukraine,Україна,Украина,UA,94.66890594,1,5,portrait,34.82753992,45.14758988,81400000,Council,Рада,0120700000,0120785000,UA01040490000050783
Nyzhnohirska,Нижньогірська,Нижнегорский,UA0104051,Bilohirskyi,Білогірський,Белогорский,UA0104,Autonomous Republic of Crimea,Автономна Республіка Крим,Автономная Республика Крым,UA01,Ukraine,Україна,Украина,UA,20.13604372,1,3,landscape,34.72930182,45.47040281,81400000,Council,Рада,0120700000,0123155100,UA01040510000040948
Novohryhorivska,Новогригорівська,Новогригорьевский,UA0104053,Bilohirskyi,Білогірський,Белогорский,UA0104,Autonomous Republic of Crimea,Автономна Республіка Крим,Автономная Республика Крым,UA01,Ukraine,Україна,Украина,UA,78.39942473,1,3,portrait,34.58755393,45.43120771,81400000,Council,Рада,0120700000,0123184600,UA01040530000066139
Novozhylivska,Новожилівська,Новожиловский,UA0104055,Bilohirskyi,Білогірський,Белогорский,UA0104,Autonomous Republic of Crimea,Автономна Республіка Крим,Автономная Республика Крым,UA01,Ukraine,Україна,Украина,UA,150.7787417,1,4,portrait,34.26023607,45.21563856,81400000,Council,Рада,0120700000,0120785800,UA01040550000033125
Omelianivska,Омелянівська,Емельяновский,UA0104057,Bilohirskyi,Білогірський,Белогорский,UA0104,Autonomous Republic of Crimea,Автономна Республіка Крим,Автономная Республика Крым,UA01,Ukraine,Україна,Украина,UA,59.6862228,1,1,landscape,34.95073366,45.52488497,81400000,Council,Рада,0120700000,0123180800,UA01040570000042023
Okhotska,Охотська,Охотский,UA0104059,Bilohirskyi,Білогірський,Белогорский,UA0104,Autonomous Republic of Crimea,Автономна Республіка Крим,Автономная Республика Крым,UA01,Ukraine,Україна,Украина,UA,38.4283447,1,2,landscape,34.88452808,45.46795168,81400000,Council,Рада,0120700000,0123185000,UA01040590000047581
Pshenychnenska,Пшеничненська,Пшеничненский,UA0104061,Bilohirskyi,Білогірський,Белогорский,UA0104,Autonomous Republic of Crimea,Автономна Республіка Крим,Автономная Республика Крым,UA01,Ukraine,Україна,Украина,UA,112.8228133,1,4,landscape,34.87770502,45.65429551,81400000,Council,Рада,0120700000,0123185200,UA01040610000061821
Rusakivska,Русаківська,Русаковский,UA0104063,Bilohirskyi,Білогірський,Белогорский,UA0104,Autonomous Republic of Crimea,Автономна Республіка Крим,Автономная Республика Крым,UA01,Ukraine,Україна,Украина,UA,81.84614454,1,2,portrait,34.48940793,45.10452227,81400000,Council,Рада,0120700000,0120786300,UA01040630000018582
Sadova,Садова,Садовый,UA0104065,Bilohirskyi,Білогірський,Белогорский,UA0104,Autonomous Republic of Crimea,Автономна Республіка Крим,Автономная Республика Крым,UA01,Ukraine,Україна,Украина,UA,57.04565106,1,3,portrait,34.64223513,45.33638602,81400000,Council,Рада,0120700000,0123186100,UA01040650000030704
Uvarivska,Уварівська,Уваровский,UA0104067,Bilohirskyi,Білогірський,Белогорский,UA0104,Autonomous Republic of Crimea,Автономна Республіка Крим,Автономная Республика Крым,UA01,Ukraine,Україна,Украина,UA,46.74477806,1,3,landscape,34.78881723,45.44662918,81400000,Council,Рада,0120700000,0123187200,UA01040670000061265
Tsvitochnenska,Цвіточненська,Цветочненский,UA0104069,Bilohirskyi,Білогірський,Белогорский,UA0104,Autonomous Republic of Crimea,Автономна Республіка Крим,Автономная Республика Крым,UA01,Ukraine,Україна,Украина,UA,94.00944682,1,2,portrait,34.36964705,45.13515897,81400000,Council,Рада,0120700000,0120788400,UA01040690000074143
Chkalovska,Чкаловська,Чкаловский,UA0104071,Bilohirskyi,Білогірський,Белогорский,UA0104,Autonomous Republic of Crimea,Автономна Республіка Крим,Автономная Республика Крым,UA01,Ukraine,Україна,Украина,UA,73.25415965,1,6,landscape,34.85246303,45.59492007,81400000,Council,Рада,0120700000,0123187400,UA01040710000052728
Chornopilska,Чорнопільська,Чернопольский,UA0104073,Bilohirskyi,Білогірський,Белогорский,UA0104,Autonomous Republic of Crimea,Автономна Республіка Крим,Автономная Республика Крым,UA01,Ukraine,Україна,Украина,UA,48.73486788,1,4,landscape,34.67968464,45.0206836,81400000,Council,Рада,0120700000,0120788800,UA01040730000084787
Yakymivska,Якимівська,Акимовский,UA0104075,Bilohirskyi,Білогірський,Белогорский,UA0104,Autonomous Republic of Crimea,Автономна Республіка Крим,Автономная Республика Крым,UA01,Ukraine,Україна,Украина,UA,65.94391981,1,3,portrait,34.79272616,45.51899808,81400000,Council,Рада,0120700000,0123180400,UA01040750000059611
Azovska,Азовська,Азовский,UA0106001,Dzhankoiskyi,Джанкойський,Джанкойский,UA0106,Autonomous Republic of Crimea,Автономна Республіка Крим,Автономная Республика Крым,UA01,Ukraine,Україна,Украина,UA,4.99805224,1,1,landscape,34.57096846,45.58445846,81400000,Council,Рада,0121100000,0121155200,UA01060010000036566
Vilnenska,Вільненська,Вольненский,UA0106003,Dzhankoiskyi,Джанкойський,Джанкойский,UA0106,Autonomous Republic of Crimea,Автономна Республіка Крим,Автономная Республика Крым,UA01,Ukraine,Україна,Украина,UA,10.85595385,1,1,landscape,34.29031706,45.57332923,81400000,Council,Рада,0121100000,0121155400,UA01060030000038531
Dzhankoiska,Джанкойська,Джанкойский,UA0106005,Dzhankoiskyi,Джанкойський,Джанкойский,UA0106,Autonomous Republic of Crimea,Автономна Республіка Крим,Автономная Республика Крым,UA01,Ukraine,Україна,Украина,UA,25.21751971,1,1,landscape,34.39129282,45.70445244,81400000,Council,Рада,0121100000,0110600000,UA01060050000010421
Yermakivska,Єрмаківська,Ермаковский,UA0106007,Dzhankoiskyi,Джанкойський,Джанкойский,UA0106,Autonomous Republic of Crimea,Автономна Республіка Крим,Автономная Республика Крым,UA01,Ukraine,Україна,Украина,UA,94.47863698,5,7,portrait,34.47448021,45.82950874,81400000,Council,Рада,0121100000,0121180600,UA01060070000050618
Zavito-Leninska,Завіто-Ленінська,Завето-Ленинский,UA0106009,Dzhankoiskyi,Джанкойський,Джанкойский,UA0106,Autonomous Republic of Crimea,Автономна Республіка Крим,Автономная Республика Крым,UA01,Ukraine,Україна,Украина,UA,113.0789274,1,6,landscape,34.35649431,45.86823175,81400000,Council,Рада,0121100000,0121180800,UA01060090000040099
Zarichnenska,Зарічненська,Заречненский,UA0106011,Dzhankoiskyi,Джанкойський,Джанкойский,UA0106,Autonomous Republic of Crimea,Автономна Республіка Крим,Автономная Республика Крым,UA01,Ukraine,Україна,Украина,UA,99.41752625,4,7,landscape,34.5310372,45.75736278,81400000,Council,Рада,0121100000,0121181300,UA01060110000056995
Izumrudnivska,Ізумруднівська,Изумрудновский,UA0106013,Dzhankoiskyi,Джанкойський,Джанкойский,UA0106,Autonomous Republic of Crimea,Автономна Республіка Крим,Автономная Республика Крым,UA01,Ukraine,Україна,Украина,UA,56.13621784,4,6,landscape,34.39332551,45.66919933,81400000,Council,Рада,0121100000,0121181500,UA01060130000083087
Kindrativska,Кіндратівська,Кондратьевский,UA0106015,Dzhankoiskyi,Джанкойський,Джанкойский,UA0106,Autonomous Republic of Crimea,Автономна Республіка Крим,Автономная Республика Крым,UA01,Ukraine,Україна,Украина,UA,56.48006996,1,4,portrait,34.4457913,45.59079526,81400000,Council,Рада,0121100000,0121181700,UA01060150000096126
Krymkivska,Кримківська,Крымковский,UA0106017,Dzhankoiskyi,Джанкойський,Джанкойский,UA0106,Autonomous Republic of Crimea,Автономна Республіка Крим,Автономная Республика Крым,UA01,Ukraine,Україна,Украина,UA,52.1723654,1,1,landscape,34.14630194,45.70740111,81400000,Council,Рада,0121100000,0121181800,UA01060170000087883
Lobanivska,Лобанівська,Лобановский,UA0106019,Dzhankoiskyi,Джанкойський,Джанкойский,UA0106,Autonomous Republic of Crimea,Автономна Республіка Крим,Автономная Республика Крым,UA01,Ukraine,Україна,Украина,UA,72.57317516,1,5,landscape,34.24580159,45.75264999,81400000,Council,Рада,0121100000,0121181900,UA01060190000037533
Luhanska,Луганська,Луганский,UA0106021,Dzhankoiskyi,Джанкойський,Джанкойский,UA0106,Autonomous Republic of Crimea,Автономна Республіка Крим,Автономная Республика Крым,UA01,Ukraine,Україна,Украина,UA,64.27649153,1,5,landscape,34.26043283,45.81866902,81400000,Council,Рада,0121100000,0121182300,UA01060210000015881
Maiska,Майська,Майский,UA0106023,Dzhankoiskyi,Джанкойський,Джанкойский,UA0106,Autonomous Republic of Crimea,Автономна Республіка Крим,Автономная Республика Крым,UA01,Ukraine,Україна,Украина,UA,106.2080513,1,5,portrait,34.52510319,45.60902226,81400000,Council,Рада,0121100000,0121182500,UA01060230000090283
Maslivska,Маслівська,Масловский,UA0106025,Dzhankoiskyi,Джанкойський,Джанкойский,UA0106,Autonomous Republic of Crimea,Автономна Республіка Крим,Автономная Республика Крым,UA01,Ukraine,Україна,Украина,UA,69.75238609,1,3,portrait,34.3696006,45.79091174,81400000,Council,Рада,0121100000,0121182900,UA01060250000010093
Medvedivska,Медведівська,Медведевский,UA0106027,Dzhankoiskyi,Джанкойський,Джанкойский,UA0106,Autonomous Republic of Crimea,Автономна Республіка Крим,Автономная Республика Крым,UA01,Ukraine,Україна,Украина,UA,75.97559896,3,3,portrait,34.55987463,45.88777187,81400000,Council,Рада,0121100000,0121183400,UA01060270000057570
Myrnivska,Мирнівська,Мирновский,UA0106029,Dzhankoiskyi,Джанкойський,Джанкойский,UA0106,Autonomous Republic of Crimea,Автономна Республіка Крим,Автономная Республика Крым,UA01,Ukraine,Україна,Украина,UA,53.31907764,1,5,portrait,34.32367345,45.6607571,81400000,Council,Рада,0121100000,0121183600,UA01060290000012729
Novokrymska,Новокримська,Новокрымский,UA0106031,Dzhankoiskyi,Джанкойський,Джанкойский,UA0106,Autonomous Republic of Crimea,Автономна Республіка Крим,Автономная Республика Крым,UA01,Ukraine,Україна,Украина,UA,80.58497915,1,3,portrait,34.13504698,45.80773747,81400000,Council,Рада,0121100000,0121183800,UA01060310000070223
Pakharivska,Пахарівська,Пахаревский,UA0106033,Dzhankoiskyi,Джанкойський,Джанкойский,UA0106,Autonomous Republic of Crimea,Автономна Республіка Крим,Автономная Республика Крым,UA01,Ukraine,Україна,Украина,UA,37.91987066,1,2,portrait,34.17716217,45.8655348,81400000,Council,Рада,0121100000,0121184000,UA01060330000093805
Pobiednenska,Побєдненська,Победненский,UA0106035,Dzhankoiskyi,Джанкойський,Джанкойский,UA0106,Autonomous Republic of Crimea,Автономна Республіка Крим,Автономная Республика Крым,UA01,Ukraine,Україна,Украина,UA,58.97185117,1,3,portrait,34.47828999,45.68474745,81400000,Council,Рада,0121100000,0121184100,UA01060350000056233
Prostornenska,Просторненська,Просторненский,UA0106037,Dzhankoiskyi,Джанкойський,Джанкойский,UA0106,Autonomous Republic of Crimea,Автономна Республіка Крим,Автономная Республика Крым,UA01,Ukraine,Україна,Украина,UA,114.2028545,10,7,portrait,34.69481686,45.66754963,81400000,Council,Рада,0121100000,0121184200,UA01060370000043403
Rozkishnenska,Розкішненська,Роскошненский,UA0106039,Dzhankoiskyi,Джанкойський,Джанкойский,UA0106,Autonomous Republic of Crimea,Автономна Республіка Крим,Автономная Республика Крым,UA01,Ukraine,Україна,Украина,UA,62.34146646,1,2,landscape,34.13221198,45.64933912,81400000,Council,Рада,0121100000,0121185500,UA01060390000046603
Roshchynska,Рощинська,Рощинский,UA0106041,Dzhankoiskyi,Джанкойський,Джанкойский,UA0106,Autonomous Republic of Crimea,Автономна Республіка Крим,Автономная Республика Крым,UA01,Ukraine,Україна,Украина,UA,62.68928204,1,5,portrait,34.36608343,45.57439411,81400000,Council,Рада,0121100000,0121185600,UA01060410000094479
Svitlivska,Світлівська,Светловский,UA0106043,Dzhankoiskyi,Джанкойський,Джанкойский,UA0106,Autonomous Republic of Crimea,Автономна Республіка Крим,Автономная Республика Крым,UA01,Ukraine,Україна,Украина,UA,83.94601412,2,2,landscape,34.78067112,45.65872364,81400000,Council,Рада,0121100000,0121185800,UA01060430000047350
Stalnenska,Стальненська,Стальненский,UA0106045,Dzhankoiskyi,Джанкойський,Джанкойский,UA0106,Autonomous Republic of Crimea,Автономна Республіка Крим,Автономная Республика Крым,UA01,Ukraine,Україна,Украина,UA,150.2837645,6,8,portrait,34.70631442,45.77922921,81400000,Council,Рада,0121100000,0121186000,UA01060450000039619
Tabachnenska,Табачненська,Табачненский,UA0106047,Dzhankoiskyi,Джанкойський,Джанкойский,UA0106,Autonomous Republic of Crimea,Автономна Республіка Крим,Автономная Республика Крым,UA01,Ukraine,Україна,Украина,UA,51.26882647,1,4,landscape,34.60329359,45.60747498,81400000,Council,Рада,0121100000,0121186200,UA01060470000074569
Tsilynna,Цілинна,Целинный,UA0106049,Dzhankoiskyi,Джанкойський,Джанкойский,UA0106,Autonomous Republic of Crimea,Автономна Республіка Крим,Автономная Республика Крым,UA01,Ukraine,Україна,Украина,UA,208.7454053,40,3,portrait,34.21613625,45.91408258,81400000,Council,Рада,0121100000,0121187200,UA01060490000025706
Chaikynska,Чайкинська,Чайкинский,UA0106051,Dzhankoiskyi,Джанкойський,Джанкойский,UA0106,Autonomous Republic of Crimea,Автономна Республіка Крим,Автономная Республика Крым,UA01,Ukraine,Україна,Украина,UA,55.36956786,3,2,portrait,34.63487475,45.82377413,81400000,Council,Рада,0121100000,0121187500,UA01060510000014745
Yarkivska,Ярківська,Ярковский,UA0106053,Dzhankoiskyi,Джанкойський,Джанкойский,UA0106,Autonomous Republic of Crimea,Автономна Республіка Крим,Автономная Республика Крым,UA01,Ukraine,Україна,Украина,UA,68.57333689,1,2,portrait,34.25388277,45.67344223,81400000,Council,Рада,0121100000,0121188200,UA01060530000083757
Yarkopolenska,Яркополенська,Яркополенский,UA0106055,Dzhankoiskyi,Джанкойський,Джанкойский,UA0106,Autonomous Republic of Crimea,Автономна Республіка Крим,Автономная Республика Крым,UA01,Ukraine,Україна,Украина,UA,49.3863587,1,8,portrait,34.31724911,45.611884,81400000,Council,Рада,0121100000,0121188400,UA01060550000035996
Yasnopolianska,Яснополянська,Яснополянский,UA0106057,Dzhankoiskyi,Джанкойський,Джанкойский,UA0106,Autonomous Republic of Crimea,Автономна Республіка Крим,Автономная Республика Крым,UA01,Ukraine,Україна,Украина,UA,134.7395569,30,3,landscape,34.33416692,45.95084682,81400000,Council,Рада,0121100000,0121188600,UA01060570000054277
Veresaievska,Вересаєвська,Вересаевский,UA0108001,Yevpatoriiskyi,Євпаторійський,Евпаторийский,UA0108,Autonomous Republic of Crimea,Автономна Республіка Крим,Автономная Республика Крым,UA01,Ukraine,Україна,Украина,UA,52.08973452,1,2,portrait,33.52176989,45.31907794,81400000,Council,Рада,new,0124380400,UA01080010000041994
Veselivska,Веселівська,Веселовский,UA0108003,Yevpatoriiskyi,Євпаторійський,Евпаторийский,UA0108,Autonomous Republic of Crimea,Автономна Республіка Крим,Автономная Республика Крым,UA01,Ukraine,Україна,Украина,UA,165.9324101,1,4,landscape,33.25169605,45.41387425,81400000,Council,Рада,new,0124380600,UA01080030000045727
Vynohradivska,Виноградівська,Виноградовский,UA0108005,Yevpatoriiskyi,Євпаторійський,Евпаторийский,UA0108,Autonomous Republic of Crimea,Автономна Республіка Крим,Автономная Республика Крым,UA01,Ukraine,Україна,Украина,UA,62.69671546,1,2,portrait,33.64904006,45.40478517,81400000,Council,Рада,new,0124380800,UA01080050000096676
Vorobiovska,Воробйовська,Воробьевский,UA0108007,Yevpatoriiskyi,Євпаторійський,Евпаторийский,UA0108,Autonomous Republic of Crimea,Автономна Республіка Крим,Автономная Республика Крым,UA01,Ukraine,Україна,Украина,UA,69.19996772,1,4,portrait,33.20740087,45.31470025,81400000,Council,Рада,new,0124381300,UA01080070000098272
Heroiska,Геройська,Геройский,UA0108009,Yevpatoriiskyi,Євпаторійський,Евпаторийский,UA0108,Autonomous Republic of Crimea,Автономна Республіка Крим,Автономная Республика Крым,UA01,Ukraine,Україна,Украина,UA,51.09133103,1,2,landscape,33.77473551,45.12974364,81400000,Council,Рада,new,0124381600,UA01080090000042257
Dalekivska,Далеківська,Далековский,UA0108011,Yevpatoriiskyi,Євпаторійський,Евпаторийский,UA0108,Autonomous Republic of Crimea,Автономна Республіка Крим,Автономная Республика Крым,UA01,Ukraine,Україна,Украина,UA,147.1009603,1,5,landscape,33.06182269,45.65666777,81400000,Council,Рада,new,0125681100,UA01080110000026158
Dobrushynska,Добрушинська,Добрушинский,UA0108013,Yevpatoriiskyi,Євпаторійський,Евпаторийский,UA0108,Autonomous Republic of Crimea,Автономна Республіка Крим,Автономная Республика Крым,UA01,Ukraine,Україна,Украина,UA,141.5396321,2,5,portrait,33.38883753,45.45036589,81400000,Council,Рада,new,0124381800,UA01080130000045712
Yevpatoriiska,Євпаторійська,Евпаторийский,UA0108015,Yevpatoriiskyi,Євпаторійський,Евпаторийский,UA0108,Autonomous Republic of Crimea,Автономна Республіка Крим,Автономная Республика Крым,UA01,Ukraine,Україна,Украина,UA,42.75392346,1,1,landscape,33.35037138,45.20334971,81400000,Council,Рада,new,0110900000,UA01080150000090077
Zaozernenska,Заозерненська,Заозерненский,UA0108017,Yevpatoriiskyi,Євпаторійський,Евпаторийский,UA0108,Autonomous Republic of Crimea,Автономна Республіка Крим,Автономная Республика Крым,UA01,Ukraine,Україна,Украина,UA,8.54920502,1,1,portrait,33.27407628,45.15570686,81400000,Council,Рада,new,0110945300,UA01080170000067481
Zernivska,Зернівська,Зерновский,UA0108019,Yevpatoriiskyi,Євпаторійський,Евпаторийский,UA0108,Autonomous Republic of Crimea,Автономна Республіка Крим,Автономная Республика Крым,UA01,Ukraine,Україна,Украина,UA,88.33539846,1,2,portrait,33.8579169,45.2730799,81400000,Council,Рада,new,0124382000,UA01080190000077346
Ivanivska,Іванівська,Ивановский,UA0108021,Yevpatoriiskyi,Євпаторійський,Евпаторийский,UA0108,Autonomous Republic of Crimea,Автономна Республіка Крим,Автономная Республика Крым,UA01,Ukraine,Україна,Украина,UA,69.31779658,1,2,landscape,33.6916805,45.06164176,81400000,Council,Рада,new,0124382200,UA01080210000085553
Kirovska,Кіровська,Кировский,UA0108023,Yevpatoriiskyi,Євпаторійський,Евпаторийский,UA0108,Autonomous Republic of Crimea,Автономна Республіка Крим,Автономная Республика Крым,UA01,Ukraine,Україна,Украина,UA,187.6657055,1,4,portrait,33.08813741,45.5395237,81400000,Council,Рада,new,0125682200,UA01080230000099101
Koltsovska,Кольцовська,Кольцовский,UA0108025,Yevpatoriiskyi,Євпаторійський,Евпаторийский,UA0108,Autonomous Republic of Crimea,Автономна Республіка Крим,Автономная Республика Крым,UA01,Ukraine,Україна,Украина,UA,74.61711304,1,3,portrait,33.43896563,45.33312503,81400000,Council,Рада,new,0124382600,UA01080250000089512
Krainenska,Крайненська,Крайненский,UA0108027,Yevpatoriiskyi,Євпаторійський,Евпаторийский,UA0108,Autonomous Republic of Crimea,Автономна Республіка Крим,Автономная Республика Крым,UA01,Ukraine,Україна,Украина,UA,113.7155182,1,3,landscape,33.77654926,45.24024385,81400000,Council,Рада,new,0124383000,UA01080270000041617
Krasnopolianska,Краснополянська,Краснополянский,UA0108029,Yevpatoriiskyi,Євпаторійський,Евпаторийский,UA0108,Autonomous Republic of Crimea,Автономна Республіка Крим,Автономная Республика Крым,UA01,Ukraine,Україна,Украина,UA,108.2791073,1,3,landscape,32.91659468,45.47589611,81400000,Council,Рада,new,0125683300,UA01080290000094502
Krasnoiarska,Красноярська,Красноярский,UA0108031,Yevpatoriiskyi,Євпаторійський,Евпаторийский,UA0108,Autonomous Republic of Crimea,Автономна Республіка Крим,Автономная Республика Крым,UA01,Ukraine,Україна,Украина,UA,84.4432065,1,2,landscape,33.27302722,45.50728216,81400000,Council,Рада,new,0125683500,UA01080310000030238
Krymska,Кримська,Крымский,UA0108033,Yevpatoriiskyi,Євпаторійський,Евпаторийский,UA0108,Autonomous Republic of Crimea,Автономна Республіка Крим,Автономная Республика Крым,UA01,Ukraine,Україна,Украина,UA,105.0680391,1,4,landscape,33.85959684,45.14640449,81400000,Council,Рада,new,0124383400,UA01080330000045383
Lisnivska,Ліснівська,Лесновский,UA0108035,Yevpatoriiskyi,Євпаторійський,Евпаторийский,UA0108,Autonomous Republic of Crimea,Автономна Республіка Крим,Автономная Республика Крым,UA01,Ukraine,Україна,Украина,UA,129.0989647,1,5,landscape,33.56735206,45.18017293,81400000,Council,Рада,new,0124383900,UA01080350000063181
Medvedivska,Медведівська,Медведевский,UA0108037,Yevpatoriiskyi,Євпаторійський,Евпаторийский,UA0108,Autonomous Republic of Crimea,Автономна Республіка Крим,Автономная Республика Крым,UA01,Ukraine,Україна,Украина,UA,126.76303,1,2,landscape,32.98856695,45.37872594,81400000,Council,Рада,new,0125684400,UA01080370000027490
Myrnivska,Мирнівська,Мирновский,UA0108039,Yevpatoriiskyi,Євпаторійський,Евпаторийский,UA0108,Autonomous Republic of Crimea,Автономна Республіка Крим,Автономная Республика Крым,UA01,Ukraine,Україна,Украина,UA,1.01611723,2,1,landscape,33.03465113,45.30658073,81400000,Council,Рада,new,0110945600,UA01080390000062037
Mytiaivska,Митяївська,Митяевский,UA0108041,Yevpatoriiskyi,Євпаторійський,Евпаторийский,UA0108,Autonomous Republic of Crimea,Автономна Республіка Крим,Автономная Республика Крым,UA01,Ukraine,Україна,Украина,UA,88.37106834,1,5,landscape,33.66950847,45.23934349,81400000,Council,Рада,new,0124384400,UA01080410000097623
Mizhvodnenska,Міжводненська,Межводненский,UA0108043,Yevpatoriiskyi,Євпаторійський,Евпаторийский,UA0108,Autonomous Republic of Crimea,Автономна Республіка Крим,Автономная Республика Крым,UA01,Ukraine,Україна,Украина,UA,179.5363476,1,5,portrait,32.92333836,45.57558559,81400000,Council,Рада,new,0125684800,UA01080430000040534
Molochnenska,Молочненська,Молочненский,UA0108045,Yevpatoriiskyi,Євпаторійський,Евпаторийский,UA0108,Autonomous Republic of Crimea,Автономна Республіка Крим,Автономная Республика Крым,UA01,Ukraine,Україна,Украина,UA,76.7117589,1,3,landscape,33.20616824,45.21546001,81400000,Council,Рада,new,0124384700,UA01080450000078177
Novoivanivska,Новоіванівська,Новоивановский,UA0108047,Yevpatoriiskyi,Євпаторійський,Евпаторийский,UA0108,Autonomous Republic of Crimea,Автономна Республіка Крим,Автономная Республика Крым,UA01,Ukraine,Україна,Украина,UA,150.6014078,1,2,portrait,33.09152782,45.43484575,81400000,Council,Рада,new,0125685600,UA01080470000052776
Novoozernivska,Новоозернівська,Новоозерновский,UA0108049,Yevpatoriiskyi,Євпаторійський,Евпаторийский,UA0108,Autonomous Republic of Crimea,Автономна Республіка Крим,Автономная Республика Крым,UA01,Ukraine,Україна,Украина,UA,6.35657652,1,1,portrait,33.13870767,45.39420115,81400000,Council,Рада,new,0110945800,UA01080490000088705
Novosilska,Новосільська,Новосельский,UA0108051,Yevpatoriiskyi,Євпаторійський,Евпаторийский,UA0108,Autonomous Republic of Crimea,Автономна Республіка Крим,Автономная Республика Крым,UA01,Ukraine,Україна,Украина,UA,150.4011293,1,2,portrait,32.78823159,45.48685176,81400000,Council,Рада,new,0125686000,UA01080510000081703
Novofedorivska,Новофедорівська,Новофедоровский,UA0108053,Yevpatoriiskyi,Євпаторійський,Евпаторийский,UA0108,Autonomous Republic of Crimea,Автономна Республіка Крим,Автономная Республика Крым,UA01,Ukraine,Україна,Украина,UA,3.28579509,1,1,landscape,33.57387483,45.0922266,81400000,Council,Рада,new,0124355500,UA01080530000095517
Okunivska,Окунівська,Окуневский,UA0108055,Yevpatoriiskyi,Євпаторійський,Евпаторийский,UA0108,Autonomous Republic of Crimea,Автономна Республіка Крим,Автономная Республика Крым,UA01,Ukraine,Україна,Украина,UA,150.3724437,1,5,landscape,32.72226092,45.40129762,81400000,Council,Рада,new,0125687300,UA01080550000082915
Olenivska,Оленівська,Оленевский,UA0108057,Yevpatoriiskyi,Євпаторійський,Евпаторийский,UA0108,Autonomous Republic of Crimea,Автономна Республіка Крим,Автономная Республика Крым,UA01,Ukraine,Україна,Украина,UA,216.211758,1,3,portrait,32.58401116,45.40047304,81400000,Council,Рада,new,0125687800,UA01080570000060174
Orikhivska,Оріхівська,Ореховский,UA0108059,Yevpatoriiskyi,Євпаторійський,Евпаторийский,UA0108,Autonomous Republic of Crimea,Автономна Республіка Крим,Автономная Республика Крым,UA01,Ukraine,Україна,Украина,UA,81.78493114,1,4,landscape,33.67068778,45.11762532,81400000,Council,Рада,new,0124385200,UA01080590000030182
Okhotnykivska,Охотниківська,Охотниковский,UA0108061,Yevpatoriiskyi,Євпаторійський,Евпаторийский,UA0108,Autonomous Republic of Crimea,Автономна Республіка Крим,Автономная Республика Крым,UA01,Ukraine,Україна,Украина,UA,91.29365033,1,6,portrait,33.61014593,45.31401673,81400000,Council,Рада,new,0124385600,UA01080610000042551
Romashkinska,Ромашкінська,Ромашкинский,UA0108063,Yevpatoriiskyi,Євпаторійський,Евпаторийский,UA0108,Autonomous Republic of Crimea,Автономна Республіка Крим,Автономная Республика Крым,UA01,Ukraine,Україна,Украина,UA,62.04335978,1,2,portrait,33.27239288,45.27028365,81400000,Council,Рада,new,0124386000,UA01080630000050017
Sakska,Сакська,Сакский,UA0108065,Yevpatoriiskyi,Євпаторійський,Евпаторийский,UA0108,Autonomous Republic of Crimea,Автономна Республіка Крим,Автономная Республика Крым,UA01,Ukraine,Україна,Украина,UA,28.33411837,1,1,landscape,33.54808674,45.12680724,81400000,Council,Рада,new,0111400000,UA01080650000098466
Syzivska,Сизівська,Сизовский,UA0108067,Yevpatoriiskyi,Євпаторійський,Евпаторийский,UA0108,Autonomous Republic of Crimea,Автономна Республіка Крим,Автономная Республика Крым,UA01,Ukraine,Україна,Украина,UA,251.0946434,1,4,portrait,33.7554463,45.36083849,81400000,Council,Рада,new,0124386500,UA01080670000081722
Stovpivska,Стовпівська,Столбовский,UA0108069,Yevpatoriiskyi,Євпаторійський,Евпаторийский,UA0108,Autonomous Republic of Crimea,Автономна Республіка Крим,Автономная Республика Крым,UA01,Ukraine,Україна,Украина,UA,99.65878385,1,2,landscape,33.52054914,45.3903393,81400000,Council,Рада,new,0124386800,UA01080690000089219
Suvorovska,Суворовська,Суворовский,UA0108071,Yevpatoriiskyi,Євпаторійський,Евпаторийский,UA0108,Autonomous Republic of Crimea,Автономна Республіка Крим,Автономная Республика Крым,UA01,Ukraine,Україна,Украина,UA,159.3442101,1,7,landscape,33.44547535,45.2601483,81400000,Council,Рада,new,0124387000,UA01080710000034293
Uiutnenska,Уютненська,Уютненский,UA0108073,Yevpatoriiskyi,Євпаторійський,Евпаторийский,UA0108,Autonomous Republic of Crimea,Автономна Республіка Крим,Автономная Республика Крым,UA01,Ukraine,Україна,Украина,UA,48.06632805,1,1,portrait,33.28638094,45.2051681,81400000,Council,Рада,new,0124387700,UA01080730000098259
Frunzenska,Фрунзенська,Фрунзенский,UA0108075,Yevpatoriiskyi,Євпаторійський,Евпаторийский,UA0108,Autonomous Republic of Crimea,Автономна Республіка Крим,Автономная Республика Крым,UA01,Ukraine,Україна,Украина,UA,46.83456411,1,1,landscape,33.63647134,45.01902087,81400000,Council,Рада,new,0124388000,UA01080750000013468
Chornomorska,Чорноморська,Черноморский,UA0108077,Yevpatoriiskyi,Євпаторійський,Евпаторийский,UA0108,Autonomous Republic of Crimea,Автономна Республіка Крим,Автономная Республика Крым,UA01,Ukraine,Україна,Украина,UA,12.26535862,1,1,landscape,32.70466789,45.5018583,81400000,Council,Рада,new,0125655100,UA01080770000058252
Shtormivska,Штормівська,Штормовский,UA0108079,Yevpatoriiskyi,Євпаторійський,Евпаторийский,UA0108,Autonomous Republic of Crimea,Автономна Республіка Крим,Автономная Республика Крым,UA01,Ukraine,Україна,Украина,UA,138.3028317,1,5,landscape,33.10192671,45.30842257,81400000,Council,Рада,new,0124388800,UA01080790000011419
Baherivska,Багерівська,Багеровский,UA0110001,Kerchynskyi,Керченський,Керченский,UA0110,Autonomous Republic of Crimea,Автономна Республіка Крим,Автономная Республика Крым,UA01,Ukraine,Україна,Украина,UA,226.4671298,1,2,portrait,36.26644863,45.43057082,81400000,Council,Рада,new,0122755300,UA01100010000022797
Batalnenska,Батальненська,Батальненский,UA0110003,Kerchynskyi,Керченський,Керченский,UA0110,Autonomous Republic of Crimea,Автономна Республіка Крим,Автономная Республика Крым,UA01,Ukraine,Україна,Украина,UA,201.4736783,1,3,landscape,35.6075193,45.15948915,81400000,Council,Рада,new,0122780800,UA01100030000048819
Bielinska,Бєлінська,Белинский,UA0110005,Kerchynskyi,Керченський,Керченский,UA0110,Autonomous Republic of Crimea,Автономна Республіка Крим,Автономная Республика Крым,UA01,Ukraine,Україна,Украина,UA,71.78535029,1,6,portrait,36.08579899,45.37487686,81400000,Council,Рада,new,0122781200,UA01100050000032249
Vynohradnenska,Виноградненська,Виноградненский,UA0110007,Kerchynskyi,Керченський,Керченский,UA0110,Autonomous Republic of Crimea,Автономна Республіка Крим,Автономная Республика Крым,UA01,Ukraine,Україна,Украина,UA,73.44593065,1,2,portrait,35.85968942,45.29979535,81400000,Council,Рада,new,0122781300,UA01100070000027051
Voikovska,Войковська,Войковский,UA0110009,Kerchynskyi,Керченський,Керченский,UA0110,Autonomous Republic of Crimea,Автономна Республіка Крим,Автономная Республика Крым,UA01,Ukraine,Україна,Украина,UA,97.89577743,1,4,landscape,36.46400491,45.41840327,81400000,Council,Рада,new,0122781600,UA01100090000034261
Hlazivska,Глазівська,Глазовский,UA0110011,Kerchynskyi,Керченський,Керченский,UA0110,Autonomous Republic of Crimea,Автономна Республіка Крим,Автономная Республика Крым,UA01,Ukraine,Україна,Украина,UA,40.15116287,1,3,portrait,36.57741893,45.39482028,81400000,Council,Рада,new,0122782000,UA01100110000093635
Hornostaivska,Горностаївська,Горностаевский,UA0110013,Kerchynskyi,Керченський,Керченский,UA0110,Autonomous Republic of Crimea,Автономна Республіка Крим,Автономная Республика Крым,UA01,Ukraine,Україна,Украина,UA,115.1545537,1,1,landscape,36.21623246,45.22425889,81400000,Council,Рада,new,0122782400,UA01100130000078291
Zavitnenska,Завітненська,Заветненский,UA0110015,Kerchynskyi,Керченський,Керченский,UA0110,Autonomous Republic of Crimea,Автономна Республіка Крим,Автономная Республика Крым,UA01,Ukraine,Україна,Украина,UA,116.2604445,1,4,portrait,36.35244951,45.10360812,81400000,Council,Рада,new,0122782800,UA01100150000050037
Illichivska,Іллічівська,Ильичовский,UA0110017,Kerchynskyi,Керченський,Керченский,UA0110,Autonomous Republic of Crimea,Автономна Республіка Крим,Автономная Республика Крым,UA01,Ukraine,Україна,Украина,UA,38.58054725,1,1,portrait,35.73685478,45.26984229,81400000,Council,Рада,new,0122783200,UA01100170000080650
Kalynivska,Калинівська,Калиновский,UA0110019,Kerchynskyi,Керченський,Керченский,UA0110,Autonomous Republic of Crimea,Автономна Республіка Крим,Автономная Республика Крым,UA01,Ukraine,Україна,Украина,UA,61.36849851,1,1,landscape,35.73864524,45.32194057,81400000,Council,Рада,new,0122783600,UA01100190000015603
Kerchenska,Керченська,Керченский,UA0110021,Kerchynskyi,Керченський,Керченский,UA0110,Autonomous Republic of Crimea,Автономна Республіка Крим,Автономная Республика Крым,UA01,Ukraine,Україна,Украина,UA,109.2944345,3,1,portrait,36.44515142,45.32089537,81400000,Council,Рада,new,0111200000,UA01100210000043998
Kirovska,Кіровська,Кировский,UA0110023,Kerchynskyi,Керченський,Керченский,UA0110,Autonomous Republic of Crimea,Автономна Республіка Крим,Автономная Республика Крым,UA01,Ukraine,Україна,Украина,UA,319.3214441,1,3,portrait,35.94721334,45.11858731,81400000,Council,Рада,new,0122783700,UA01100230000026110
Krasnohirska,Красногірська,Красногорский,UA0110025,Kerchynskyi,Керченський,Керченский,UA0110,Autonomous Republic of Crimea,Автономна Республіка Крим,Автономная Республика Крым,UA01,Ukraine,Україна,Украина,UA,60.68495448,1,2,portrait,35.80364708,45.2460547,81400000,Council,Рада,new,0122783900,UA01100250000014231
Leninska,Ленінська,Ленинский,UA0110027,Kerchynskyi,Керченський,Керченский,UA0110,Autonomous Republic of Crimea,Автономна Республіка Крим,Автономная Республика Крым,UA01,Ukraine,Україна,Украина,UA,7.7774314,1,1,portrait,35.79055015,45.29921744,81400000,Council,Рада,new,0122755100,UA01100270000099943
Leninska,Ленінська,Ленинский,UA0110029,Kerchynskyi,Керченський,Керченский,UA0110,Autonomous Republic of Crimea,Автономна Республіка Крим,Автономная Республика Крым,UA01,Ukraine,Україна,Украина,UA,163.8990071,1,2,landscape,35.95622045,45.22829393,81400000,Council,Рада,new,0122784600,UA01100290000081734
Luhivska,Лугівська,Луговский,UA0110031,Kerchynskyi,Керченський,Керченский,UA0110,Autonomous Republic of Crimea,Автономна Республіка Крим,Автономная Республика Крым,UA01,Ukraine,Україна,Украина,UA,115.3657461,2,2,portrait,35.7106118,45.20229345,81400000,Council,Рада,new,0122784800,UA01100310000012013
Marivska,Мар'ївська,Марьевский,UA0110033,Kerchynskyi,Керченський,Керченский,UA0110,Autonomous Republic of Crimea,Автономна Республіка Крим,Автономная Республика Крым,UA01,Ukraine,Україна,Украина,UA,211.0571375,1,4,portrait,36.20740874,45.11060092,81400000,Council,Рада,new,0122785400,UA01100330000092816
Marfivska,Марфівська,Марфовский,UA0110035,Kerchynskyi,Керченський,Керченский,UA0110,Autonomous Republic of Crimea,Автономна Республіка Крим,Автономная Республика Крым,UA01,Ukraine,Україна,Украина,UA,184.5331457,1,3,portrait,36.09487131,45.20544302,81400000,Council,Рада,new,0122785100,UA01100350000026967
Mysivska,Мисівська,Мысовский,UA0110037,Kerchynskyi,Керченський,Керченский,UA0110,Autonomous Republic of Crimea,Автономна Республіка Крим,Автономная Республика Крым,UA01,Ukraine,Україна,Украина,UA,28.99049256,2,4,portrait,35.84578103,45.46196252,81400000,Council,Рада,new,0122785800,UA01100370000049378
Novomykolaivska,Новомиколаївська,Новониколаевский,UA0110039,Kerchynskyi,Керченський,Керченский,UA0110,Autonomous Republic of Crimea,Автономна Республіка Крим,Автономная Республика Крым,UA01,Ukraine,Україна,Украина,UA,62.9816063,1,1,landscape,36.05378385,45.31163393,81400000,Council,Рада,new,0122786100,UA01100390000084753
Oktiabrska,Октябрська,Октябрьский,UA0110041,Kerchynskyi,Керченський,Керченский,UA0110,Autonomous Republic of Crimea,Автономна Республіка Крим,Автономная Республика Крым,UA01,Ukraine,Україна,Украина,UA,83.60494366,1,1,portrait,36.37499299,45.329195,81400000,Council,Рада,new,0122786200,UA01100410000053805
Ostaninska,Останінська,Останинский,UA0110043,Kerchynskyi,Керченський,Керченский,UA0110,Autonomous Republic of Crimea,Автономна Республіка Крим,Автономная Республика Крым,UA01,Ukraine,Україна,Украина,UA,90.05088753,1,3,portrait,35.95805591,45.33325698,81400000,Council,Рада,new,0122780400,UA01100430000049599
Pryozernivska,Приозернівська,Приозерновский,UA0110045,Kerchynskyi,Керченський,Керченский,UA0110,Autonomous Republic of Crimea,Автономна Республіка Крим,Автономная Республика Крым,UA01,Ukraine,Україна,Украина,UA,67.04583449,1,1,portrait,36.31809758,45.25431716,81400000,Council,Рада,new,0122786400,UA01100450000022147
Semysotska,Семисотська,Семисотский,UA0110047,Kerchynskyi,Керченський,Керченский,UA0110,Autonomous Republic of Crimea,Автономна Республіка Крим,Автономная Республика Крым,UA01,Ukraine,Україна,Украина,UA,197.7561483,6,6,landscape,35.53376955,45.25195588,81400000,Council,Рада,new,0122787500,UA01100470000038508
Uvarivska,Уварівська,Уваровский,UA0110049,Kerchynskyi,Керченський,Керченский,UA0110,Autonomous Republic of Crimea,Автономна Республіка Крим,Автономная Республика Крым,UA01,Ukraine,Україна,Украина,UA,45.5953261,1,1,landscape,35.67242903,45.26370503,81400000,Council,Рада,new,0122788000,UA01100490000049777
Cheliadinivska,Челядінівська,Челядиновский,UA0110051,Kerchynskyi,Керченський,Керченский,UA0110,Autonomous Republic of Crimea,Автономна Республіка Крим,Автономная Республика Крым,UA01,Ukraine,Україна,Украина,UA,81.26260855,1,2,landscape,36.33932737,45.19622285,81400000,Council,Рада,new,0122788400,UA01100510000028045
Chystopilska,Чистопільська,Чистопольский,UA0110053,Kerchynskyi,Керченський,Керченский,UA0110,Autonomous Republic of Crimea,Автономна Республіка Крим,Автономная Республика Крым,UA01,Ukraine,Україна,Украина,UA,104.2664509,1,4,landscape,36.17287657,45.33844074,81400000,Council,Рада,new,0122788600,UA01100530000065789
Shcholkinska,Щолкінська,Щелкинский,UA0110055,Kerchynskyi,Керченський,Керченский,UA0110,Autonomous Republic of Crimea,Автономна Республіка Крим,Автономная Республика Крым,UA01,Ukraine,Україна,Украина,UA,49.58884731,1,1,portrait,35.83284001,45.39612748,81400000,Council,Рада,new,0122710500,UA01100550000039383
Abrykosivska,Абрикосівська,Абрикосовский,UA0112001,Krasnohvardiiskyi,Красногвардійський,Красногвардейский,UA0112,Autonomous Republic of Crimea,Автономна Республіка Крим,Автономная Республика Крым,UA01,Ukraine,Україна,Украина,UA,31.95105483,1,1,portrait,34.07434763,45.68956989,81400000,Council,Рада,new,0123580200,UA01120010000079122
Amurska,Амурська,Амурский,UA0112003,Krasnohvardiiskyi,Красногвардійський,Красногвардейский,UA0112,Autonomous Republic of Crimea,Автономна Республіка Крим,Автономная Республика Крым,UA01,Ukraine,Україна,Украина,UA,89.83836584,1,6,portrait,34.14798214,45.25503306,81400000,Council,Рада,new,0122080600,UA01120030000034644
Voikovska,Войковська,Войковский,UA0112005,Krasnohvardiiskyi,Красногвардійський,Красногвардейский,UA0112,Autonomous Republic of Crimea,Автономна Республіка Крим,Автономная Республика Крым,UA01,Ukraine,Україна,Украина,UA,111.3176852,1,3,portrait,33.87384436,45.51141772,81400000,Council,Рада,new,0123580400,UA01120050000065266
Voskhodnenska,Восходненська,Восходненский,UA0112007,Krasnohvardiiskyi,Красногвардійський,Красногвардейский,UA0112,Autonomous Republic of Crimea,Автономна Республіка Крим,Автономная Республика Крым,UA01,Ukraine,Україна,Украина,UA,141.4768766,1,10,landscape,34.41759473,45.51017679,81400000,Council,Рада,new,0122080800,UA01120070000057928
Hvardiiska,Гвардійська,Гвардейский,UA0112009,Krasnohvardiiskyi,Красногвардійський,Красногвардейский,UA0112,Autonomous Republic of Crimea,Автономна Республіка Крим,Автономная Республика Крым,UA01,Ukraine,Україна,Украина,UA,84.09835904,1,3,landscape,34.01864697,45.56960353,81400000,Council,Рада,new,0123580800,UA01120090000095623
Hryshynska,Гришинська,Гришинский,UA0112011,Krasnohvardiiskyi,Красногвардійський,Красногвардейский,UA0112,Autonomous Republic of Crimea,Автономна Республіка Крим,Автономная Республика Крым,UA01,Ukraine,Україна,Украина,UA,85.35977117,1,3,landscape,33.88253989,45.64389142,81400000,Council,Рада,new,0123581300,UA01120110000033787
Zernivska,Зернівська,Зерновский,UA0112013,Krasnohvardiiskyi,Красногвардійський,Красногвардейский,UA0112,Autonomous Republic of Crimea,Автономна Республіка Крим,Автономная Республика Крым,UA01,Ukraine,Україна,Украина,UA,123.3996012,1,2,landscape,34.49295349,45.34718424,81400000,Council,Рада,new,0122081000,UA01120130000039652
Kalininska,Калінінська,Калининский,UA0112015,Krasnohvardiiskyi,Красногвардійський,Красногвардейский,UA0112,Autonomous Republic of Crimea,Автономна Республіка Крим,Автономная Республика Крым,UA01,Ukraine,Україна,Украина,UA,65.97060884,1,4,landscape,34.21850494,45.58869522,81400000,Council,Рада,new,0122081400,UA01120150000036675
Kalininska,Калінінська,Калининский,UA0112017,Krasnohvardiiskyi,Красногвардійський,Красногвардейский,UA0112,Autonomous Republic of Crimea,Автономна Республіка Крим,Автономная Республика Крым,UA01,Ukraine,Україна,Украина,UA,57.59980141,1,2,landscape,33.76256771,45.72258855,81400000,Council,Рада,new,0123581900,UA01120170000016810
Klepyninska,Клепинінська,Клепининский,UA0112019,Krasnohvardiiskyi,Красногвардійський,Красногвардейский,UA0112,Autonomous Republic of Crimea,Автономна Республіка Крим,Автономная Республика Крым,UA01,Ukraine,Україна,Украина,UA,85.02310777,1,3,landscape,34.14583217,45.51266708,81400000,Council,Рада,new,0122081800,UA01120190000076422
Kolodiazianska,Колодязянська,Колодезянский,UA0112021,Krasnohvardiiskyi,Красногвардійський,Красногвардейский,UA0112,Autonomous Republic of Crimea,Автономна Республіка Крим,Автономная Республика Крым,UA01,Ukraine,Україна,Украина,UA,90.57439316,1,3,portrait,34.37256219,45.26143986,81400000,Council,Рада,new,0122082200,UA01120210000098819
Kormivska,Кормівська,Кормовской,UA0112023,Krasnohvardiiskyi,Красногвардійський,Красногвардейский,UA0112,Autonomous Republic of Crimea,Автономна Республіка Крим,Автономная Республика Крым,UA01,Ukraine,Україна,Украина,UA,90.72215987,1,3,landscape,33.61629413,45.5073829,81400000,Council,Рада,new,0123582500,UA01120230000035243
Kotelnykivska,Котельниківська,Котельниковский,UA0112025,Krasnohvardiiskyi,Красногвардійський,Красногвардейский,UA0112,Autonomous Republic of Crimea,Автономна Республіка Крим,Автономная Республика Крым,UA01,Ukraine,Україна,Украина,UA,81.68342576,1,3,landscape,34.08765487,45.37179416,81400000,Council,Рада,new,0122082400,UA01120250000088892
Krasnohvardiiska,Красногвардійська,Красногвардейский,UA0112027,Krasnohvardiiskyi,Красногвардійський,Красногвардейский,UA0112,Autonomous Republic of Crimea,Автономна Республіка Крим,Автономная Республика Крым,UA01,Ukraine,Україна,Украина,UA,12.19671459,2,2,portrait,34.30911789,45.51554942,81400000,Council,Рада,new,0122055100,UA01120270000085374
Krasnoznamianska,Краснознам'янська,Краснознаменский,UA0112029,Krasnohvardiiskyi,Красногвардійський,Красногвардейский,UA0112,Autonomous Republic of Crimea,Автономна Республіка Крим,Автономная Республика Крым,UA01,Ukraine,Україна,Украина,UA,98.03038459,1,6,landscape,33.96446055,45.3047132,81400000,Council,Рада,new,0122082600,UA01120290000065834
Krestianivska,Крестянівська,Крестьяновский,UA0112031,Krasnohvardiiskyi,Красногвардійський,Красногвардейский,UA0112,Autonomous Republic of Crimea,Автономна Республіка Крим,Автономная Республика Крым,UA01,Ukraine,Україна,Украина,UA,66.05239129,1,2,landscape,33.95547394,45.73332449,81400000,Council,Рада,new,0123583600,UA01120310000043492
Leninska,Ленінська,Ленинский,UA0112033,Krasnohvardiiskyi,Красногвардійський,Красногвардейский,UA0112,Autonomous Republic of Crimea,Автономна Республіка Крим,Автономная Республика Крым,UA01,Ukraine,Україна,Украина,UA,90.15840688,1,3,portrait,34.06259463,45.32098577,81400000,Council,Рада,new,0122082900,UA01120330000034700
Marianivska,Мар'янівська,Марьяновский,UA0112035,Krasnohvardiiskyi,Красногвардійський,Красногвардейский,UA0112,Autonomous Republic of Crimea,Автономна Республіка Крим,Автономная Республика Крым,UA01,Ukraine,Україна,Украина,UA,85.60804279,1,3,portrait,34.33131418,45.45851336,81400000,Council,Рада,new,0122083600,UA01120350000099339
Naidonivska,Найдьонівська,Найденовский,UA0112037,Krasnohvardiiskyi,Красногвардійський,Красногвардейский,UA0112,Autonomous Republic of Crimea,Автономна Республіка Крим,Автономная Республика Крым,UA01,Ukraine,Україна,Украина,UA,85.9506612,1,3,landscape,34.48443007,45.26604881,81400000,Council,Рада,new,0122084000,UA01120370000059657
Novopokrovska,Новопокровська,Новопокровский,UA0112039,Krasnohvardiiskyi,Красногвардійський,Красногвардейский,UA0112,Autonomous Republic of Crimea,Автономна Республіка Крим,Автономная Республика Крым,UA01,Ukraine,Україна,Украина,UA,95.39035366,1,7,portrait,34.48115154,45.42184371,81400000,Council,Рада,new,0122084400,UA01120390000018557
Oktiabrska,Октябрська,Октябрьский,UA0112041,Krasnohvardiiskyi,Красногвардійський,Красногвардейский,UA0112,Autonomous Republic of Crimea,Автономна Республіка Крим,Автономная Республика Крым,UA01,Ukraine,Україна,Украина,UA,4.96662744,1,1,portrait,34.12894547,45.29317382,81400000,Council,Рада,new,0122055400,UA01120410000015269
Oktiabrska,Октябрська,Октябрьский,UA0112043,Krasnohvardiiskyi,Красногвардійський,Красногвардейский,UA0112,Autonomous Republic of Crimea,Автономна Республіка Крим,Автономная Республика Крым,UA01,Ukraine,Україна,Украина,UA,65.99311509,1,2,portrait,33.97573738,45.67059803,81400000,Council,Рада,new,0123584700,UA01120430000029864
Oleksandrivska,Олександрівська,Александровский,UA0112045,Krasnohvardiiskyi,Красногвардійський,Красногвардейский,UA0112,Autonomous Republic of Crimea,Автономна Республіка Крим,Автономная Республика Крым,UA01,Ukraine,Україна,Украина,UA,95.33116508,1,3,landscape,34.10390997,45.56688475,81400000,Council,Рада,new,0122080300,UA01120450000086774
Oleksiivska,Олексіївська,Алексеевский,UA0112047,Krasnohvardiiskyi,Красногвардійський,Красногвардейский,UA0112,Autonomous Republic of Crimea,Автономна Республіка Крим,Автономная Республика Крым,UA01,Ukraine,Україна,Украина,UA,154.2094332,1,2,landscape,33.64054721,45.5882286,81400000,Council,Рада,new,0123580100,UA01120470000018432
Ostrovska,Островська,Островский,UA0112049,Krasnohvardiiskyi,Красногвардійський,Красногвардейский,UA0112,Autonomous Republic of Crimea,Автономна Республіка Крим,Автономная Республика Крым,UA01,Ukraine,Україна,Украина,UA,75.81443317,1,3,portrait,34.05490798,45.75029074,81400000,Council,Рада,new,0123585200,UA01120490000019004
Piatykhatska,П'ятихатська,Пятихатский,UA0112051,Krasnohvardiiskyi,Красногвардійський,Красногвардейский,UA0112,Autonomous Republic of Crimea,Автономна Республіка Крим,Автономная Республика Крым,UA01,Ukraine,Україна,Украина,UA,90.32184083,1,6,landscape,34.27799755,45.31960203,81400000,Council,Рада,new,0122085600,UA01120510000062733
Pervomaiska,Первомайська,Первомайский,UA0112053,Krasnohvardiiskyi,Красногвардійський,Красногвардейский,UA0112,Autonomous Republic of Crimea,Автономна Республіка Крим,Автономная Республика Крым,UA01,Ukraine,Україна,Украина,UA,53.7068988,1,4,landscape,33.87194636,45.71131041,81400000,Council,Рада,new,0123555100,UA01120530000036753
Petrivska,Петрівська,Петровский,UA0112055,Krasnohvardiiskyi,Красногвардійський,Красногвардейский,UA0112,Autonomous Republic of Crimea,Автономна Республіка Крим,Автономная Республика Крым,UA01,Ukraine,Україна,Украина,UA,164.940619,1,8,landscape,34.22069533,45.47485159,81400000,Council,Рада,new,0122084800,UA01120550000025973
Poltavska,Полтавська,Полтавский,UA0112057,Krasnohvardiiskyi,Красногвардійський,Красногвардейский,UA0112,Autonomous Republic of Crimea,Автономна Республіка Крим,Автономная Республика Крым,UA01,Ukraine,Україна,Украина,UA,55.92738906,2,3,portrait,34.22075733,45.36596626,81400000,Council,Рада,new,0122085300,UA01120570000080989
Pravdivska,Правдівська,Правдовский,UA0112059,Krasnohvardiiskyi,Красногвардійський,Красногвардейский,UA0112,Autonomous Republic of Crimea,Автономна Республіка Крим,Автономная Республика Крым,UA01,Ukraine,Україна,Украина,UA,61.63476113,1,3,landscape,33.83326933,45.77049635,81400000,Council,Рада,new,0123585900,UA01120590000098165
Rivnivska,Рівнівська,Ровновский,UA0112061,Krasnohvardiiskyi,Красногвардійський,Красногвардейский,UA0112,Autonomous Republic of Crimea,Автономна Республіка Крим,Автономная Республика Крым,UA01,Ukraine,Україна,Украина,UA,103.4839818,1,4,landscape,34.37604224,45.36127992,81400000,Council,Рада,new,0122086500,UA01120610000042252
Sarybashivska,Сарибашівська,Сарыбащевский,UA0112063,Krasnohvardiiskyi,Красногвардійський,Красногвардейский,UA0112,Autonomous Republic of Crimea,Автономна Республіка Крим,Автономная Республика Крым,UA01,Ukraine,Україна,Украина,UA,78.71419073,1,1,landscape,33.75514923,45.54934048,81400000,Council,Рада,new,0123586900,UA01120630000081449
Stakhanovska,Стахановська,Стахановский,UA0112065,Krasnohvardiiskyi,Красногвардійський,Красногвардейский,UA0112,Autonomous Republic of Crimea,Автономна Республіка Крим,Автономная Республика Крым,UA01,Ukraine,Україна,Украина,UA,84.46149481,1,2,portrait,34.00926761,45.4289645,81400000,Council,Рада,new,0123586300,UA01120650000017606
Stepnivska,Степнівська,Степновский,UA0112067,Krasnohvardiiskyi,Красногвардійський,Красногвардейский,UA0112,Autonomous Republic of Crimea,Автономна Республіка Крим,Автономная Республика Крым,UA01,Ukraine,Україна,Украина,UA,162.6849889,1,2,landscape,33.76266427,45.66322786,81400000,Council,Рада,new,0123586500,UA01120670000055388
Susaninska,Сусанінська,Сусанинский,UA0112069,Krasnohvardiiskyi,Красногвардійський,Красногвардейский,UA0112,Autonomous Republic of Crimea,Автономна Республіка Крим,Автономная Республика Крым,UA01,Ukraine,Україна,Украина,UA,108.7157227,1,3,landscape,33.71606225,45.47316558,81400000,Council,Рада,new,0123586600,UA01120690000073011
Chernovska,Черновська,Черновский,UA0112071,Krasnohvardiiskyi,Красногвардійський,Красногвардейский,UA0112,Autonomous Republic of Crimea,Автономна Республіка Крим,Автономная Республика Крым,UA01,Ukraine,Україна,Украина,UA,107.1712074,1,3,portrait,33.95026107,45.48994073,81400000,Council,Рада,new,0123587400,UA01120710000062117
Yantarnenska,Янтарненська,Янтарненский,UA0112073,Krasnohvardiiskyi,Красногвардійський,Красногвардейский,UA0112,Autonomous Republic of Crimea,Автономна Республіка Крим,Автономная Республика Крым,UA01,Ukraine,Україна,Украина,UA,107.0890408,1,4,landscape,34.19579904,45.41835617,81400000,Council,Рада,new,0122088700,UA01120730000091001
Armianska,Армянська,Армянский,UA0114001,Krasnoperekopskyi,Красноперекопський,Красноперекопский,UA0114,Autonomous Republic of Crimea,Автономна Республіка Крим,Автономная Республика Крым,UA01,Ukraine,Україна,Украина,UA,8.05312534,1,1,portrait,33.68975731,46.10850178,81400000,Council,Рада,0122300000,0111500000,UA01140010000036312
Berezivska,Березівська,Березовский,UA0114003,Krasnoperekopskyi,Красноперекопський,Красноперекопский,UA0114,Autonomous Republic of Crimea,Автономна Республіка Крим,Автономная Республика Крым,UA01,Ukraine,Україна,Украина,UA,96.5900825,1,3,landscape,33.33469077,45.58189158,81400000,Council,Рада,0122300000,0123981100,UA01140030000079824
Botanichna,Ботанічна,Ботанический,UA0114005,Krasnoperekopskyi,Красноперекопський,Красноперекопский,UA0114,Autonomous Republic of Crimea,Автономна Республіка Крим,Автономная Республика Крым,UA01,Ukraine,Україна,Украина,UA,87.1505368,1,3,portrait,33.61859973,45.84756735,81400000,Council,Рада,0122300000,0123982200,UA01140050000039329
Bratska,Братська,Братский,UA0114007,Krasnoperekopskyi,Красноперекопський,Красноперекопский,UA0114,Autonomous Republic of Crimea,Автономна Республіка Крим,Автономная Республика Крым,UA01,Ukraine,Україна,Украина,UA,61.47689466,1,3,landscape,33.894897,45.8219374,81400000,Council,Рада,0122300000,0122380400,UA01140070000018308
Vyshnivska,Вишнівська,Вишневский,UA0114009,Krasnoperekopskyi,Красноперекопський,Красноперекопский,UA0114,Autonomous Republic of Crimea,Автономна Республіка Крим,Автономная Республика Крым,UA01,Ukraine,Україна,Украина,UA,93.09346259,1,4,landscape,33.92940378,45.94779481,81400000,Council,Рада,0122300000,0122380800,UA01140090000087212
Voinska,Воїнська,Воинский,UA0114011,Krasnoperekopskyi,Красноперекопський,Красноперекопский,UA0114,Autonomous Republic of Crimea,Автономна Республіка Крим,Автономная Республика Крым,UA01,Ukraine,Україна,Украина,UA,66.2805917,1,2,portrait,34.01429937,45.91228006,81400000,Council,Рада,0122300000,0122381300,UA01140110000014669
Zymynska,Зиминська,Зиминский,UA0114013,Krasnoperekopskyi,Красноперекопський,Красноперекопский,UA0114,Autonomous Republic of Crimea,Автономна Республіка Крим,Автономная Республика Крым,UA01,Ukraine,Україна,Украина,UA,105.7112288,1,4,portrait,33.49931171,45.52110619,81400000,Council,Рада,0122300000,0123983300,UA01140130000026981
Illinska,Іллінська,Ильинский,UA0114015,Krasnoperekopskyi,Красноперекопський,Красноперекопский,UA0114,Autonomous Republic of Crimea,Автономна Республіка Крим,Автономная Республика Крым,UA01,Ukraine,Україна,Украина,UA,79.12154324,1,4,portrait,33.76449963,45.83443061,81400000,Council,Рада,0122300000,0122381800,UA01140150000038992
Ishunska,Ішунська,Ишунский,UA0114017,Krasnoperekopskyi,Красноперекопський,Красноперекопский,UA0114,Autonomous Republic of Crimea,Автономна Республіка Крим,Автономная Республика Крым,UA01,Ukraine,Україна,Украина,UA,115.0219849,3,4,landscape,33.79164188,45.91142935,81400000,Council,Рада,0122300000,0122382200,UA01140170000028225
Kovylnivska,Ковильнівська,Ковыльновский,UA0114019,Krasnoperekopskyi,Красноперекопський,Красноперекопский,UA0114,Autonomous Republic of Crimea,Автономна Республіка Крим,Автономная Республика Крым,UA01,Ukraine,Україна,Украина,UA,192.4231448,1,5,portrait,33.53462613,45.69656401,81400000,Council,Рада,0122300000,0123985400,UA01140190000072370
Krasnoarmiiska,Красноармійська,Красноармейский,UA0114021,Krasnoperekopskyi,Красноперекопський,Красноперекопский,UA0114,Autonomous Republic of Crimea,Автономна Республіка Крим,Автономная Республика Крым,UA01,Ukraine,Україна,Украина,UA,203.853061,2,3,landscape,34.03257969,46.0149502,81400000,Council,Рада,0122300000,0122382400,UA01140210000074823
Krasnoperekopska,Красноперекопська,Красноперекопский,UA0114023,Krasnoperekopskyi,Красноперекопський,Красноперекопский,UA0114,Autonomous Republic of Crimea,Автономна Республіка Крим,Автономная Республика Крым,UA01,Ukraine,Україна,Украина,UA,22.15308483,1,1,landscape,33.80098669,45.95806954,81400000,Council,Рада,0122300000,0111300000,UA01140230000045556
Kukushkinska,Кукушкінська,Кукушкинский,UA0114025,Krasnoperekopskyi,Красноперекопський,Красноперекопский,UA0114,Autonomous Republic of Crimea,Автономна Республіка Крим,Автономная Республика Крым,UA01,Ukraine,Україна,Украина,UA,63.22078868,1,2,portrait,33.38275452,45.74168215,81400000,Council,Рада,0122300000,0123985600,UA01140250000078645
Mahazynska,Магазинська,Магазинский,UA0114027,Krasnoperekopskyi,Красноперекопський,Красноперекопский,UA0114,Autonomous Republic of Crimea,Автономна Республіка Крим,Автономная Республика Крым,UA01,Ukraine,Україна,Украина,UA,100.0883032,1,4,portrait,34.06308506,45.84505261,81400000,Council,Рада,0122300000,0122382600,UA01140270000076608
Novopavlivska,Новопавлівська,Новопавловский,UA0114029,Krasnoperekopskyi,Красноперекопський,Красноперекопский,UA0114,Autonomous Republic of Crimea,Автономна Республіка Крим,Автономная Республика Крым,UA01,Ukraine,Україна,Украина,UA,55.05885832,1,3,landscape,33.90422762,45.86841785,81400000,Council,Рада,0122300000,0122383000,UA01140290000079167
Novoselivska,Новоселівська,Новоселовский,UA0114031,Krasnoperekopskyi,Красноперекопський,Красноперекопский,UA0114,Autonomous Republic of Crimea,Автономна Республіка Крим,Автономная Республика Крым,UA01,Ukraine,Україна,Украина,UA,52.50200217,1,2,landscape,33.58967615,45.45357156,81400000,Council,Рада,0122300000,0123955400,UA01140310000026915
Orlivska,Орлівська,Орловский,UA0114033,Krasnoperekopskyi,Красноперекопський,Красноперекопский,UA0114,Autonomous Republic of Crimea,Автономна Республіка Крим,Автономная Республика Крым,UA01,Ukraine,Україна,Украина,UA,47.65416476,1,4,landscape,33.96644994,45.80785527,81400000,Council,Рада,0122300000,0122383700,UA01140330000091055
Pochetnenska,Почетненська,Почетненский,UA0114035,Krasnoperekopskyi,Красноперекопський,Красноперекопский,UA0114,Autonomous Republic of Crimea,Автономна Республіка Крим,Автономная Республика Крым,UA01,Ukraine,Україна,Украина,UA,60.25325441,1,2,portrait,33.78386208,45.99972736,81400000,Council,Рада,0122300000,0122384800,UA01140350000069297
Rozdolnenska,Роздольненська,Роздольненский,UA0114037,Krasnoperekopskyi,Красноперекопський,Красноперекопский,UA0114,Autonomous Republic of Crimea,Автономна Республіка Крим,Автономная Республика Крым,UA01,Ukraine,Україна,Украина,UA,4.41040847,1,1,landscape,33.49115792,45.76963006,81400000,Council,Рада,0122300000,0123955100,UA01140370000056734
Ruchivska,Руч'ївська,Ручьевский,UA0114039,Krasnoperekopskyi,Красноперекопський,Красноперекопский,UA0114,Autonomous Republic of Crimea,Автономна Республіка Крим,Автономная Республика Крым,UA01,Ukraine,Україна,Украина,UA,98.42978811,1,6,portrait,33.65810243,45.78520422,81400000,Council,Рада,0122300000,0123985900,UA01140390000094724
Serebrianska,Серебрянська,Серебрянский,UA0114041,Krasnoperekopskyi,Красноперекопський,Красноперекопский,UA0114,Autonomous Republic of Crimea,Автономна Республіка Крим,Автономная Республика Крым,UA01,Ukraine,Україна,Украина,UA,197.7192005,1,6,portrait,33.45688199,45.6176757,81400000,Council,Рада,0122300000,0123986400,UA01140410000056436
Slavnivska,Славнівська,Славновский,UA0114043,Krasnoperekopskyi,Красноперекопський,Красноперекопский,UA0114,Autonomous Republic of Crimea,Автономна Республіка Крим,Автономная Республика Крым,UA01,Ukraine,Україна,Украина,UA,174.3322996,1,4,landscape,33.20308502,45.7040414,81400000,Council,Рада,0122300000,0123986600,UA01140430000075398
Slovianska,Слов'янська,Славянский,UA0114045,Krasnoperekopskyi,Красноперекопський,Красноперекопский,UA0114,Autonomous Republic of Crimea,Автономна Республіка Крим,Автономная Республика Крым,UA01,Ukraine,Україна,Украина,UA,60.56986623,1,2,landscape,33.30680885,45.73682536,81400000,Council,Рада,0122300000,0123987400,UA01140450000059831
Sovkhoznenska,Совхозненська,Совхозненский,UA0114047,Krasnoperekopskyi,Красноперекопський,Красноперекопский,UA0114,Autonomous Republic of Crimea,Автономна Республіка Крим,Автономная Республика Крым,UA01,Ukraine,Україна,Украина,UA,118.1562448,2,3,landscape,33.68613224,45.99641713,81400000,Council,Рада,0122300000,0122385900,UA01140470000038664
Suvorovska,Суворовська,Суворовский,UA0114049,Krasnoperekopskyi,Красноперекопський,Красноперекопский,UA0114,Autonomous Republic of Crimea,Автономна Республіка Крим,Автономная Республика Крым,UA01,Ukraine,Україна,Украина,UA,115.8283462,1,3,portrait,33.6643972,46.18031195,81400000,Council,Рада,0122300000,0111590100,UA01140490000062402
Filativska,Філатівська,Филатовский,UA0114051,Krasnoperekopskyi,Красноперекопський,Красноперекопский,UA0114,Autonomous Republic of Crimea,Автономна Республіка Крим,Автономная Республика Крым,UA01,Ukraine,Україна,Украина,UA,95.93786667,1,2,portrait,33.77164255,46.10148483,81400000,Council,Рада,0122300000,0122387000,UA01140510000012574
Chernyshivska,Чернишівська,Чернышевский,UA0114053,Krasnoperekopskyi,Красноперекопський,Красноперекопский,UA0114,Autonomous Republic of Crimea,Автономна Республіка Крим,Автономная Республика Крым,UA01,Ukraine,Україна,Украина,UA,101.37593,4,3,portrait,33.47377832,45.81268279,81400000,Council,Рада,0122300000,0123988000,UA01140530000090597
Hvardiiska,Гвардійська,Гвардейский,UA0116001,Simferopolskyi,Сімферопольський,Симферопольский,UA0116,Autonomous Republic of Crimea,Автономна Республіка Крим,Автономная Республика Крым,UA01,Ukraine,Україна,Украина,UA,93.90838488,1,5,portrait,34.00476786,45.10317327,81400000,Council,Рада,new,0124755300,UA01160010000068510
Hresivska,Гресівська,Грэсовский,UA0116003,Simferopolskyi,Сімферопольський,Симферопольский,UA0116,Autonomous Republic of Crimea,Автономна Республіка Крим,Автономная Республика Крым,UA01,Ukraine,Україна,Украина,UA,12.50114363,1,4,portrait,34.03444513,45.01865552,81400000,Council,Рада,new,0110165600,UA01160030000061374
Dobrivska,Добрівська,Добровский,UA0116005,Simferopolskyi,Сімферопольський,Симферопольский,UA0116,Autonomous Republic of Crimea,Автономна Республіка Крим,Автономная Республика Крым,UA01,Ukraine,Україна,Украина,UA,315.6378385,1,12,landscape,34.29755066,44.83786366,81400000,Council,Рада,new,0124781300,UA01160050000040648
Donska,Донська,Донской,UA0116007,Simferopolskyi,Сімферопольський,Симферопольский,UA0116,Autonomous Republic of Crimea,Автономна Республіка Крим,Автономная Республика Крым,UA01,Ukraine,Україна,Украина,UA,87.94418929,1,7,portrait,34.22106778,45.11059052,81400000,Council,Рада,new,0124781900,UA01160070000046566
Zhuravlivska,Журавлівська,Журавлевский,UA0116009,Simferopolskyi,Сімферопольський,Симферопольский,UA0116,Autonomous Republic of Crimea,Автономна Республіка Крим,Автономная Республика Крым,UA01,Ukraine,Україна,Украина,UA,45.13617438,1,3,portrait,33.95690412,45.17527785,81400000,Council,Рада,new,0124782200,UA01160090000041883
Kolchuhynska,Кольчугинська,Кольчугинский,UA0116011,Simferopolskyi,Сімферопольський,Симферопольский,UA0116,Autonomous Republic of Crimea,Автономна Республіка Крим,Автономная Республика Крым,UA01,Ukraine,Україна,Украина,UA,81.44401313,1,3,landscape,33.77106275,44.93071909,81400000,Council,Рада,new,0124782900,UA01160110000089485
Mazanska,Мазанська,Мазанский,UA0116013,Simferopolskyi,Сімферопольський,Симферопольский,UA0116,Autonomous Republic of Crimea,Автономна Республіка Крим,Автономная Республика Крым,UA01,Ukraine,Україна,Украина,UA,46.88779625,1,5,portrait,34.25434633,44.99778224,81400000,Council,Рада,new,0124783300,UA01160130000098965
Mykolaivska,Миколаївська,Николаевский,UA0116015,Simferopolskyi,Сімферопольський,Симферопольский,UA0116,Autonomous Republic of Crimea,Автономна Республіка Крим,Автономная Республика Крым,UA01,Ukraine,Україна,Украина,UA,124.2337802,1,7,portrait,33.73013269,45.00695998,81400000,Council,Рада,new,0124755800,UA01160150000023108
Myrnivska,Мирнівська,Мирновский,UA0116017,Simferopolskyi,Сімферопольський,Симферопольский,UA0116,Autonomous Republic of Crimea,Автономна Республіка Крим,Автономная Республика Крым,UA01,Ukraine,Україна,Украина,UA,45.17220769,1,3,portrait,34.02842231,44.97502981,81400000,Council,Рада,new,0124783800,UA01160170000019851
Molodizhnenska,Молодіжненська,Молодежненский,UA0116019,Simferopolskyi,Сімферопольський,Симферопольский,UA0116,Autonomous Republic of Crimea,Автономна Республіка Крим,Автономная Республика Крым,UA01,Ukraine,Україна,Украина,UA,41.66144738,1,2,portrait,34.07338066,45.03730906,81400000,Council,Рада,new,0124755600,UA01160190000061883
Novoandriivska,Новоандріївська,Новоандреевский,UA0116021,Simferopolskyi,Сімферопольський,Симферопольский,UA0116,Autonomous Republic of Crimea,Автономна Республіка Крим,Автономная Республика Крым,UA01,Ukraine,Україна,Украина,UA,69.54140626,1,3,landscape,34.12105473,45.19391518,81400000,Council,Рада,new,0124784600,UA01160210000086615
Novoselivska,Новоселівська,Новоселовский,UA0116023,Simferopolskyi,Сімферопольський,Симферопольский,UA0116,Autonomous Republic of Crimea,Автономна Республіка Крим,Автономная Республика Крым,UA01,Ukraine,Україна,Украина,UA,16.976522,1,1,portrait,33.86568247,44.99122639,81400000,Council,Рада,new,0124784800,UA01160230000038562
Pervomaiska,Первомайська,Первомайский,UA0116025,Simferopolskyi,Сімферопольський,Симферопольский,UA0116,Autonomous Republic of Crimea,Автономна Республіка Крим,Автономная Республика Крым,UA01,Ukraine,Україна,Украина,UA,66.2256832,1,3,portrait,34.10842086,45.1312825,81400000,Council,Рада,new,0124785000,UA01160250000058686
Perovska,Перовська,Перовский,UA0116027,Simferopolskyi,Сімферопольський,Симферопольский,UA0116,Autonomous Republic of Crimea,Автономна Республіка Крим,Автономная Республика Крым,UA01,Ukraine,Україна,Украина,UA,223.9495323,2,16,landscape,34.09757593,44.79948473,81400000,Council,Рада,new,0124785400,UA01160270000031825
Pozharska,Пожарська,Пожарский,UA0116029,Simferopolskyi,Сімферопольський,Симферопольский,UA0116,Autonomous Republic of Crimea,Автономна Республіка Крим,Автономная Республика Крым,UA01,Ukraine,Україна,Украина,UA,60.24523235,1,4,landscape,33.86215615,44.94741751,81400000,Council,Рада,new,0124785600,UA01160290000071845
Rodnykivska,Родниківська,Родниковский,UA0116031,Simferopolskyi,Сімферопольський,Симферопольский,UA0116,Autonomous Republic of Crimea,Автономна Республіка Крим,Автономная Республика Крым,UA01,Ukraine,Україна,Украина,UA,67.13382284,1,6,portrait,33.93881743,45.04883359,81400000,Council,Рада,new,0124785800,UA01160310000040585
Simferopolska,Сімферопольська,Симферопольский,UA0116033,Simferopolskyi,Сімферопольський,Симферопольский,UA0116,Autonomous Republic of Crimea,Автономна Республіка Крим,Автономная Республика Крым,UA01,Ukraine,Україна,Украина,UA,89.9307015,2,2,portrait,34.10045772,44.94720633,81400000,Council,Рада,new,0110100000,UA01160330000011827
Skvortsivska,Скворцівська,Скворцовский,UA0116035,Simferopolskyi,Сімферопольський,Симферопольский,UA0116,Autonomous Republic of Crimea,Автономна Республіка Крим,Автономная Республика Крым,UA01,Ukraine,Україна,Украина,UA,82.4462871,1,4,portrait,33.84225045,45.06479804,81400000,Council,Рада,new,0124786400,UA01160350000093680
Trudivska,Трудівська,Трудовский,UA0116037,Simferopolskyi,Сімферопольський,Симферопольский,UA0116,Autonomous Republic of Crimea,Автономна Республіка Крим,Автономная Республика Крым,UA01,Ukraine,Україна,Украина,UA,100.6966702,1,9,landscape,34.21998205,44.94882805,81400000,Council,Рада,new,0124787000,UA01160370000090328
Ukromnivska,Укромнівська,Укромновский,UA0116039,Simferopolskyi,Сімферопольський,Симферопольский,UA0116,Autonomous Republic of Crimea,Автономна Республіка Крим,Автономная Республика Крым,UA01,Ukraine,Україна,Украина,UA,21.61092473,1,2,portrait,34.00832435,45.05190054,81400000,Council,Рада,new,0124787500,UA01160390000055803
Urozhainivska,Урожайнівська,Урожайновский,UA0116041,Simferopolskyi,Сімферопольський,Симферопольский,UA0116,Autonomous Republic of Crimea,Автономна Республіка Крим,Автономная Республика Крым,UA01,Ukraine,Україна,Украина,UA,56.39918732,1,2,portrait,34.13570377,45.06796719,81400000,Council,Рада,new,0124788000,UA01160410000050379
Chystenska,Чистенська,Чистенский,UA0116043,Simferopolskyi,Сімферопольський,Симферопольский,UA0116,Autonomous Republic of Crimea,Автономна Республіка Крим,Автономная Республика Крым,UA01,Ukraine,Україна,Украина,UA,62.32549765,1,7,landscape,34.04051972,44.88224449,81400000,Council,Рада,new,0124788700,UA01160430000017281
Shyrokivska,Широківська,Широковский,UA0116045,Simferopolskyi,Сімферопольський,Симферопольский,UA0116,Autonomous Republic of Crimea,Автономна Республіка Крим,Автономная Республика Крым,UA01,Ukraine,Україна,Украина,UA,41.45680726,1,4,portrait,34.04197558,45.20289864,81400000,Council,Рада,new,0124789000,UA01160450000039927
Shkilnenska,Шкільненська,Школьненский,UA0116047,Simferopolskyi,Сімферопольський,Симферопольский,UA0116,Autonomous Republic of Crimea,Автономна Республіка Крим,Автономная Республика Крым,UA01,Ukraine,Україна,Украина,UA,1.43844504,1,1,landscape,33.89093399,45.05602981,81400000,Council,Рада,new,0124789300,UA01160470000074732
Abrykosivska,Абрикосівська,Абрикосовский,UA0118001,Feodosiiskyi,Феодосійський,Феодосийский,UA0118,Autonomous Republic of Crimea,Автономна Республіка Крим,Автономная Республика Крым,UA01,Ukraine,Україна,Украина,UA,35.0552802,1,4,portrait,35.11791573,45.11027306,81400000,Council,Рада,new,0121680100,UA01180010000042297
Berehova,Берегова,Береговой,UA0118003,Feodosiiskyi,Феодосійський,Феодосийский,UA0118,Autonomous Republic of Crimea,Автономна Республіка Крим,Автономная Республика Крым,UA01,Ukraine,Україна,Украина,UA,73.13945818,1,2,portrait,35.42365839,45.11487205,81400000,Council,Рада,new,0111690300,UA01180030000066539
Veselivska,Веселівська,Веселовский,UA0118005,Feodosiiskyi,Феодосійський,Феодосийский,UA0118,Autonomous Republic of Crimea,Автономна Республіка Крим,Автономная Республика Крым,UA01,Ukraine,Україна,Украина,UA,31.14335037,1,1,portrait,34.90150319,44.86061378,81400000,Council,Рада,new,0111790200,UA01180050000061143
Vladyslavivska,Владиславівська,Владиславовский,UA0118007,Feodosiiskyi,Феодосійський,Феодосийский,UA0118,Autonomous Republic of Crimea,Автономна Республіка Крим,Автономная Республика Крым,UA01,Ukraine,Україна,Украина,UA,73.770449,2,2,portrait,35.39183106,45.16650111,81400000,Council,Рада,new,0121680800,UA01180070000032242
Hrushivska,Грушівська,Грушевский,UA0118009,Feodosiiskyi,Феодосійський,Феодосийский,UA0118,Autonomous Republic of Crimea,Автономна Республіка Крим,Автономная Республика Крым,UA01,Ukraine,Україна,Украина,UA,78.04874165,1,3,portrait,34.9815655,44.99492975,81400000,Council,Рада,new,0111790400,UA01180090000097181
Dachnivska,Дачнівська,Дачновский,UA0118011,Feodosiiskyi,Феодосійський,Феодосийский,UA0118,Autonomous Republic of Crimea,Автономна Республіка Крим,Автономная Республика Крым,UA01,Ukraine,Україна,Украина,UA,139.9601642,1,2,portrait,34.96231895,44.91931773,81400000,Council,Рада,new,0111790700,UA01180110000051412
Dmytrivska,Дмитрівська,Дмитровский,UA0118013,Feodosiiskyi,Феодосійський,Феодосийский,UA0118,Autonomous Republic of Crimea,Автономна Республіка Крим,Автономная Республика Крым,UA01,Ukraine,Україна,Украина,UA,82.9465867,13,2,portrait,35.04969634,45.49687267,81400000,Council,Рада,new,0125280800,UA01180130000036996
Zhuravska,Журавська,Журавский,UA0118015,Feodosiiskyi,Феодосійський,Феодосийский,UA0118,Autonomous Republic of Crimea,Автономна Республіка Крим,Автономная Республика Крым,UA01,Ukraine,Україна,Украина,UA,115.3611736,1,5,portrait,35.27177149,45.14846144,81400000,Council,Рада,new,0121681800,UA01180150000021839
Zavitnenska,Завітненська,Заветненский,UA0118017,Feodosiiskyi,Феодосійський,Феодосийский,UA0118,Autonomous Republic of Crimea,Автономна Республіка Крим,Автономная Республика Крым,UA01,Ukraine,Україна,Украина,UA,60.83221711,1,2,portrait,34.81167769,45.29904426,81400000,Council,Рада,new,0125281100,UA01180170000035144
Zolotopolenska,Золотополенська,Золотополенский,UA0118019,Feodosiiskyi,Феодосійський,Феодосийский,UA0118,Autonomous Republic of Crimea,Автономна Республіка Крим,Автономная Республика Крым,UA01,Ukraine,Україна,Украина,UA,36.32040526,1,2,portrait,35.00613121,45.15465548,81400000,Council,Рада,new,0121682200,UA01180190000061627
Illichivska,Іллічівська,Ильичовский,UA0118021,Feodosiiskyi,Феодосійський,Феодосийский,UA0118,Autonomous Republic of Crimea,Автономна Республіка Крим,Автономная Республика Крым,UA01,Ukraine,Україна,Украина,UA,85.18980624,1,7,landscape,35.06381163,45.21641833,81400000,Council,Рада,new,0125282200,UA01180210000051057
Kirovska,Кіровська,Кировский,UA0118023,Feodosiiskyi,Феодосійський,Феодосийский,UA0118,Autonomous Republic of Crimea,Автономна Республіка Крим,Автономная Республика Крым,UA01,Ukraine,Україна,Украина,UA,6.00688581,1,1,landscape,35.20424599,45.23266291,81400000,Council,Рада,new,0121655100,UA01180230000030762
Koktebelska,Коктебельська,Коктебельский,UA0118025,Feodosiiskyi,Феодосійський,Феодосийский,UA0118,Autonomous Republic of Crimea,Автономна Республіка Крим,Автономная Республика Крым,UA01,Ukraine,Україна,Украина,UA,41.46033937,1,2,landscape,35.24060947,44.98447978,81400000,Council,Рада,new,0111645700,UA01180250000081725
Krasnohvardiiska,Красногвардійська,Красногвардейский,UA0118027,Feodosiiskyi,Феодосійський,Феодосийский,UA0118,Autonomous Republic of Crimea,Автономна Республіка Крим,Автономная Республика Крым,UA01,Ukraine,Україна,Украина,UA,123.790801,1,3,landscape,34.87236715,45.19285873,81400000,Council,Рада,new,0125283300,UA01180270000013129
Krasnoflotska,Краснофлотська,Краснофлотский,UA0118029,Feodosiiskyi,Феодосійський,Феодосийский,UA0118,Autonomous Republic of Crimea,Автономна Республіка Крим,Автономная Республика Крым,UA01,Ukraine,Україна,Украина,UA,60.41333405,2,4,landscape,34.97299047,45.31717852,81400000,Council,Рада,new,0125283900,UA01180290000010395
Lhovska,Льговська,Льговский,UA0118031,Feodosiiskyi,Феодосійський,Феодосийский,UA0118,Autonomous Republic of Crimea,Автономна Республіка Крим,Автономная Республика Крым,UA01,Ukraine,Україна,Украина,UA,57.95384222,1,4,landscape,34.93720694,45.09611087,81400000,Council,Рада,new,0121682600,UA01180310000020688
Mizhrichenska,Міжріченська,Междуреченский,UA0118033,Feodosiiskyi,Феодосійський,Феодосийский,UA0118,Autonomous Republic of Crimea,Автономна Республіка Крим,Автономная Республика Крым,UA01,Ukraine,Україна,Украина,UA,49.22956768,1,2,portrait,34.85126763,44.89085271,81400000,Council,Рада,new,0111791400,UA01180330000036926
Morska,Морська,Морской,UA0118035,Feodosiiskyi,Феодосійський,Феодосийский,UA0118,Autonomous Republic of Crimea,Автономна Республіка Крим,Автономная Республика Крым,UA01,Ukraine,Україна,Украина,UA,69.0002132,1,2,portrait,34.77219026,44.85062526,81400000,Council,Рада,new,0111791600,UA01180350000095618
Nasypnivska,Насипнівська,Насыпновский,UA0118037,Feodosiiskyi,Феодосійський,Феодосийский,UA0118,Autonomous Republic of Crimea,Автономна Республіка Крим,Автономная Республика Крым,UA01,Ukraine,Україна,Украина,UA,90.99191016,1,7,portrait,35.29601187,45.05249057,81400000,Council,Рада,new,0111692900,UA01180370000034421
Nekrasovska,Некрасовська,Некрасовский,UA0118039,Feodosiiskyi,Феодосійський,Феодосийский,UA0118,Autonomous Republic of Crimea,Автономна Республіка Крим,Автономная Республика Крым,UA01,Ukraine,Україна,Украина,UA,94.29463533,1,2,portrait,34.94281296,45.41273321,81400000,Council,Рада,new,0125285500,UA01180390000031143
Novosvitska,Новосвітська,Новосветский,UA0118041,Feodosiiskyi,Феодосійський,Феодосийский,UA0118,Autonomous Republic of Crimea,Автономна Республіка Крим,Автономная Республика Крым,UA01,Ukraine,Україна,Украина,UA,7.33763937,1,1,portrait,34.90970181,44.83154521,81400000,Council,Рада,new,0111745200,UA01180410000057615
Ordzhonikidzevska,Орджонікідзевська,Орджоникидзевский,UA0118043,Feodosiiskyi,Феодосійський,Феодосийский,UA0118,Autonomous Republic of Crimea,Автономна Республіка Крим,Автономная Республика Крым,UA01,Ukraine,Україна,Украина,UA,14.75559218,1,1,portrait,35.35846648,45.00236432,81400000,Council,Рада,new,0111645400,UA01180430000032666
Partyzanska,Партизанська,Партизанский,UA0118045,Feodosiiskyi,Феодосійський,Феодосийский,UA0118,Autonomous Republic of Crimea,Автономна Республіка Крим,Автономная Республика Крым,UA01,Ukraine,Україна,Украина,UA,32.33152936,1,2,portrait,35.14597441,45.14954308,81400000,Council,Рада,new,0121682800,UA01180450000076517
Pervomaiska,Первомайська,Первомайский,UA0118047,Feodosiiskyi,Феодосійський,Феодосийский,UA0118,Autonomous Republic of Crimea,Автономна Республіка Крим,Автономная Республика Крым,UA01,Ukraine,Україна,Украина,UA,199.3697724,1,7,portrait,35.17454772,45.04751368,81400000,Council,Рада,new,0121683000,UA01180470000087181
Pryvitnenska,Привітненська,Приветненский,UA0118049,Feodosiiskyi,Феодосійський,Феодосийский,UA0118,Autonomous Republic of Crimea,Автономна Республіка Крим,Автономная Республика Крым,UA01,Ukraine,Україна,Украина,UA,49.88910468,1,2,portrait,35.05253953,45.11445291,81400000,Council,Рада,new,0121683400,UA01180490000091735
Prymorska,Приморська,Приморский,UA0118051,Feodosiiskyi,Феодосійський,Феодосийский,UA0118,Autonomous Republic of Crimea,Автономна Республіка Крим,Автономная Республика Крым,UA01,Ukraine,Україна,Украина,UA,18.57869681,1,1,portrait,35.51337434,45.13309015,81400000,Council,Рада,new,0111646000,UA01180510000076308
Prudivska,Прудівська,Прудовский,UA0118053,Feodosiiskyi,Феодосійський,Феодосийский,UA0118,Autonomous Republic of Crimea,Автономна Республіка Крим,Автономная Республика Крым,UA01,Ukraine,Україна,Украина,UA,60.75973066,1,2,portrait,34.7270106,45.24590977,81400000,Council,Рада,new,0125286600,UA01180530000069956
Pushkinska,Пушкінська,Пушкинский,UA0118055,Feodosiiskyi,Феодосійський,Феодосийский,UA0118,Autonomous Republic of Crimea,Автономна Республіка Крим,Автономная Республика Крым,UA01,Ukraine,Україна,Украина,UA,42.21239821,1,2,landscape,34.97426205,45.21725407,81400000,Council,Рада,new,0125286800,UA01180550000071757
Synytsynska,Синицинська,Синицынский,UA0118057,Feodosiiskyi,Феодосійський,Феодосийский,UA0118,Autonomous Republic of Crimea,Автономна Республіка Крим,Автономная Республика Крым,UA01,Ukraine,Україна,Украина,UA,119.7170327,2,3,landscape,35.33697177,45.21822697,81400000,Council,Рада,new,0121683900,UA01180570000091536
Sovietska,Совєтська,Советский,UA0118059,Feodosiiskyi,Феодосійський,Феодосийский,UA0118,Autonomous Republic of Crimea,Автономна Республіка Крим,Автономная Республика Крым,UA01,Ukraine,Україна,Украина,UA,13.14409928,1,1,landscape,34.93128869,45.34538987,81400000,Council,Рада,new,0125255100,UA01180590000011405
Soniachnodolynska,Сонячнодолинська,Солнечнодолинский,UA0118061,Feodosiiskyi,Феодосійський,Феодосийский,UA0118,Autonomous Republic of Crimea,Автономна Республіка Крим,Автономная Республика Крым,UA01,Ukraine,Україна,Украина,UA,145.119656,1,4,portrait,35.08031774,44.86266287,81400000,Council,Рада,new,0111792300,UA01180610000060531
Starokrymska,Старокримська,Старокрымский,UA0118063,Feodosiiskyi,Феодосійський,Феодосийский,UA0118,Autonomous Republic of Crimea,Автономна Республіка Крим,Автономная Республика Крым,UA01,Ukraine,Україна,Украина,UA,8.90403853,1,1,landscape,35.08226687,45.02947624,81400000,Council,Рада,new,0121610400,UA01180630000073741
Sudatska,Судацька,Судакский,UA0118065,Feodosiiskyi,Феодосійський,Феодосийский,UA0118,Autonomous Republic of Crimea,Автономна Республіка Крим,Автономная Республика Крым,UA01,Ukraine,Україна,Украина,UA,14.41995705,1,1,landscape,34.97920615,44.84809252,81400000,Council,Рада,new,0111700000,UA01180650000087957
Tokarievska,Токарєвська,Токаревский,UA0118067,Feodosiiskyi,Феодосійський,Феодосийский,UA0118,Autonomous Republic of Crimea,Автономна Республіка Крим,Автономная Республика Крым,UA01,Ukraine,Україна,Украина,UA,107.9783446,1,2,landscape,35.19529531,45.29150418,81400000,Council,Рада,new,0121684600,UA01180670000071873
Urozhainivska,Урожайнівська,Урожайновский,UA0118069,Feodosiiskyi,Феодосійський,Феодосийский,UA0118,Autonomous Republic of Crimea,Автономна Республіка Крим,Автономная Республика Крым,UA01,Ukraine,Україна,Украина,UA,71.36142775,6,2,landscape,35.06582577,45.33260567,81400000,Council,Рада,new,0125287700,UA01180690000019957
Feodosiiska,Феодосійська,Феодосийский,UA0118071,Feodosiiskyi,Феодосійський,Феодосийский,UA0118,Autonomous Republic of Crimea,Автономна Республіка Крим,Автономная Республика Крым,UA01,Ukraine,Україна,Украина,UA,39.3877328,1,1,portrait,35.36290979,45.03333751,81400000,Council,Рада,new,0111600000,UA01180710000095057
Chapaievska,Чапаєвська,Чапаевский,UA0118073,Feodosiiskyi,Феодосійський,Феодосийский,UA0118,Autonomous Republic of Crimea,Автономна Республіка Крим,Автономная Республика Крым,UA01,Ukraine,Україна,Украина,UA,83.77993474,1,6,landscape,34.91131601,45.27084923,81400000,Council,Рада,new,0125288200,UA01180730000073676
Chornozemnenska,Чорноземненська,Черноземненский,UA0118075,Feodosiiskyi,Феодосійський,Феодосийский,UA0118,Autonomous Republic of Crimea,Автономна Республіка Крим,Автономная Республика Крым,UA01,Ukraine,Україна,Украина,UA,98.77624805,1,5,landscape,34.85567026,45.36521103,81400000,Council,Рада,new,0125288600,UA01180750000034054
Shchebetovska,Щебетовська,Щебетовский,UA0118077,Feodosiiskyi,Феодосійський,Феодосийский,UA0118,Autonomous Republic of Crimea,Автономна Республіка Крим,Автономная Республика Крым,UA01,Ukraine,Україна,Украина,UA,64.85007477,1,3,landscape,35.20253152,44.93381225,81400000,Council,Рада,new,0111646500,UA01180770000034480
Yarkopolenska,Яркополенська,Яркополенский,UA0118079,Feodosiiskyi,Феодосійський,Феодосийский,UA0118,Autonomous Republic of Crimea,Автономна Республіка Крим,Автономная Республика Крым,UA01,Ukraine,Україна,Украина,UA,111.8321603,1,6,landscape,35.19387326,45.19434768,81400000,Council,Рада,new,0121686100,UA01180790000028395
Alupkynska,Алупкинська,Алупкинский,UA0120001,Yaltynskyi,Ялтинський,Ялтинский,UA0120,Autonomous Republic of Crimea,Автономна Республіка Крим,Автономная Республика Крым,UA01,Ukraine,Україна,Украина,UA,15.17239786,1,1,landscape,34.03565959,44.42851329,81400000,Council,Рада,new,0111970200,UA01200010000060498
Alushtynska,Алуштинська,Алуштинский,UA0120003,Yaltynskyi,Ялтинський,Ялтинский,UA0120,Autonomous Republic of Crimea,Автономна Республіка Крим,Автономная Республика Крым,UA01,Ukraine,Україна,Украина,UA,7.05362162,1,1,portrait,34.40706878,44.67533859,81400000,Council,Рада,new,0110300000,UA01200030000060465
Hasprynska,Гаспринська,Гаспринский,UA0120005,Yaltynskyi,Ялтинський,Ялтинский,UA0120,Autonomous Republic of Crimea,Автономна Республіка Крим,Автономная Республика Крым,UA01,Ukraine,Україна,Украина,UA,12.19943189,1,1,portrait,34.11111379,44.44271868,81400000,Council,Рада,new,0111946200,UA01200050000052240
Hurzufska,Гурзуфська,Гурзуфский,UA0120007,Yaltynskyi,Ялтинський,Ялтинский,UA0120,Autonomous Republic of Crimea,Автономна Республіка Крим,Автономная Республика Крым,UA01,Ukraine,Україна,Украина,UA,83.9246056,1,5,portrait,34.23459372,44.5618098,81400000,Council,Рада,new,0111946800,UA01200070000069794
Izobilnenska,Ізобільненська,Изобильненский,UA0120009,Yaltynskyi,Ялтинський,Ялтинский,UA0120,Autonomous Republic of Crimea,Автономна Республіка Крим,Автономная Республика Крым,UA01,Ukraine,Україна,Украина,UA,161.3123282,1,4,landscape,34.26282604,44.70358203,81400000,Council,Рада,new,0110390900,UA01200090000032958
Koreizka,Кореїзька,Кореизский,UA0120011,Yaltynskyi,Ялтинський,Ялтинский,UA0120,Autonomous Republic of Crimea,Автономна Республіка Крим,Автономная Республика Крым,UA01,Ukraine,Україна,Украина,UA,12.19505988,1,1,portrait,34.07613123,44.44458486,81400000,Council,Рада,new,0111947100,UA01200110000052477
Livadiiska,Лівадійська,Ливадийский,UA0120013,Yaltynskyi,Ялтинський,Ялтинский,UA0120,Autonomous Republic of Crimea,Автономна Республіка Крим,Автономная Республика Крым,UA01,Ukraine,Україна,Украина,UA,55.80715349,1,8,landscape,34.08742136,44.48904203,81400000,Council,Рада,new,0111947900,UA01200130000046862
Luchystivska,Лучистівська,Лучистовский,UA0120015,Yaltynskyi,Ялтинський,Ялтинский,UA0120,Autonomous Republic of Crimea,Автономна Республіка Крим,Автономная Республика Крым,UA01,Ukraine,Україна,Украина,UA,71.69210353,1,3,portrait,34.42367575,44.73656797,81400000,Council,Рада,new,0110391400,UA01200150000013797
Malomaiatska,Маломаяцька,Маломаякский,UA0120017,Yaltynskyi,Ялтинський,Ялтинский,UA0120,Autonomous Republic of Crimea,Автономна Республіка Крим,Автономная Республика Крым,UA01,Ukraine,Україна,Украина,UA,93.85366686,1,11,portrait,34.33151545,44.63003873,81400000,Council,Рада,new,0110391800,UA01200170000021064
Malorichenska,Малоріченська,Малореченский,UA0120019,Yaltynskyi,Ялтинський,Ялтинский,UA0120,Autonomous Republic of Crimea,Автономна Республіка Крим,Автономная Республика Крым,UA01,Ukraine,Україна,Украина,UA,180.1681915,1,4,portrait,34.53643986,44.80534531,81400000,Council,Рада,new,0110392100,UA01200190000067573
Masandrivska,Масандрівська,Массандровский,UA0120021,Yaltynskyi,Ялтинський,Ялтинский,UA0120,Autonomous Republic of Crimea,Автономна Республіка Крим,Автономная Республика Крым,UA01,Ukraine,Україна,Украина,UA,16.05264183,1,5,landscape,34.2084055,44.51458679,81400000,Council,Рада,new,0111948100,UA01200210000057415
Partenitska,Партенітська,Партенитский,UA0120023,Yaltynskyi,Ялтинський,Ялтинский,UA0120,Autonomous Republic of Crimea,Автономна Республіка Крим,Автономная Республика Крым,UA01,Ukraine,Україна,Украина,UA,9.49337276,1,1,portrait,34.33293233,44.5598389,81400000,Council,Рада,new,0110345400,UA01200230000040659
Pryvitnenska,Привітненська,Приветненский,UA0120025,Yaltynskyi,Ялтинський,Ялтинский,UA0120,Autonomous Republic of Crimea,Автономна Республіка Крим,Автономная Республика Крым,UA01,Ukraine,Україна,Украина,UA,81.67399414,1,2,portrait,34.67559679,44.8316506,81400000,Council,Рада,new,0110393000,UA01200250000065451
Simeizka,Сімеїзька,Симеизский,UA0120027,Yaltynskyi,Ялтинський,Ялтинский,UA0120,Autonomous Republic of Crimea,Автономна Республіка Крим,Автономная Республика Крым,UA01,Ukraine,Україна,Украина,UA,38.9519731,1,7,landscape,33.95970023,44.41143489,81400000,Council,Рада,new,0111949300,UA01200270000050248
Foroska,Фороська,Форосский,UA0120029,Yaltynskyi,Ялтинський,Ялтинский,UA0120,Autonomous Republic of Crimea,Автономна Республіка Крим,Автономная Республика Крым,UA01,Ukraine,Україна,Украина,UA,14.6036333,1,3,landscape,33.83429282,44.40910954,81400000,Council,Рада,new,0111949700,UA01200290000033277
Yaltynska,Ялтинська,Ялтинский,UA0120031,Yaltynskyi,Ялтинський,Ялтинский,UA0120,Autonomous Republic of Crimea,Автономна Республіка Крим,Автономная Республика Крым,UA01,Ukraine,Україна,Украина,UA,34.94627401,1,1,portrait,34.15131225,44.52822611,81400000,Council,Рада,new,0111900000,UA01200310000097903
Ahronomichna,Агрономічна,Агрономическая,UA0502001,Vinnytskyi,Вінницький,Винницкий,UA0502,Vinnytska,Вінницька,Винницкая,UA05,Ukraine,Україна,Украина,UA,85.70602371,1,6,portrait,28.33692258,49.18394655,81400000,Council,Рада,0520600000,0520680200,UA05020010000053508
Vinnytska,Вінницька,Винницкая,UA0502003,Vinnytskyi,Вінницький,Винницкий,UA0502,Vinnytska,Вінницька,Винницкая,UA05,Ukraine,Україна,Украина,UA,255.9345671,1,9,landscape,28.55845474,49.23866768,81400000,Council,Рада,0520600000,0510100000,UA05020030000031457
Voronovytska,Вороновицька,Вороновицкая,UA0502005,Vinnytskyi,Вінницький,Винницкий,UA0502,Vinnytska,Вінницька,Винницкая,UA05,Ukraine,Україна,Украина,UA,373.5584067,1,21,portrait,28.74692052,49.14651244,81400000,Council,Рада,0520600000,0520655300,UA05020050000066991
Hnivanska,Гніванська,Гниваньская,UA0502007,Vinnytskyi,Вінницький,Винницкий,UA0502,Vinnytska,Вінницька,Винницкая,UA05,Ukraine,Україна,Украина,UA,232.7462513,1,11,portrait,28.31316799,49.06120449,81400000,Council,Рада,0520600000,0524510500,UA05020070000010139
Illinetska,Іллінецька,Ильинецкая,UA0502009,Vinnytskyi,Вінницький,Винницкий,UA0502,Vinnytska,Вінницька,Винницкая,UA05,Ukraine,Україна,Украина,UA,470.5903367,1,30,portrait,29.20916663,49.07461891,81400000,Council,Рада,0520600000,0521210100,UA05020090000067118
Lypovetska,Липовецька,Липовецкая,UA0502011,Vinnytskyi,Вінницький,Винницкий,UA0502,Vinnytska,Вінницька,Винницкая,UA05,Ukraine,Україна,Украина,UA,612.2490416,1,38,portrait,29.02805314,49.23822345,81400000,Council,Рада,0520600000,0522210100,UA05020110000052014
Litynska,Літинська,Литинская,UA0502013,Vinnytskyi,Вінницький,Винницкий,UA0502,Vinnytska,Вінницька,Винницкая,UA05,Ukraine,Україна,Украина,UA,586.0671656,1,36,landscape,28.03165632,49.34364672,81400000,Council,Рада,0520600000,0522455100,UA05020130000056031
Luka-Meleshkivska,Лука-Мелешківська,Лука-Мелешковская,UA0502015,Vinnytskyi,Вінницький,Винницкий,UA0502,Vinnytska,Вінницька,Винницкая,UA05,Ukraine,Україна,Украина,UA,166.6345636,1,13,portrait,28.49120538,49.14457437,81400000,Council,Рада,0520600000,0520682800,UA05020150000074651
Nemyrivska,Немирівська,Нимировская,UA0502017,Vinnytskyi,Вінницький,Винницкий,UA0502,Vinnytska,Вінницька,Винницкая,UA05,Ukraine,Україна,Украина,UA,674.5265998,1,53,landscape,28.84592911,48.9903534,81400000,Council,Рада,0520600000,0523010100,UA05020170000049432
Orativska,Оратівська,Оратовская,UA0502019,Vinnytskyi,Вінницький,Винницкий,UA0502,Vinnytska,Вінницька,Винницкая,UA05,Ukraine,Україна,Украина,UA,839.125335,1,52,landscape,29.48743317,49.21965998,81400000,Council,Рада,0520600000,0523155100,UA05020190000015755
Pohrebyshchenska,Погребищенська,Погребищенская,UA0502021,Vinnytskyi,Вінницький,Винницкий,UA0502,Vinnytska,Вінницька,Винницкая,UA05,Ukraine,Україна,Украина,UA,1199.216033,1,60,landscape,29.26880242,49.47432388,81400000,Council,Рада,0520600000,0523410100,UA05020210000033427
Stryzhavska,Стрижавська,Стрижавская,UA0502023,Vinnytskyi,Вінницький,Винницкий,UA0502,Vinnytska,Вінницька,Винницкая,UA05,Ukraine,Україна,Украина,UA,240.0420625,1,13,landscape,28.44858026,49.32343265,81400000,Council,Рада,0520600000,0520655900,UA05020230000029909
Sutyskivska,Сутисківська,Сутисковская,UA0502025,Vinnytskyi,Вінницький,Винницкий,UA0502,Vinnytska,Вінницька,Винницкая,UA05,Ukraine,Україна,Украина,UA,63.65358857,1,3,portrait,28.43419204,49.05239068,81400000,Council,Рада,0520600000,0524555700,UA05020250000055470
Tyvrivska,Тиврівська,Тывровская,UA0502027,Vinnytskyi,Вінницький,Винницкий,UA0502,Vinnytska,Вінницька,Винницкая,UA05,Ukraine,Україна,Украина,UA,420.4769254,1,26,landscape,28.46347287,48.93126659,81400000,Council,Рада,0520600000,0524555100,UA05020270000044358
Turbivska,Турбівська,Турбовская,UA0502029,Vinnytskyi,Вінницький,Винницкий,UA0502,Vinnytska,Вінницька,Винницкая,UA05,Ukraine,Україна,Украина,UA,390.5130367,1,22,landscape,28.79305359,49.34614086,81400000,Council,Рада,0520600000,0522255500,UA05020290000092626
Yakushynetska,Якушинецька,Якушинецкая,UA0502031,Vinnytskyi,Вінницький,Винницкий,UA0502,Vinnytska,Вінницька,Винницкая,UA05,Ukraine,Україна,Украина,UA,279.9328464,1,17,portrait,28.22912448,49.21226712,81400000,Council,Рада,0520600000,0520688900,UA05020310000080026
Bershadska,Бершадська,Бершадская,UA0504001,Haisynskyi,Гайсинський,Гайсинский,UA0504,Vinnytska,Вінницька,Винницкая,UA05,Ukraine,Україна,Украина,UA,870.9883505,1,29,landscape,29.56359717,48.35115348,81400000,Council,Рада,0520800000,0520410100,UA05040010000022470
Haisynska,Гайсинська,Гайсинская,UA0504003,Haisynskyi,Гайсинський,Гайсинский,UA0504,Vinnytska,Вінницька,Винницкая,UA05,Ukraine,Україна,Украина,UA,660.15413,1,43,portrait,29.39230108,48.75949144,81400000,Council,Рада,0520800000,0520810100,UA05040030000050131
Dashivska,Дашівська,Дашевская,UA0504005,Haisynskyi,Гайсинський,Гайсинский,UA0504,Vinnytska,Вінницька,Винницкая,UA05,Ukraine,Україна,Украина,UA,445.774228,1,24,landscape,29.48060823,48.99604526,81400000,Council,Рада,0520800000,0521255400,UA05040050000080930
Dzhulynska,Джулинська,Джулинская,UA0504007,Haisynskyi,Гайсинський,Гайсинский,UA0504,Vinnytska,Вінницька,Винницкая,UA05,Ukraine,Україна,Украина,UA,414.6691059,1,16,landscape,29.82710625,48.46905076,81400000,Council,Рада,0520800000,0520481600,UA05040070000093188
Krasnopilska,Краснопільська,Краснопольская,UA0504009,Haisynskyi,Гайсинський,Гайсинский,UA0504,Vinnytska,Вінницька,Винницкая,UA05,Ukraine,Україна,Украина,UA,326.7355569,1,13,landscape,29.65026001,48.82313003,81400000,Council,Рада,0520800000,0520882800,UA05040090000093950
Kunkivska,Кунківська,Кунковская,UA0504011,Haisynskyi,Гайсинський,Гайсинский,UA0504,Vinnytska,Вінницька,Винницкая,UA05,Ukraine,Україна,Украина,UA,174.979718,1,11,portrait,29.24589504,48.84094997,81400000,Council,Рада,0520800000,0520883300,UA05040110000042036
Ladyzhynska,Ладижинська,Ладыжинская,UA0504013,Haisynskyi,Гайсинський,Гайсинский,UA0504,Vinnytska,Вінницька,Винницкая,UA05,Ukraine,Україна,Украина,UA,121.8199453,1,6,landscape,29.24137025,48.66951147,81400000,Council,Рада,0520800000,0510600000,UA05040130000025322
Obodivska,Ободівська,Ободовская,UA0504015,Haisynskyi,Гайсинський,Гайсинский,UA0504,Vinnytska,Вінницька,Винницкая,UA05,Ukraine,Україна,Украина,UA,328.6248933,1,10,landscape,29.18127337,48.38823749,81400000,Council,Рада,0520800000,0524184200,UA05040150000077146
Olhopilska,Ольгопільська,Ольгопольская,UA0504017,Haisynskyi,Гайсинський,Гайсинский,UA0504,Vinnytska,Вінницька,Винницкая,UA05,Ukraine,Україна,Украина,UA,233.8927973,1,5,landscape,29.53222841,48.15528418,81400000,Council,Рада,0520800000,0525084400,UA05040170000093514
Raihorodska,Райгородська,Райгородская,UA0504019,Haisynskyi,Гайсинський,Гайсинский,UA0504,Vinnytska,Вінницька,Винницкая,UA05,Ukraine,Україна,Украина,UA,292.2788012,1,20,landscape,29.11408252,48.90382869,81400000,Council,Рада,0520800000,0523086400,UA05040190000039450
Sobolivska,Соболівська,Соболевская,UA0504021,Haisynskyi,Гайсинський,Гайсинский,UA0504,Vinnytska,Вінницька,Винницкая,UA05,Ukraine,Україна,Украина,UA,296.1839319,1,12,portrait,29.51289795,48.59800532,81400000,Council,Рада,0520800000,0523786400,UA05040210000068217
Teplytska,Теплицька,Тепликская,UA0504023,Haisynskyi,Гайсинський,Гайсинский,UA0504,Vinnytska,Вінницька,Винницкая,UA05,Ukraine,Україна,Украина,UA,459.4217976,1,31,landscape,29.7740496,48.63953094,81400000,Council,Рада,0520800000,0523755100,UA05040230000017028
Trostianetska,Тростянецька,Тростянецкая,UA0504025,Haisynskyi,Гайсинський,Гайсинский,UA0504,Vinnytska,Вінницька,Винницкая,UA05,Ukraine,Україна,Украина,UA,525.684666,1,27,landscape,29.22903256,48.53123802,81400000,Council,Рада,0520800000,0524155100,UA05040250000027965
Chechelnytska,Чечельницька,Чечельницкая,UA0504027,Haisynskyi,Гайсинський,Гайсинский,UA0504,Vinnytska,Вінницька,Винницкая,UA05,Ukraine,Україна,Украина,UA,525.326497,1,17,landscape,29.26840938,48.22653285,81400000,Council,Рада,0520800000,0525055100,UA05040270000051651
Barska,Барська,Барская,UA0506001,Zhmerynskyi,Жмеринський,Жмеринский,UA0506,Vinnytska,Вінницька,Винницкая,UA05,Ukraine,Україна,Украина,UA,765.6789236,1,70,portrait,27.62386107,49.02611745,81400000,Council,Рада,0521000000,0520210100,UA05060010000053179
Dzhurynska,Джуринська,Джуринская,UA0506003,Zhmerynskyi,Жмеринський,Жмеринский,UA0506,Vinnytska,Вінницька,Винницкая,UA05,Ukraine,Україна,Украина,UA,335.093072,1,16,portrait,28.32312114,48.68259753,81400000,Council,Рада,0521000000,0525381400,UA05060030000026125
Zhmerynska,Жмеринська,Жмеринская,UA0506005,Zhmerynskyi,Жмеринський,Жмеринский,UA0506,Vinnytska,Вінницька,Винницкая,UA05,Ukraine,Україна,Украина,UA,543.0064928,1,34,landscape,28.07710055,49.11264028,81400000,Council,Рада,0521000000,0510300000,UA05060050000058111
Kopaihorodska,Копайгородська,Копайгородская,UA0506007,Zhmerynskyi,Жмеринський,Жмеринский,UA0506,Vinnytska,Вінницька,Винницкая,UA05,Ukraine,Україна,Украина,UA,301.6189551,1,21,landscape,27.77571785,48.87210345,81400000,Council,Рада,0521000000,0520255300,UA05060070000012952
Murafska,Мурафська,Мурафская,UA0506009,Zhmerynskyi,Жмеринський,Жмеринский,UA0506,Vinnytska,Вінницька,Винницкая,UA05,Ukraine,Україна,Украина,UA,193.5241477,1,8,portrait,28.24353449,48.82885155,81400000,Council,Рада,0521000000,0525381800,UA05060090000058521
Severynivska,Северинівська,Севериновская,UA0506011,Zhmerynskyi,Жмеринський,Жмеринский,UA0506,Vinnytska,Вінницька,Винницкая,UA05,Ukraine,Україна,Украина,UA,220.4656328,1,19,portrait,27.89892209,49.06509123,81400000,Council,Рада,0521000000,0521085200,UA05060110000027268
Stanislavchytska,Станіславчицька,Станиславчикская,UA0506013,Zhmerynskyi,Жмеринський,Жмеринский,UA0506,Vinnytska,Вінницька,Винницкая,UA05,Ukraine,Україна,Украина,UA,304.490646,1,16,landscape,28.04265959,48.93609169,81400000,Council,Рада,0521000000,0521085800,UA05060130000030729
Sharhorodska,Шаргородська,Шаргородская,UA0506015,Zhmerynskyi,Жмеринський,Жмеринский,UA0506,Vinnytska,Вінницька,Винницкая,UA05,Ukraine,Україна,Украина,UA,482.0945444,1,32,portrait,28.0316517,48.74400912,81400000,Council,Рада,0521000000,0525310100,UA05060150000094411
Babchynetska,Бабчинецька,Бабчинецкая,UA0508001,Mohyliv-Podilskyi,Могилів-Подільський,Могилев-Подольский,UA0508,Vinnytska,Вінницька,Винницкая,UA05,Ukraine,Україна,Украина,UA,207.2068413,2,13,landscape,28.1205372,48.42117961,81400000,Council,Рада,0522600000,0524980300,UA05080010000038400
Vendychanska,Вендичанська,Вендичанская,UA0508003,Mohyliv-Podilskyi,Могилів-Подільський,Могилев-Подольский,UA0508,Vinnytska,Вінницька,Винницкая,UA05,Ukraine,Україна,Украина,UA,438.4042879,1,25,portrait,27.81664424,48.63350348,81400000,Council,Рада,0522600000,0522655500,UA05080030000089348
Mohyliv-Podilska,Могилів-Подільська,Могилев-Подольская,UA0508005,Mohyliv-Podilskyi,Могилів-Подільський,Могилев-Подольский,UA0508,Vinnytska,Вінницька,Винницкая,UA05,Ukraine,Україна,Украина,UA,370.6638905,1,26,landscape,27.88323255,48.46481609,81400000,Council,Рада,0522600000,0510400000,UA05080050000023603
Murovanokurylovetska,Мурованокуриловецька,Мурованокуриловецкая,UA0508007,Mohyliv-Podilskyi,Могилів-Подільський,Могилев-Подольский,UA0508,Vinnytska,Вінницька,Винницкая,UA05,Ukraine,Україна,Украина,UA,737.2457262,1,50,portrait,27.56783252,48.74335915,81400000,Council,Рада,0522600000,0522855100,UA05080070000010150
Chernivetska,Чернівецька,Черневецкая,UA0508009,Mohyliv-Podilskyi,Могилів-Подільський,Могилев-Подольский,UA0508,Vinnytska,Вінницька,Винницкая,UA05,Ukraine,Україна,Украина,UA,426.776181,1,30,landscape,28.14183668,48.54477203,81400000,Council,Рада,0522600000,0524955100,UA05080090000089922
Yampilska,Ямпільська,Ямпольская,UA0508011,Mohyliv-Podilskyi,Могилів-Подільський,Могилев-Подольский,UA0508,Vinnytska,Вінницька,Винницкая,UA05,Ukraine,Україна,Украина,UA,787.9334425,1,38,portrait,28.32327407,48.32064066,81400000,Council,Рада,0522600000,0525610100,UA05080110000056824
Yaryshivska,Яришівська,Ярышевская,UA0508013,Mohyliv-Podilskyi,Могилів-Подільський,Могилев-Подольский,UA0508,Vinnytska,Вінницька,Винницкая,UA05,Ukraine,Україна,Украина,UA,252.8790132,1,13,portrait,27.60864355,48.54281021,81400000,Council,Рада,0522600000,0522688200,UA05080130000024964
Bratslavska,Брацлавська,Брацлавская,UA0510001,Tulchynskyi,Тульчинський,Тульчинский,UA0510,Vinnytska,Вінницька,Винницкая,UA05,Ukraine,Україна,Украина,UA,261.0087171,1,19,landscape,28.95441964,48.8082625,81400000,Council,Рада,0524300000,0523055300,UA05100010000023453
Vapniarska,Вапнярська,Вапнярская,UA0510003,Tulchynskyi,Тульчинський,Тульчинский,UA0510,Vinnytska,Вінницька,Винницкая,UA05,Ukraine,Україна,Украина,UA,113.7750273,1,6,portrait,28.7513004,48.50681636,81400000,Council,Рада,0524300000,0523955400,UA05100030000051497
Horodkivska,Городківська,Городковская,UA0510005,Tulchynskyi,Тульчинський,Тульчинский,UA0510,Vinnytska,Вінницька,Винницкая,UA05,Ukraine,Україна,Украина,UA,462.516472,1,25,portrait,28.67108455,48.3405888,81400000,Council,Рада,0524300000,0521981200,UA05100050000038768
Kryzhopilska,Крижопільська,Крыжопольская,UA0510007,Tulchynskyi,Тульчинський,Тульчинский,UA0510,Vinnytska,Вінницька,Винницкая,UA05,Ukraine,Україна,Украина,UA,417.5193812,1,19,landscape,28.90690049,48.40296676,81400000,Council,Рада,0524300000,0521955100,UA05100070000035159
Pishchanska,Піщанська,Песчанская,UA0510009,Tulchynskyi,Тульчинський,Тульчинский,UA0510,Vinnytska,Вінницька,Винницкая,UA05,Ukraine,Україна,Украина,UA,335.6050387,1,14,landscape,28.89221806,48.25054172,81400000,Council,Рада,0524300000,0523255100,UA05100090000029847
Studenianska,Студенянська,Студенянская,UA0510011,Tulchynskyi,Тульчинський,Тульчинский,UA0510,Vinnytska,Вінницька,Винницкая,UA05,Ukraine,Україна,Украина,UA,260.9682191,1,15,landscape,28.77430211,48.15765502,81400000,Council,Рада,0524300000,0523283000,UA05100110000070795
Tomashpilska,Томашпільська,Томашпольская,UA0510013,Tulchynskyi,Тульчинський,Тульчинский,UA0510,Vinnytska,Вінницька,Винницкая,UA05,Ukraine,Україна,Украина,UA,664.0395068,1,28,portrait,28.49746503,48.54799288,81400000,Council,Рада,0524300000,0523955100,UA05100130000061386
Tulchynska,Тульчинська,Тульчинская,UA0510015,Tulchynskyi,Тульчинський,Тульчинский,UA0510,Vinnytska,Вінницька,Винницкая,UA05,Ukraine,Україна,Украина,UA,861.9993144,1,36,landscape,28.86720178,48.65367838,81400000,Council,Рада,0524300000,0524310100,UA05100150000050790
Shpykivska,Шпиківська,Шпиковская,UA0510017,Tulchynskyi,Тульчинський,Тульчинский,UA0510,Vinnytska,Вінницька,Винницкая,UA05,Ukraine,Україна,Украина,UA,478.8319281,1,27,portrait,28.55892039,48.80018212,81400000,Council,Рада,0524300000,0524355600,UA05100170000071290
Hlukhovetska,Глуховецька,Глуховецкая,UA0512001,Khmilnytskyi,Хмільницький,Хмельницкий,UA0512,Vinnytska,Вінницька,Винницкая,UA05,Ukraine,Україна,Украина,UA,263.1755013,1,17,landscape,28.80720898,49.79776766,81400000,Council,Рада,0524800000,0521455500,UA05120010000076685
Zhdanivska,Жданівська,Ждановская,UA0512003,Khmilnytskyi,Хмільницький,Хмельницкий,UA0512,Vinnytska,Вінницька,Винницкая,UA05,Ukraine,Україна,Украина,UA,167.6240371,1,15,portrait,27.8762693,49.66626295,81400000,Council,Рада,0524800000,0524881800,UA05120030000061384
Ivanivska,Іванівська,Ивановская,UA0512005,Khmilnytskyi,Хмільницький,Хмельницкий,UA0512,Vinnytska,Вінницька,Винницкая,UA05,Ukraine,Україна,Украина,UA,311.2464006,1,14,portrait,28.30791344,49.4876075,81400000,Council,Рада,0524800000,0521682800,UA05120050000063063
Kalynivska,Калинівська,Калиновская,UA0512007,Khmilnytskyi,Хмільницький,Хмельницкий,UA0512,Vinnytska,Вінницька,Винницкая,UA05,Ukraine,Україна,Украина,UA,842.7987171,1,49,landscape,28.59861871,49.50547634,81400000,Council,Рада,0524800000,0521610100,UA05120070000075759
Koziatynska,Козятинська,Казатинская,UA0512009,Khmilnytskyi,Хмільницький,Хмельницкий,UA0512,Vinnytska,Вінницька,Винницкая,UA05,Ukraine,Україна,Украина,UA,234.2719653,1,16,portrait,28.84221426,49.67941333,81400000,Council,Рада,0524800000,0510500000,UA05120090000060589
Makhnivska,Махнівська,Махновская,UA0512011,Khmilnytskyi,Хмільницький,Хмельницкий,UA0512,Vinnytska,Вінницька,Винницкая,UA05,Ukraine,Україна,Украина,UA,311.1735648,1,20,landscape,28.57072863,49.70152082,81400000,Council,Рада,0524800000,0521483200,UA05120110000018679
Samhorodotska,Самгородоцька,Самгородокская,UA0512013,Khmilnytskyi,Хмільницький,Хмельницкий,UA0512,Vinnytska,Вінницька,Винницкая,UA05,Ukraine,Україна,Украина,UA,322.9529346,1,20,portrait,28.87588097,49.55090753,81400000,Council,Рада,0524800000,0521486800,UA05120130000014261
Ulanivska,Уланівська,Улановская,UA0512015,Khmilnytskyi,Хмільницький,Хмельницкий,UA0512,Vinnytska,Вінницька,Винницкая,UA05,Ukraine,Україна,Украина,UA,611.2832394,1,36,landscape,28.18433238,49.70339938,81400000,Council,Рада,0524800000,0524887400,UA05120150000069474
Khmilnytska,Хмільницька,Хмельницкая,UA0512017,Khmilnytskyi,Хмільницький,Хмельницкий,UA0512,Vinnytska,Вінницька,Винницкая,UA05,Ukraine,Україна,Украина,UA,635.7122824,1,42,landscape,27.97694918,49.53058206,81400000,Council,Рада,0524800000,0510900000,UA05120170000013778
Volodymyr-Volynska,Володимир-Волинська,Владимир-Волынская,UA0702001,Volodymyrskyi,Володимирський,Владимирский,UA0702,Volynska,Волинська,Волынская,UA07,Ukraine,Україна,Украина,UA,103.9805398,2,9,landscape,24.2370671,50.79946372,81400000,Council,Рада,0720500000,0710200000,UA07020010000096841
Zaturtsivska,Затурцівська,Затурцевская,UA0702003,Volodymyrskyi,Володимирський,Владимирский,UA0702,Volynska,Волинська,Волынская,UA07,Ukraine,Україна,Украина,UA,360.8249901,1,26,landscape,24.77406232,50.81651871,81400000,Council,Рада,0720500000,0722482400,UA07020030000052032
Zymnivska,Зимнівська,Зимневская,UA0702005,Volodymyrskyi,Володимирський,Владимирский,UA0702,Volynska,Волинська,Волынская,UA07,Ukraine,Україна,Украина,UA,309.4767663,1,30,landscape,24.43604974,50.78344471,81400000,Council,Рада,0720500000,0720582000,UA07020050000082369
Ivanychivska,Іваничівська,Иваничевская,UA0702007,Volodymyrskyi,Володимирський,Владимирский,UA0702,Volynska,Волинська,Волынская,UA07,Ukraine,Україна,Украина,UA,98.93520211,1,9,portrait,24.35335565,50.663474,81400000,Council,Рада,0720500000,0721155100,UA07020070000082628
Lytovezka,Литовезька,Литовежская,UA0702009,Volodymyrskyi,Володимирський,Владимирский,UA0702,Volynska,Волинська,Волынская,UA07,Ukraine,Україна,Украина,UA,123.6751019,1,6,landscape,24.2424868,50.62418238,81400000,Council,Рада,0720500000,0721182400,UA07020090000019505
Lokachynska,Локачинська,Локачинская,UA0702011,Volodymyrskyi,Володимирський,Владимирский,UA0702,Volynska,Волинська,Волынская,UA07,Ukraine,Україна,Украина,UA,350.9475321,1,28,landscape,24.6813188,50.65966094,81400000,Council,Рада,0720500000,0722455100,UA07020110000037373
Novovolynska,Нововолинська,Нововолынская,UA0702013,Volodymyrskyi,Володимирський,Владимирский,UA0702,Volynska,Волинська,Волынская,UA07,Ukraine,Україна,Украина,UA,75.23879414,1,8,landscape,24.23397291,50.72291619,81400000,Council,Рада,0720500000,0710700000,UA07020130000036300
Ovadnivska,Оваднівська,Овадновская,UA0702015,Volodymyrskyi,Володимирський,Владимирский,UA0702,Volynska,Волинська,Волынская,UA07,Ukraine,Україна,Украина,UA,355.9157353,1,21,landscape,24.33018959,50.932497,81400000,Council,Рада,0720500000,0720584400,UA07020150000092012
Pavlivska,Павлівська,Павловская,UA0702017,Volodymyrskyi,Володимирський,Владимирский,UA0702,Volynska,Волинська,Волынская,UA07,Ukraine,Україна,Украина,UA,255.1231488,1,20,portrait,24.49431289,50.62623255,81400000,Council,Рада,0720500000,0721183800,UA07020170000049971
Poromivska,Поромівська,Поромовская,UA0702019,Volodymyrskyi,Володимирський,Владимирский,UA0702,Volynska,Волинська,Волынская,UA07,Ukraine,Україна,Украина,UA,108.7208412,1,18,landscape,24.07977658,50.74861449,81400000,Council,Рада,0720500000,0721184400,UA07020190000043658
Ustyluzka,Устилузька,Устилугская,UA0702021,Volodymyrskyi,Володимирський,Владимирский,UA0702,Volynska,Волинська,Волынская,UA07,Ukraine,Україна,Украина,UA,415.6570204,1,26,portrait,24.13619929,50.93022899,81400000,Council,Рада,0720500000,0720510400,UA07020210000033081
Kamin-Kashyrska,Камінь-Каширська,Камень-Каширская,UA0704001,Kamin-Kashyrskyi,Камінь-Каширський,Камень-Каширский,UA0704,Volynska,Волинська,Волынская,UA07,Ukraine,Україна,Украина,UA,1422.50131,1,55,portrait,25.07019881,51.62624588,81400000,Council,Рада,0721400000,0721410100,UA07040010000033507
Liubeshivska,Любешівська,Любешовская,UA0704003,Kamin-Kashyrskyi,Камінь-Каширський,Камень-Каширский,UA0704,Volynska,Волинська,Волынская,UA07,Ukraine,Україна,Украина,UA,1244.064699,1,41,landscape,25.40333288,51.79256268,81400000,Council,Рада,0721400000,0723155100,UA07040030000028082
Manevytska,Маневицька,Маневичская,UA0704005,Kamin-Kashyrskyi,Камінь-Каширський,Камень-Каширский,UA0704,Volynska,Волинська,Волынская,UA07,Ukraine,Україна,Украина,UA,1101.904952,1,36,landscape,25.57469209,51.23994031,81400000,Council,Рада,0721400000,0723655100,UA07040050000080830
Prylisnenska,Прилісненська,Прилесненская,UA0704007,Kamin-Kashyrskyi,Камінь-Каширський,Камень-Каширский,UA0704,Volynska,Волинська,Волынская,UA07,Ukraine,Україна,Украина,UA,525.3623355,1,11,portrait,25.53279925,51.43533627,81400000,Council,Рада,0721400000,0723685500,UA07040070000058434
Soshychnenska,Сошичненська,Сошичненская,UA0704009,Kamin-Kashyrskyi,Камінь-Каширський,Камень-Каширский,UA0704,Volynska,Волинська,Волынская,UA07,Ukraine,Україна,Украина,UA,394.6564386,1,12,landscape,24.9057797,51.46632279,81400000,Council,Рада,0721400000,0721486900,UA07040090000043197
Velymchenska,Велимченська,Велимченская,UA0706001,Kovelskyi,Ковельський,Ковельский,UA0706,Volynska,Волинська,Волынская,UA07,Ukraine,Україна,Украина,UA,111.1390692,1,4,portrait,24.70787784,51.5642069,81400000,Council,Рада,0722100000,0724280400,UA07060010000090019
Velytska,Велицька,Велицкая,UA0706003,Kovelskyi,Ковельський,Ковельский,UA0706,Volynska,Волинська,Волынская,UA07,Ukraine,Україна,Украина,UA,206.1680188,1,12,landscape,25.21667197,51.14912084,81400000,Council,Рада,0722100000,0722181200,UA07060030000041840
Vyshnivska,Вишнівська,Вишневская,UA0706005,Kovelskyi,Ковельський,Ковельский,UA0706,Volynska,Волинська,Волынская,UA07,Ukraine,Україна,Украина,UA,497.980124,1,21,landscape,24.05809254,51.1169343,81400000,Council,Рада,0722100000,0723380400,UA07060050000091514
Holobska,Голобська,Голобская,UA0706007,Kovelskyi,Ковельський,Ковельский,UA0706,Volynska,Волинська,Волынская,UA07,Ukraine,Україна,Украина,UA,301.3969126,1,23,portrait,25.03921456,51.08404624,81400000,Council,Рада,0722100000,0722155300,UA07060070000063773
Holovnenska,Головненська,Головненская,UA0706009,Kovelskyi,Ковельський,Ковельский,UA0706,Volynska,Волинська,Волынская,UA07,Ukraine,Україна,Украина,UA,316.0225793,1,14,landscape,24.10149622,51.3632829,81400000,Council,Рада,0722100000,0723355300,UA07060090000026043
Dubechnenska,Дубечненська,Дубечненская,UA0706011,Kovelskyi,Ковельський,Ковельский,UA0706,Volynska,Волинська,Волынская,UA07,Ukraine,Україна,Украина,UA,310.6430321,1,10,landscape,24.31958427,51.52698851,81400000,Council,Рада,0722100000,0725081300,UA07060110000041168
Dubivska,Дубівська,Дубовская,UA0706013,Kovelskyi,Ковельський,Ковельский,UA0706,Volynska,Волинська,Волынская,UA07,Ukraine,Україна,Украина,UA,204.9828532,1,10,portrait,24.66383895,51.33777121,81400000,Council,Рада,0722100000,0722182400,UA07060130000030797
Zabolottivska,Заболоттівська,Заболотьевская,UA0706015,Kovelskyi,Ковельський,Ковельский,UA0706,Volynska,Волинська,Волынская,UA07,Ukraine,Україна,Украина,UA,250.6550649,1,4,portrait,24.20586508,51.62842972,81400000,Council,Рада,0722100000,0724255300,UA07060150000038564
Zabrodivska,Забродівська,Забродовская,UA0706017,Kovelskyi,Ковельський,Ковельский,UA0706,Volynska,Волинська,Волынская,UA07,Ukraine,Україна,Украина,UA,333.7315403,1,18,portrait,24.59214818,51.62722201,81400000,Council,Рада,0722100000,0724283400,UA07060170000059479
Kovelska,Ковельська,Ковельская,UA0706019,Kovelskyi,Ковельський,Ковельский,UA0706,Volynska,Волинська,Волынская,UA07,Ukraine,Україна,Украина,UA,311.1061906,1,15,portrait,24.79244178,51.23599347,81400000,Council,Рада,0722100000,0710400000,UA07060190000036342
Kolodiazhnenska,Колодяжненська,Колодежненская,UA0706021,Kovelskyi,Ковельський,Ковельский,UA0706,Volynska,Волинська,Волынская,UA07,Ukraine,Україна,Украина,UA,464.4261611,1,19,portrait,24.82625351,51.14366337,81400000,Council,Рада,0722100000,0722183600,UA07060210000030014
Lukivska,Луківська,Луковская,UA0706023,Kovelskyi,Ковельський,Ковельский,UA0706,Volynska,Волинська,Волынская,UA07,Ukraine,Україна,Украина,UA,161.2159241,1,14,landscape,24.36753071,51.19906631,81400000,Council,Рада,0722100000,0725555400,UA07060230000029166
Liublynetska,Люблинецька,Люблинецкая,UA0706025,Kovelskyi,Ковельський,Ковельский,UA0706,Volynska,Волинська,Волынская,UA07,Ukraine,Україна,Украина,UA,114.8932997,1,9,portrait,24.57345835,51.23238869,81400000,Council,Рада,0722100000,0722155700,UA07060250000039902
Liubomlska,Любомльська,Любомльская,UA0706027,Kovelskyi,Ковельський,Ковельский,UA0706,Volynska,Волинська,Волынская,UA07,Ukraine,Україна,Украина,UA,296.9001045,1,15,landscape,24.10337195,51.25498215,81400000,Council,Рада,0722100000,0723310100,UA07060270000021892
Povorska,Поворська,Поворская,UA0706029,Kovelskyi,Ковельський,Ковельский,UA0706,Volynska,Волинська,Волынская,UA07,Ukraine,Україна,Украина,UA,299.2711047,1,11,landscape,25.12547774,51.26855877,81400000,Council,Рада,0722100000,0722187400,UA07060290000054842
Ratnivska,Ратнівська,Ратновская,UA0706031,Kovelskyi,Ковельський,Ковельский,UA0706,Volynska,Волинська,Волынская,UA07,Ukraine,Україна,Украина,UA,481.5315128,1,24,portrait,24.46763449,51.72429355,81400000,Council,Рада,0722100000,0724255100,UA07060310000037369
Rivnenska,Рівненська,Ровенская,UA0706033,Kovelskyi,Ковельський,Ковельский,UA0706,Volynska,Волинська,Волынская,UA07,Ukraine,Україна,Украина,UA,333.9504113,1,17,portrait,23.80699852,51.28391332,81400000,Council,Рада,0722100000,0723384900,UA07060330000052414
Samarivska,Самарівська,Самаровская,UA0706035,Kovelskyi,Ковельський,Ковельский,UA0706,Volynska,Волинська,Волынская,UA07,Ukraine,Україна,Украина,UA,255.9770684,1,19,landscape,24.72464492,51.85088698,81400000,Council,Рада,0722100000,0724286900,UA07060350000084520
Serekhovychivska,Сереховичівська,Сереховичевская,UA0706037,Kovelskyi,Ковельський,Ковельский,UA0706,Volynska,Волинська,Волынская,UA07,Ukraine,Україна,Украина,UA,167.5179674,1,11,landscape,24.69396315,51.43362932,81400000,Council,Рада,0722100000,0725084800,UA07060370000022360
Smidynska,Смідинська,Смидинская,UA0706039,Kovelskyi,Ковельський,Ковельский,UA0706,Volynska,Волинська,Волынская,UA07,Ukraine,Україна,Украина,UA,227.3702368,1,10,landscape,24.40396842,51.30287173,81400000,Council,Рада,0722100000,0725085000,UA07060390000098670
Starovyzhivska,Старовижівська,Старовыжевская,UA0706041,Kovelskyi,Ковельський,Ковельский,UA0706,Volynska,Волинська,Волынская,UA07,Ukraine,Україна,Украина,UA,372.7767414,2,17,landscape,24.40683608,51.42253796,81400000,Council,Рада,0722100000,0725055100,UA07060410000041366
Turiiska,Турійська,Турийская,UA0706043,Kovelskyi,Ковельський,Ковельский,UA0706,Volynska,Волинська,Волынская,UA07,Ukraine,Україна,Украина,UA,866.4129114,1,52,landscape,24.57000346,51.00213113,81400000,Council,Рада,0722100000,0725555100,UA07060430000041345
Shatska,Шацька,Шацкая,UA0706045,Kovelskyi,Ковельський,Ковельский,UA0706,Volynska,Волинська,Волынская,UA07,Ukraine,Україна,Украина,UA,764.0793679,1,31,landscape,23.87406443,51.49898855,81400000,Council,Рада,0722100000,0725755100,UA07060450000051170
Berestechkivska,Берестечківська,Берестечковская,UA0708001,Lutskyi,Луцький,Луцкий,UA0708,Volynska,Волинська,Волынская,UA07,Ukraine,Україна,Украина,UA,222.5858187,1,21,portrait,25.05842308,50.40157176,81400000,Council,Рада,0722800000,0720810300,UA07080010000062933
Boratynska,Боратинська,Боратинская,UA0708003,Lutskyi,Луцький,Луцкий,UA0708,Volynska,Волинська,Волынская,UA07,Ukraine,Україна,Украина,UA,284.1552821,1,24,portrait,25.24038974,50.65065524,81400000,Council,Рада,0722800000,0722880700,UA07080030000051738
Horodyshchenska,Городищенська,Городищенская,UA0708005,Lutskyi,Луцький,Луцкий,UA0708,Volynska,Волинська,Волынская,UA07,Ukraine,Україна,Украина,UA,233.8171836,1,21,portrait,25.07263642,50.57605027,81400000,Council,Рада,0722800000,0722881700,UA07080050000014573
Horokhivska,Горохівська,Гороховская,UA0708007,Lutskyi,Луцький,Луцкий,UA0708,Volynska,Волинська,Волынская,UA07,Ukraine,Україна,Украина,UA,497.8586756,6,42,landscape,24.78950868,50.52352345,81400000,Council,Рада,0722800000,0720810100,UA07080070000052255
Dorosynivska,Доросинівська,Доросиневская,UA0708009,Lutskyi,Луцький,Луцкий,UA0708,Volynska,Волинська,Волынская,UA07,Ukraine,Україна,Украина,UA,234.1584772,1,13,portrait,24.95446374,50.94574248,81400000,Council,Рада,0722800000,0724581900,UA07080090000017614
Kivertsivska,Ківерцівська,Киверцовская,UA0708011,Lutskyi,Луцький,Луцкий,UA0708,Volynska,Волинська,Волынская,UA07,Ukraine,Україна,Украина,UA,478.3123082,1,24,landscape,25.55097929,50.91720794,81400000,Council,Рада,0722800000,0721810100,UA07080110000043895
Kolkivska,Колківська,Колковская,UA0708013,Lutskyi,Луцький,Луцкий,UA0708,Volynska,Волинська,Волынская,UA07,Ukraine,Україна,Украина,UA,761.7279511,1,28,landscape,25.71008507,51.08424688,81400000,Council,Рада,0722800000,0723655400,UA07080130000017070
Kopachivska,Копачівська,Копачовская,UA0708015,Lutskyi,Луцький,Луцкий,UA0708,Volynska,Волинська,Волынская,UA07,Ukraine,Україна,Украина,UA,182.3402059,1,14,landscape,25.13672452,50.89136699,81400000,Council,Рада,0722800000,0724582900,UA07080150000089103
Lutska,Луцька,Луцкая,UA0708017,Lutskyi,Луцький,Луцкий,UA0708,Volynska,Волинська,Волынская,UA07,Ukraine,Україна,Украина,UA,380.6821123,1,36,landscape,25.25066136,50.78441239,81400000,Council,Рада,0722800000,0710100000,UA07080170000013585
Marianivska,Мар'янівська,Марьяновская,UA0708019,Lutskyi,Луцький,Луцкий,UA0708,Volynska,Волинська,Волынская,UA07,Ukraine,Україна,Украина,UA,227.1198774,1,14,landscape,24.82223572,50.40291677,81400000,Council,Рада,0722800000,0720855400,UA07080190000072811
Olytska,Олицька,Олыкская,UA0708021,Lutskyi,Луцький,Луцкий,UA0708,Volynska,Волинська,Волынская,UA07,Ukraine,Україна,Украина,UA,270.2267968,1,17,portrait,25.76305206,50.74423508,81400000,Council,Рада,0722800000,0721855400,UA07080210000090779
Pidhaitsivska,Підгайцівська,Подгайцевская,UA0708023,Lutskyi,Луцький,Луцкий,UA0708,Volynska,Волинська,Волынская,UA07,Ukraine,Україна,Украина,UA,283.8307532,1,20,landscape,25.51823784,50.74419675,81400000,Council,Рада,0722800000,0722884800,UA07080230000046097
Rozhyshchenska,Рожищенська,Рожищенская,UA0708025,Lutskyi,Луцький,Луцкий,UA0708,Volynska,Волинська,Волынская,UA07,Ukraine,Україна,Украина,UA,461.5937228,1,37,portrait,25.266616,51.00035479,81400000,Council,Рада,0722800000,0724510100,UA07080250000053335
Torchynska,Торчинська,Торчинская,UA0708027,Lutskyi,Луцький,Луцкий,UA0708,Volynska,Волинська,Волынская,UA07,Ukraine,Україна,Украина,UA,286.1381293,1,24,portrait,25.00900929,50.7603491,81400000,Council,Рада,0722800000,0722855400,UA07080270000067148
Tsumanska,Цуманська,Цуманская,UA0708029,Lutskyi,Луцький,Луцкий,UA0708,Volynska,Волинська,Волынская,UA07,Ukraine,Україна,Украина,UA,443.7394769,1,16,portrait,25.89091778,50.90164098,81400000,Council,Рада,0722800000,0721855700,UA07080290000088287
Dniprovska,Дніпровська,Днепровская,UA1202001,Dniprovskyi,Дніпровський,Днипровский,UA1202,Dnipropetrovska,Дніпропетровська,Днепропетровская,UA12,Ukraine,Україна,Украина,UA,416.5728712,2,2,landscape,35.03905622,48.4606409,81400000,Council,Рада,1221400000,1210100000,UA12020010000033698
Kytaihorodska,Китайгородська,Китайгородская,UA1202003,Dniprovskyi,Дніпровський,Днипровский,UA1202,Dnipropetrovska,Дніпропетровська,Днепропетровская,UA12,Ukraine,Україна,Украина,UA,90.48027931,1,5,landscape,34.38871752,48.91797741,81400000,Council,Рада,1221400000,1225682000,UA12020030000073022
Liubymivska,Любимівська,Любимовская,UA1202005,Dniprovskyi,Дніпровський,Днипровский,UA1202,Dnipropetrovska,Дніпропетровська,Днепропетровская,UA12,Ukraine,Україна,Украина,UA,159.8850779,1,6,portrait,35.21755681,48.37217836,81400000,Council,Рада,1221400000,1221484000,UA12020050000026654
Liashkivska,Ляшківська,Ляшковская,UA1202007,Dniprovskyi,Дніпровський,Днипровский,UA1202,Dnipropetrovska,Дніпропетровська,Днепропетровская,UA12,Ukraine,Україна,Украина,UA,84.37247113,1,9,portrait,34.44489291,49.04525715,81400000,Council,Рада,1221400000,1225683000,UA12020070000057092
Mykolaivska,Миколаївська,Николаевская,UA1202009,Dniprovskyi,Дніпровський,Днипровский,UA1202,Dnipropetrovska,Дніпропетровська,Днепропетровская,UA12,Ukraine,Україна,Украина,UA,369.4829663,1,10,landscape,34.71402495,48.37703306,81400000,Council,Рада,1221400000,1221485600,UA12020090000044548
Mohylivska,Могилівська,Могилевская,UA1202011,Dniprovskyi,Дніпровський,Днипровский,UA1202,Dnipropetrovska,Дніпропетровська,Днепропетровская,UA12,Ukraine,Україна,Украина,UA,279.7848312,1,12,landscape,34.52184317,48.83481864,81400000,Council,Рада,1221400000,1225683600,UA12020110000034205
Novooleksandrivska,Новоолександрівська,Новоалександровская,UA1202013,Dniprovskyi,Дніпровський,Днипровский,UA1202,Dnipropetrovska,Дніпропетровська,Днепропетровская,UA12,Ukraine,Україна,Украина,UA,237.5110918,1,12,landscape,35.09966282,48.29977641,81400000,Council,Рада,1221400000,1221486200,UA12020130000022909
Novopokrovska,Новопокровська,Новопокровская,UA1202015,Dniprovskyi,Дніпровський,Днипровский,UA1202,Dnipropetrovska,Дніпропетровська,Днепропетровская,UA12,Ukraine,Україна,Украина,UA,530.6321402,1,33,landscape,34.49270072,48.00824779,81400000,Council,Рада,1221400000,1225055400,UA12020150000050274
Obukhivska,Обухівська,Обуховская,UA1202017,Dniprovskyi,Дніпровський,Днипровский,UA1202,Dnipropetrovska,Дніпропетровська,Днепропетровская,UA12,Ukraine,Україна,Украина,UA,144.5741297,1,3,landscape,34.82130998,48.53222938,81400000,Council,Рада,1221400000,1221455400,UA12020170000068526
Petrykivska,Петриківська,Петриковская,UA1202019,Dniprovskyi,Дніпровський,Днипровский,UA1202,Dnipropetrovska,Дніпропетровська,Днепропетровская,UA12,Ukraine,Україна,Украина,UA,834.8812215,1,19,landscape,34.66639884,48.71291898,81400000,Council,Рада,1221400000,1223755100,UA12020190000075117
Pidhorodnenska,Підгородненська,Подгородненская,UA1202021,Dniprovskyi,Дніпровський,Днипровский,UA1202,Dnipropetrovska,Дніпропетровська,Днепропетровская,UA12,Ukraine,Україна,Украина,UA,232.683144,1,5,landscape,35.08350245,48.67913451,81400000,Council,Рада,1221400000,1221411000,UA12020210000032285
Sviatovasylivska,Святовасилівська,Святовасильевская,UA1202023,Dniprovskyi,Дніпровський,Днипровский,UA1202,Dnipropetrovska,Дніпропетровська,Днепропетровская,UA12,Ukraine,Україна,Украина,UA,306.7383716,1,23,portrait,34.50320793,48.2007303,81400000,Council,Рада,1221400000,1225083500,UA12020230000085693
Slobozhanska,Слобожанська,Слобожанская,UA1202025,Dniprovskyi,Дніпровський,Днипровский,UA1202,Dnipropetrovska,Дніпропетровська,Днепропетровская,UA12,Ukraine,Україна,Украина,UA,258.657678,1,6,landscape,34.77821527,48.61246444,81400000,Council,Рада,1221400000,1221455800,UA12020250000010438
Solonianska,Солонянська,Солонянская,UA1202027,Dniprovskyi,Дніпровський,Днипровский,UA1202,Dnipropetrovska,Дніпропетровська,Днепропетровская,UA12,Ukraine,Україна,Украина,UA,902.7406266,1,51,landscape,34.88458595,48.18141429,81400000,Council,Рада,1221400000,1225055100,UA12020270000063450
Sursko-Lytovska,Сурсько-Литовська,Сурско-Литовская,UA1202029,Dniprovskyi,Дніпровський,Днипровский,UA1202,Dnipropetrovska,Дніпропетровська,Днепропетровская,UA12,Ukraine,Україна,Украина,UA,106.7184344,1,4,portrait,34.893095,48.32124098,81400000,Council,Рада,1221400000,1221487500,UA12020290000063321
Tsarychanska,Царичанська,Царичанская,UA1202031,Dniprovskyi,Дніпровський,Днипровский,UA1202,Dnipropetrovska,Дніпропетровська,Днепропетровская,UA12,Ukraine,Україна,Украина,UA,453.3799142,1,23,landscape,34.60754049,48.97331254,81400000,Council,Рада,1221400000,1225655100,UA12020310000017431
Chumakivska,Чумаківська,Чумаковская,UA1202033,Dniprovskyi,Дніпровський,Днипровский,UA1202,Dnipropetrovska,Дніпропетровська,Днепропетровская,UA12,Ukraine,Україна,Украина,UA,190.7579676,2,11,portrait,34.86907658,48.66277215,81400000,Council,Рада,1221400000,1221488000,UA12020330000076598
Bozhedarivska,Божедарівська,Божедаровская,UA1204001,Kamianskyi,Кам’янський,Каменский,UA1204,Dnipropetrovska,Дніпропетровська,Днепропетровская,UA12,Ukraine,Україна,Украина,UA,607.6394823,1,42,portrait,34.12905603,48.2972451,81400000,Council,Рада,new,1222055700,UA12040010000018960
Verkhivtsivska,Верхівцівська,Верховцевская,UA1204003,Kamianskyi,Кам’янський,Каменский,UA1204,Dnipropetrovska,Дніпропетровська,Днепропетровская,UA12,Ukraine,Україна,Украина,UA,153.3701924,1,11,portrait,34.15906013,48.46285247,81400000,Council,Рада,new,1221010300,UA12040030000066040
Verkhnodniprovska,Верхньодніпровська,Верхнеднепровская,UA1204005,Kamianskyi,Кам’янський,Каменский,UA1204,Dnipropetrovska,Дніпропетровська,Днепропетровская,UA12,Ukraine,Україна,Украина,UA,1044.309514,1,48,landscape,34.17432724,48.65816904,81400000,Council,Рада,new,1221010100,UA12040050000057182
Vyshnivska,Вишнівська,Вишневская,UA1204007,Kamianskyi,Кам’янський,Каменский,UA1204,Dnipropetrovska,Дніпропетровська,Днепропетровская,UA12,Ukraine,Україна,Украина,UA,227.64879,1,10,landscape,33.86398829,48.48180432,81400000,Council,Рада,new,1224555300,UA12040070000083117
Vilnohirska,Вільногірська,Вольногорская,UA1204009,Kamianskyi,Кам’янський,Каменский,UA1204,Dnipropetrovska,Дніпропетровська,Днепропетровская,UA12,Ukraine,Україна,Украина,UA,125.298608,1,11,portrait,33.97558033,48.5383429,81400000,Council,Рада,new,1210200000,UA12040090000029346
Zhovtovodska,Жовтоводська,Желтоводская,UA1204011,Kamianskyi,Кам’янський,Каменский,UA1204,Dnipropetrovska,Дніпропетровська,Днепропетровская,UA12,Ukraine,Україна,Украина,UA,78.61495313,3,4,portrait,33.54848013,48.3300974,81400000,Council,Рада,new,1210700000,UA12040110000091524
Zatyshnianska,Затишнянська,Затишнянская,UA1204013,Kamianskyi,Кам’янський,Каменский,UA1204,Dnipropetrovska,Дніпропетровська,Днепропетровская,UA12,Ukraine,Україна,Украина,UA,373.2129162,1,23,portrait,34.25013088,48.1580846,81400000,Council,Рада,new,1222082700,UA12040130000037856
Kamianska,Кам'янська,Каменская,UA1204015,Kamianskyi,Кам’янський,Каменский,UA1204,Dnipropetrovska,Дніпропетровська,Днепропетровская,UA12,Ukraine,Україна,Украина,UA,133.9317005,2,3,landscape,34.64619259,48.49996674,81400000,Council,Рада,new,1210400000,UA12040150000015189
Krynychanska,Криничанська,Криничанская,UA1204017,Kamianskyi,Кам’янський,Каменский,UA1204,Dnipropetrovska,Дніпропетровська,Днепропетровская,UA12,Ukraine,Україна,Украина,UA,690.8592761,1,46,portrait,34.41145153,48.38105317,81400000,Council,Рада,new,1222055100,UA12040170000019083
Lykhivska,Лихівська,Лиховская,UA1204019,Kamianskyi,Кам’янський,Каменский,UA1204,Dnipropetrovska,Дніпропетровська,Днепропетровская,UA12,Ukraine,Україна,Украина,UA,467.8852613,1,26,landscape,33.86423752,48.63746195,81400000,Council,Рада,new,1224555600,UA12040190000056469
Piatykhatska,П'ятихатська,Пятихатская,UA1204021,Kamianskyi,Кам’янський,Каменский,UA1204,Dnipropetrovska,Дніпропетровська,Днепропетровская,UA12,Ukraine,Україна,Украина,UA,510.4385842,1,31,landscape,33.59894638,48.48180924,81400000,Council,Рада,new,1224510100,UA12040210000039759
Saksahanska,Саксаганська,Саксаганская,UA1204023,Kamianskyi,Кам’янський,Каменский,UA1204,Dnipropetrovska,Дніпропетровська,Днепропетровская,UA12,Ukraine,Україна,Украина,UA,395.0324892,1,19,landscape,33.80174387,48.32240022,81400000,Council,Рада,new,1224587000,UA12040230000099388
Apostolivska,Апостолівська,Апостоловская,UA1206001,Kryvorizkyi,Криворізький,Криворожский,UA1206,Dnipropetrovska,Дніпропетровська,Днепропетровская,UA12,Ukraine,Україна,Украина,UA,671.829167,1,20,portrait,33.7723027,47.75766815,81400000,Council,Рада,1221800000,1220310100,UA12060010000090992
Vakulivska,Вакулівська,Вакуловская,UA1206003,Kryvorizkyi,Криворізький,Криворожский,UA1206,Dnipropetrovska,Дніпропетровська,Днепропетровская,UA12,Ukraine,Україна,Украина,UA,286.308062,1,18,portrait,33.92419167,47.91016463,81400000,Council,Рада,1221800000,1225283300,UA12060030000081794
Hleiuvatska,Глеюватська,Глееватская,UA1206005,Kryvorizkyi,Криворізький,Криворожский,UA1206,Dnipropetrovska,Дніпропетровська,Днепропетровская,UA12,Ukraine,Україна,Украина,UA,340.3228119,2,19,portrait,33.4599849,48.14553779,81400000,Council,Рада,1221800000,1221882000,UA12060050000031212
Hrechanopodivska,Гречаноподівська,Гречаноподовская,UA1206007,Kryvorizkyi,Криворізький,Криворожский,UA1206,Dnipropetrovska,Дніпропетровська,Днепропетровская,UA12,Ukraine,Україна,Украина,UA,236.1531078,1,15,portrait,33.47130799,47.73126884,81400000,Council,Рада,1221800000,1225885700,UA12060070000012840
Hrushivska,Грушівська,Грушевская,UA1206009,Kryvorizkyi,Криворізький,Криворожский,UA1206,Dnipropetrovska,Дніпропетровська,Днепропетровская,UA12,Ukraine,Україна,Украина,UA,286.6836504,1,7,landscape,34.02910938,47.51089701,81400000,Council,Рада,1221800000,1220384400,UA12060090000074553
Devladivska,Девладівська,Девладовская,UA1206011,Kryvorizkyi,Криворізький,Криворожский,UA1206,Dnipropetrovska,Дніпропетровська,Днепропетровская,UA12,Ukraine,Україна,Украина,UA,408.4255432,1,34,portrait,33.75860499,48.17263733,81400000,Council,Рада,1221800000,1225282500,UA12060110000015305
Zelenodolska,Зеленодольська,Зеленодольская,UA1206013,Kryvorizkyi,Криворізький,Криворожский,UA1206,Dnipropetrovska,Дніпропетровська,Днепропетровская,UA12,Ukraine,Україна,Украина,UA,298.4785922,1,4,landscape,33.75822086,47.53829623,81400000,Council,Рада,1221800000,1220310300,UA12060130000012028
Karpivska,Карпівська,Карповcкая,UA1206015,Kryvorizkyi,Криворізький,Криворожский,UA1206,Dnipropetrovska,Дніпропетровська,Днепропетровская,UA12,Ukraine,Україна,Украина,UA,370.1234374,1,26,landscape,33.07231276,47.65179477,81400000,Council,Рада,1221800000,1225884800,UA12060150000015198
Kryvorizka,Криворізька,Криворожская,UA1206017,Kryvorizkyi,Криворізький,Криворожский,UA1206,Dnipropetrovska,Дніпропетровська,Днепропетровская,UA12,Ukraine,Україна,Украина,UA,460.2470636,7,6,portrait,33.35316462,47.87505968,81400000,Council,Рада,1221800000,1211000000,UA12060170000091033
Lozuvatska,Лозуватська,Лозоватская,UA1206019,Kryvorizkyi,Криворізький,Криворожский,UA1206,Dnipropetrovska,Дніпропетровська,Днепропетровская,UA12,Ukraine,Україна,Украина,UA,564.9589228,1,32,portrait,33.20557788,47.98662158,81400000,Council,Рада,1221800000,1221884000,UA12060190000043514
Nyvotrudivska,Нивотрудівська,Нивотрудовская,UA1206021,Kryvorizkyi,Криворізький,Криворожский,UA1206,Dnipropetrovska,Дніпропетровська,Днепропетровская,UA12,Ukraine,Україна,Украина,UA,134.2334191,1,8,portrait,33.60489093,47.78160208,81400000,Council,Рада,1221800000,1220387700,UA12060210000077302
Novolativska,Новолатівська,Новолатовская,UA1206023,Kryvorizkyi,Криворізький,Криворожский,UA1206,Dnipropetrovska,Дніпропетровська,Днепропетровская,UA12,Ukraine,Україна,Украина,UA,266.3465729,1,11,landscape,33.14829809,47.82121181,81400000,Council,Рада,1221800000,1225885500,UA12060230000032833
Novopilska,Новопільська,Новопольская,UA1206025,Kryvorizkyi,Криворізький,Криворожский,UA1206,Dnipropetrovska,Дніпропетровська,Днепропетровская,UA12,Ukraine,Україна,Украина,UA,432.1399542,2,38,portrait,33.66172245,47.88505727,81400000,Council,Рада,1221800000,1221884700,UA12060250000064393
Sofiivska,Софіївська,Софиевская,UA1206027,Kryvorizkyi,Криворізький,Криворожский,UA1206,Dnipropetrovska,Дніпропетровська,Днепропетровская,UA12,Ukraine,Україна,Украина,UA,668.1371234,1,29,landscape,33.96716766,48.07880692,81400000,Council,Рада,1221800000,1225255100,UA12060270000017282
Shyrokivska,Широківська,Широковская,UA1206029,Kryvorizkyi,Криворізький,Криворожский,UA1206,Dnipropetrovska,Дніпропетровська,Днепропетровская,UA12,Ukraine,Україна,Украина,UA,307.7721576,1,15,portrait,33.37195493,47.58406719,81400000,Council,Рада,1221800000,1225855100,UA12060290000039013
Marhanetska,Марганецька,Марганецкая,UA1208001,Nikopolskyi,Нікопольський,Никопольский,UA1208,Dnipropetrovska,Дніпропетровська,Днепропетровская,UA12,Ukraine,Україна,Украина,UA,267.2762393,1,8,landscape,34.70275566,47.60611899,81400000,Council,Рада,1222900000,1211300000,UA12080010000029838
Myrivska,Мирівська,Мировская,UA1208003,Nikopolskyi,Нікопольський,Никопольский,UA1208,Dnipropetrovska,Дніпропетровська,Днепропетровская,UA12,Ukraine,Україна,Украина,UA,316.1930388,1,15,landscape,34.80958531,47.67976764,81400000,Council,Рада,1222900000,1225485500,UA12080030000022466
Nikopolska,Нікопольська,Никопольская,UA1208005,Nikopolskyi,Нікопольський,Никопольский,UA1208,Dnipropetrovska,Дніпропетровська,Днепропетровская,UA12,Ukraine,Україна,Украина,UA,50.27901618,2,1,landscape,34.37736078,47.57888491,81400000,Council,Рада,1222900000,1211600000,UA12080050000062712
Pershotravnevska,Першотравневська,Першотравневская,UA1208007,Nikopolskyi,Нікопольський,Никопольский,UA1208,Dnipropetrovska,Дніпропетровська,Днепропетровская,UA12,Ukraine,Україна,Украина,UA,792.1165286,1,45,landscape,34.36597371,47.84290409,81400000,Council,Рада,1222900000,1222985200,UA12080070000077032
Pokrovska,Покровська,Покровская,UA1208009,Nikopolskyi,Нікопольський,Никопольский,UA1208,Dnipropetrovska,Дніпропетровська,Днепропетровская,UA12,Ukraine,Україна,Украина,UA,168.7470666,4,6,portrait,34.01692518,47.7085372,81400000,Council,Рада,1222900000,1212100000,UA12080090000039979
Pokrovska,Покровська,Покровская,UA1208011,Nikopolskyi,Нікопольський,Никопольский,UA1208,Dnipropetrovska,Дніпропетровська,Днепропетровская,UA12,Ukraine,Україна,Украина,UA,529.021663,1,13,portrait,34.196241,47.5576646,81400000,Council,Рада,1222900000,1222985500,UA12080110000055958
Tomakivska,Томаківська,Томановская,UA1208013,Nikopolskyi,Нікопольський,Никопольский,UA1208,Dnipropetrovska,Дніпропетровська,Днепропетровская,UA12,Ukraine,Україна,Украина,UA,669.8842658,1,35,landscape,34.67385209,47.89490345,81400000,Council,Рада,1222900000,1225455100,UA12080130000071360
Chervonohryhorivska,Червоногригорівська,Червоногригоровская,UA1208015,Nikopolskyi,Нікопольський,Никопольский,UA1208,Dnipropetrovska,Дніпропетровська,Днепропетровская,UA12,Ukraine,Україна,Украина,UA,447.617229,1,7,portrait,34.50663381,47.69047634,81400000,Council,Рада,1222900000,1222955700,UA12080150000061416
Hubynyska,Губиниська,Губинихская,UA1210001,Novomoskovskyi,Новомосковський,Новомосковский,UA1210,Dnipropetrovska,Дніпропетровська,Днепропетровская,UA12,Ukraine,Україна,Украина,UA,735.9628793,1,25,landscape,35.22306751,48.7925437,81400000,Council,Рада,1223200000,1223255600,UA12100010000093577
Lychkivska,Личківська,Лычковская,UA1210003,Novomoskovskyi,Новомосковський,Новомосковский,UA1210,Dnipropetrovska,Дніпропетровська,Днепропетровская,UA12,Ukraine,Україна,Украина,UA,298.1355148,1,8,landscape,35.11617265,49.09433085,81400000,Council,Рада,1223200000,1222384000,UA12100030000084605
Mahdalynivska,Магдалинівська,Мигдалиновская,UA1210005,Novomoskovskyi,Новомосковський,Новомосковский,UA1210,Dnipropetrovska,Дніпропетровська,Днепропетровская,UA12,Ukraine,Україна,Украина,UA,928.0649056,1,36,portrait,34.97190657,48.9274426,81400000,Council,Рада,1223200000,1222355100,UA12100050000045992
Novomoskovska,Новомосковська,Новомосковская,UA1210007,Novomoskovskyi,Новомосковський,Новомосковский,UA1210,Dnipropetrovska,Дніпропетровська,Днепропетровская,UA12,Ukraine,Україна,Украина,UA,36.01110304,1,1,portrait,35.20791257,48.63272132,81400000,Council,Рада,1223200000,1211900000,UA12100070000011492
Pereshchepynska,Перещепинська,Перещепинская,UA1210009,Novomoskovskyi,Новомосковський,Новомосковский,UA1210,Dnipropetrovska,Дніпропетровська,Днепропетровская,UA12,Ukraine,Україна,Украина,UA,574.7392744,1,21,landscape,35.34827167,48.97767622,81400000,Council,Рада,1223200000,1223210500,UA12100090000022751
Pishchanska,Піщанська,Песчанская,UA1210011,Novomoskovskyi,Новомосковський,Новомосковский,UA1210,Dnipropetrovska,Дніпропетровська,Днепропетровская,UA12,Ukraine,Україна,Украина,UA,402.9061998,1,9,landscape,35.34776392,48.58743667,81400000,Council,Рада,1223200000,1223285500,UA12100110000043499
Cherkaska,Черкаська,Черкасская,UA1210013,Novomoskovskyi,Новомосковський,Новомосковский,UA1210,Dnipropetrovska,Дніпропетровська,Днепропетровская,UA12,Ukraine,Україна,Украина,UA,190.0133921,1,2,landscape,35.44688036,48.70567746,81400000,Council,Рада,1223200000,1223256200,UA12100130000095653
Chernechchynska,Чернеччинська,Чернетчинская,UA1210015,Novomoskovskyi,Новомосковський,Новомосковский,UA1210,Dnipropetrovska,Дніпропетровська,Днепропетровская,UA12,Ukraine,Україна,Украина,UA,307.594344,1,8,portrait,34.7940623,49.07786047,81400000,Council,Рада,1223200000,1222387200,UA12100150000039396
Bohdanivska,Богданівська,Богдановская,UA1212001,Pavlohradskyi,Павлоградський,Павлоградский,UA1212,Dnipropetrovska,Дніпропетровська,Днепропетровская,UA12,Ukraine,Україна,Украина,UA,487.0857048,1,10,portrait,36.19569667,48.52253019,81400000,Council,Рада,1223500000,1223581300,UA12120010000087180
Verbkivska,Вербківська,Вербковская,UA1212003,Pavlohradskyi,Павлоградський,Павлоградский,UA1212,Dnipropetrovska,Дніпропетровська,Днепропетровская,UA12,Ukraine,Україна,Украина,UA,594.9465313,1,16,landscape,35.77894772,48.65113962,81400000,Council,Рада,1223500000,1223582800,UA12120030000075687
Mezhyritska,Межиріцька,Межиричская,UA1212005,Pavlohradskyi,Павлоградський,Павлоградский,UA1212,Dnipropetrovska,Дніпропетровська,Днепропетровская,UA12,Ukraine,Україна,Украина,UA,275.8131167,1,12,landscape,35.6952905,48.56751126,81400000,Council,Рада,1223500000,1223584500,UA12120050000027007
Pavlohradska,Павлоградська,Павлоградская,UA1212007,Pavlohradskyi,Павлоградський,Павлоградский,UA1212,Dnipropetrovska,Дніпропетровська,Днепропетровская,UA12,Ukraine,Україна,Украина,UA,59.06063215,1,1,landscape,35.86341703,48.54089413,81400000,Council,Рада,1223500000,1212400000,UA12120070000057518
Ternivska,Тернівська,Терновская,UA1212009,Pavlohradskyi,Павлоградський,Павлоградский,UA1212,Dnipropetrovska,Дніпропетровська,Днепропетровская,UA12,Ukraine,Україна,Украина,UA,14.33769123,2,2,portrait,36.07829466,48.52233062,81400000,Council,Рада,1223500000,1213500000,UA12120090000031622
Troitska,Троїцька,Троицкая,UA1212011,Pavlohradskyi,Павлоградський,Павлоградский,UA1212,Dnipropetrovska,Дніпропетровська,Днепропетровская,UA12,Ukraine,Україна,Украина,UA,241.2596212,1,10,portrait,35.857726,48.4495314,81400000,Council,Рада,1223500000,1223587500,UA12120110000010894
Yurivska,Юр'ївська,Юрьевская,UA1212013,Pavlohradskyi,Павлоградський,Павлоградский,UA1212,Dnipropetrovska,Дніпропетровська,Днепропетровская,UA12,Ukraine,Україна,Украина,UA,757.2940532,1,47,landscape,35.94529239,48.7788528,81400000,Council,Рада,1223500000,1225955100,UA12120130000021632
Brahynivska,Брагинівська,Брагиновская,UA1214001,Synelnykivskyi,Синельниківський,Синельниковский,UA1214,Dnipropetrovska,Дніпропетровська,Днепропетровская,UA12,Ukraine,Україна,Украина,UA,321.1154698,1,18,portrait,36.50404648,48.59804902,81400000,Council,Рада,1224800000,1223881000,UA12140010000024967
Vasylkivska,Васильківська,Васильковская,UA1214003,Synelnykivskyi,Синельниківський,Синельниковский,UA1214,Dnipropetrovska,Дніпропетровська,Днепропетровская,UA12,Ukraine,Україна,Украина,UA,884.2163616,1,56,portrait,35.90729518,48.20206343,81400000,Council,Рада,1224800000,1220755100,UA12140030000091432
Velykomykhailivska,Великомихайлівська,Великомихайловская,UA1214005,Synelnykivskyi,Синельниківський,Синельниковский,UA1214,Dnipropetrovska,Дніпропетровська,Днепропетровская,UA12,Ukraine,Україна,Украина,UA,271.9767215,1,16,portrait,36.50358092,47.95170223,81400000,Council,Рада,1224800000,1224283400,UA12140050000051356
Dubovykivska,Дубовиківська,Дубовикивская,UA1214007,Synelnykivskyi,Синельниківський,Синельниковский,UA1214,Dnipropetrovska,Дніпропетровська,Днепропетровская,UA12,Ukraine,Україна,Украина,UA,453.0722032,1,27,landscape,36.27242033,48.20220969,81400000,Council,Рада,1224800000,1220786600,UA12140070000025486
Zaitsivska,Зайцівська,Зайцевская,UA1214009,Synelnykivskyi,Синельниківський,Синельниковский,UA1214,Dnipropetrovska,Дніпропетровська,Днепропетровская,UA12,Ukraine,Україна,Украина,UA,254.8369356,1,15,landscape,35.61977531,48.44370956,81400000,Council,Рада,1224800000,1224882000,UA12140090000053443
Ilarionivska,Іларіонівська,Илларионовская,UA1214011,Synelnykivskyi,Синельниківський,Синельниковский,UA1214,Dnipropetrovska,Дніпропетровська,Днепропетровская,UA12,Ukraine,Україна,Украина,UA,240.2537451,1,17,portrait,35.34254033,48.39632534,81400000,Council,Рада,1224800000,1224855300,UA12140110000060935
Malomykhailivska,Маломихайлівська,Маломихайловская,UA1214013,Synelnykivskyi,Синельниківський,Синельниковский,UA1214,Dnipropetrovska,Дніпропетровська,Днепропетровская,UA12,Ukraine,Україна,Украина,UA,243.1161716,1,5,landscape,36.45349977,48.10474799,81400000,Council,Рада,1224800000,1224286700,UA12140130000052990
Mezhivska,Межівська,Межевская,UA1214015,Synelnykivskyi,Синельниківський,Синельниковский,UA1214,Dnipropetrovska,Дніпропетровська,Днепропетровская,UA12,Ukraine,Україна,Украина,UA,626.9629017,2,30,portrait,36.61516354,48.27809948,81400000,Council,Рада,1224800000,1222655100,UA12140150000054570
Mykolaivska,Миколаївська,Николаевская,UA1214017,Synelnykivskyi,Синельниківський,Синельниковский,UA1214,Dnipropetrovska,Дніпропетровська,Днепропетровская,UA12,Ukraine,Україна,Украина,UA,454.4102884,1,17,landscape,36.25262956,48.37382539,81400000,Council,Рада,1224800000,1223882500,UA12140170000037152
Novopavlivska,Новопавлівська,Новопавловская,UA1214019,Synelnykivskyi,Синельниківський,Синельниковский,UA1214,Dnipropetrovska,Дніпропетровська,Днепропетровская,UA12,Ukraine,Україна,Украина,UA,320.0587361,1,11,landscape,36.79596049,48.12580206,81400000,Council,Рада,1224800000,1222685500,UA12140190000047361
Pershotravenska,Першотравенська,Першотравенская,UA1214021,Synelnykivskyi,Синельниківський,Синельниковский,UA1214,Dnipropetrovska,Дніпропетровська,Днепропетровская,UA12,Ukraine,Україна,Украина,UA,2.93170527,1,1,portrait,36.4017605,48.34808971,81400000,Council,Рада,1224800000,1212600000,UA12140210000089021
Petropavlivska,Петропавлівська,Петропавловская,UA1214023,Synelnykivskyi,Синельниківський,Синельниковский,UA1214,Dnipropetrovska,Дніпропетровська,Днепропетровская,UA12,Ukraine,Україна,Украина,UA,207.0518885,2,8,portrait,36.46714645,48.35843488,81400000,Council,Рада,1224800000,1223855100,UA12140230000057328
Pokrovska,Покровська,Покровская,UA1214025,Synelnykivskyi,Синельниківський,Синельниковский,UA1214,Dnipropetrovska,Дніпропетровська,Днепропетровская,UA12,Ukraine,Україна,Украина,UA,706.0344023,1,50,landscape,36.224524,47.99713103,81400000,Council,Рада,1224800000,1224255100,UA12140250000015858
Raivska,Раївська,Раевская,UA1214027,Synelnykivskyi,Синельниківський,Синельниковский,UA1214,Dnipropetrovska,Дніпропетровська,Днепропетровская,UA12,Ukraine,Україна,Украина,UA,674.3399205,1,47,landscape,35.50267665,48.26014786,81400000,Council,Рада,1224800000,1224887100,UA12140270000072109
Rozdorska,Роздорська,Раздорская,UA1214029,Synelnykivskyi,Синельниківський,Синельниковский,UA1214,Dnipropetrovska,Дніпропетровська,Днепропетровская,UA12,Ukraine,Україна,Украина,UA,143.6329174,1,10,portrait,35.64251067,48.33391229,81400000,Council,Рада,1224800000,1224855600,UA12140290000032227
Synelnykivska,Синельниківська,Синельниковская,UA1214031,Synelnykivskyi,Синельниківський,Синельниковский,UA1214,Dnipropetrovska,Дніпропетровська,Днепропетровская,UA12,Ukraine,Україна,Украина,UA,23.73086095,1,1,landscape,35.52349486,48.32212185,81400000,Council,Рада,1224800000,1213000000,UA12140310000078816
Slavhorodska,Славгородська,Славгородская,UA1214033,Synelnykivskyi,Синельниківський,Синельниковский,UA1214,Dnipropetrovska,Дніпропетровська,Днепропетровская,UA12,Ukraine,Україна,Украина,UA,241.2137954,1,24,landscape,35.45222127,48.1364605,81400000,Council,Рада,1224800000,1224856200,UA12140330000063909
Slovianska,Слов'янська,Славянская,UA1214035,Synelnykivskyi,Синельниківський,Синельниковский,UA1214,Dnipropetrovska,Дніпропетровська,Днепропетровская,UA12,Ukraine,Україна,Украина,UA,292.94643,1,11,portrait,36.74085802,48.37596384,81400000,Council,Рада,1224800000,1222688800,UA12140350000058140
Ukrainska,Українська,Украинская,UA1214037,Synelnykivskyi,Синельниківський,Синельниковский,UA1214,Dnipropetrovska,Дніпропетровська,Днепропетровская,UA12,Ukraine,Україна,Украина,UA,264.4218693,1,8,portrait,36.5841612,48.49830023,81400000,Council,Рада,1224800000,1223886000,UA12140370000059352
Bakhmutska,Бахмутська,Бахмутская,UA1402001,Bakhmutskyi,Бахмутський,Бахмутский,UA1402,Donetska,Донецька,Донецкая,UA14,Ukraine,Україна,Украина,UA,438.5715014,2,19,landscape,38.06075065,48.56183175,81400000,Council,Рада,1420900000,1410300000,UA14020010000088496
Zvanivska,Званівська,Звановская,UA1402003,Bakhmutskyi,Бахмутський,Бахмутский,UA1402,Donetska,Донецька,Донецкая,UA14,Ukraine,Україна,Украина,UA,115.3341125,1,6,portrait,38.17938982,48.83835313,81400000,Council,Рада,1420900000,1420983500,UA14020030000023064
Svitlodarska,Світлодарська,Светлодарская,UA1402005,Bakhmutskyi,Бахмутський,Бахмутский,UA1402,Donetska,Донецька,Донецкая,UA14,Ukraine,Україна,Украина,UA,298.5596013,1,20,landscape,38.18212841,48.44783423,81400000,Council,Рада,1420900000,1420910600,UA14020050000019803
Siverska,Сіверська,Северская,UA1402007,Bakhmutskyi,Бахмутський,Бахмутский,UA1402,Donetska,Донецька,Донецкая,UA14,Ukraine,Україна,Украина,UA,193.4780377,1,7,portrait,38.09513282,48.89371463,81400000,Council,Рада,1420900000,1420910400,UA14020070000070354
Soledarska,Соледарська,Соледарская,UA1402009,Bakhmutskyi,Бахмутський,Бахмутский,UA1402,Donetska,Донецька,Донецкая,UA14,Ukraine,Україна,Украина,UA,568.6786189,1,37,landscape,38.07229023,48.71065491,81400000,Council,Рада,1420900000,1420910800,UA14020090000073988
Toretska,Торецька,Торецкая,UA1402011,Bakhmutskyi,Бахмутський,Бахмутский,UA1402,Donetska,Донецька,Донецкая,UA14,Ukraine,Україна,Украина,UA,67.87727961,14,19,portrait,37.89195133,48.38624365,81400000,Council,Рада,1420900000,1411200000,UA14020110000075529
Chasovoiarska,Часовоярська,Часовоярская,UA1402013,Bakhmutskyi,Бахмутський,Бахмутский,UA1402,Donetska,Донецька,Донецкая,UA14,Ukraine,Україна,Украина,UA,63.16406156,1,4,portrait,37.86853499,48.62259394,81400000,Council,Рада,1420900000,1420911000,UA14020130000080900
Velykonovosilkivska,Великоновосілківська,Великоновоселковская,UA1404001,Volnovaskyi,Волноваський,Волновахский,UA1404,Donetska,Донецька,Донецкая,UA14,Ukraine,Україна,Украина,UA,905.5089646,1,29,portrait,36.94613549,47.88399998,81400000,Council,Рада,1421500000,1421255100,UA14040010000017239
Volnovaska,Волноваська,Волновахская,UA1404003,Volnovaskyi,Волноваський,Волновахский,UA1404,Donetska,Донецька,Донецкая,UA14,Ukraine,Україна,Украина,UA,538.8675808,1,23,landscape,37.47793868,47.58129814,81400000,Council,Рада,1421500000,1421510100,UA14040030000025138
Vuhledarska,Вугледарська,Угледарская,UA1404005,Volnovaskyi,Волноваський,Волновахский,UA1404,Donetska,Донецька,Донецкая,UA14,Ukraine,Україна,Украина,UA,597.2537542,1,15,landscape,37.19445201,47.76845877,81400000,Council,Рада,1421500000,1414800000,UA14040050000064688
Komarska,Комарська,Комарская,UA1404007,Volnovaskyi,Волноваський,Волновахский,UA1404,Donetska,Донецька,Донецкая,UA14,Ukraine,Україна,Украина,UA,421.2674538,1,24,portrait,36.71879695,47.98717578,81400000,Council,Рада,1421500000,1421282400,UA14040070000032181
Myrnenska,Мирненська,Мирненская,UA1404009,Volnovaskyi,Волноваський,Волновахский,UA1404,Donetska,Донецька,Донецкая,UA14,Ukraine,Україна,Украина,UA,416.3135361,1,15,portrait,37.76419587,47.43433052,81400000,Council,Рада,1421500000,1421556600,UA14040090000061195
Olhynska,Ольгинська,Ольгинская,UA1404011,Volnovaskyi,Волноваський,Волновахский,UA1404,Donetska,Донецька,Донецкая,UA14,Ukraine,Україна,Украина,UA,344.0758534,1,11,landscape,37.48283572,47.70124336,81400000,Council,Рада,1421500000,1421557200,UA14040110000019914
Staromlynivska,Старомлинівська,Старомлыновская,UA1404013,Volnovaskyi,Волноваський,Волновахский,UA1404,Donetska,Донецька,Донецкая,UA14,Ukraine,Україна,Украина,UA,570.6584988,1,14,landscape,36.9399208,47.65967012,81400000,Council,Рада,1421500000,1421285200,UA14040130000068575
Khlibodarivska,Хлібодарівська,Хлебодаровская,UA1404015,Volnovaskyi,Волноваський,Волновахский,UA1404,Donetska,Донецька,Донецкая,UA14,Ukraine,Україна,Украина,UA,660.4282521,1,27,landscape,37.43928559,47.45112197,81400000,Council,Рада,1421500000,1421588000,UA14040150000099558
Vuhlehirska,Вуглегірська,Углегорская,UA1406001,Horlivskyi,Горлівський,Горловский,UA1406,Donetska,Донецька,Донецкая,UA14,Ukraine,Україна,Украина,UA,216.4496297,1,16,landscape,38.40542901,48.25640707,81400000,Council,Рада,new,1420910200,UA14060010000010738
Horlivska,Горлівська,Горловская,UA1406003,Horlivskyi,Горлівський,Горловский,UA1406,Donetska,Донецька,Донецкая,UA14,Ukraine,Україна,Украина,UA,389.9991516,2,10,portrait,38.05787609,48.32760563,81400000,Council,Рада,new,1410600000,UA14060030000084305
Debaltsivska,Дебальцівська,Дебальцевская,UA1406005,Horlivskyi,Горлівський,Горловский,UA1406,Donetska,Донецька,Донецкая,UA14,Ukraine,Україна,Украина,UA,146.4006815,1,7,portrait,38.34649265,48.346851,81400000,Council,Рада,new,1410900000,UA14060050000034979
Yenakiievska,Єнакієвська,Енакиевская,UA1406007,Horlivskyi,Горлівський,Горловский,UA1406,Donetska,Донецька,Донецкая,UA14,Ukraine,Україна,Украина,UA,215.9594691,3,14,landscape,38.11771626,48.22230084,81400000,Council,Рада,new,1412000000,UA14060070000066382
Zhdanivska,Жданівська,Ждановская,UA1406009,Horlivskyi,Горлівський,Горловский,UA1406,Donetska,Донецька,Донецкая,UA14,Ukraine,Україна,Украина,UA,155.7515833,1,5,landscape,38.25036388,48.15516703,81400000,Council,Рада,new,1412100000,UA14060090000054042
Snizhnianska,Сніжнянська,Снежнянская,UA1406011,Horlivskyi,Горлівський,Горловский,UA1406,Donetska,Донецька,Донецкая,UA14,Ukraine,Україна,Украина,UA,580.7089747,1,30,landscape,38.83879385,47.94204762,81400000,Council,Рада,new,1414400000,UA14060110000052135
Khrestivska,Хрестівська,Крестовская,UA1406013,Horlivskyi,Горлівський,Горловский,UA1406,Donetska,Донецька,Донецкая,UA14,Ukraine,Україна,Украина,UA,278.974431,2,22,portrait,38.4134289,48.16125933,81400000,Council,Рада,new,1412500000,UA14060130000085167
Chystiakivska,Чистяківська,Чистяковская,UA1406015,Horlivskyi,Горлівський,Горловский,UA1406,Donetska,Донецька,Донецкая,UA14,Ukraine,Україна,Украина,UA,217.3970758,1,6,landscape,38.60296507,48.07752152,81400000,Council,Рада,new,1414700000,UA14060150000032950
Shakhtarska,Шахтарська,Шахтерская,UA1406017,Horlivskyi,Горлівський,Горловский,UA1406,Donetska,Донецька,Донецкая,UA14,Ukraine,Україна,Украина,UA,253.8994891,5,22,landscape,38.45550413,48.01158188,81400000,Council,Рада,new,1415300000,UA14060170000097532
Amvrosiivska,Амвросіївська,Амвросиевская,UA1408001,Donetskyi,Донецький,Донецкий,UA1408,Donetska,Донецька,Донецкая,UA14,Ukraine,Україна,Украина,UA,1114.596623,1,58,landscape,38.50599645,47.77122667,81400000,Council,Рада,new,1420610100,UA14080010000095044
Donetska,Донецька,Донецкая,UA1408003,Donetskyi,Донецький,Донецкий,UA1408,Donetska,Донецька,Донецкая,UA14,Ukraine,Україна,Украина,UA,634.9706708,1,14,landscape,37.76663235,47.96959837,81400000,Council,Рада,new,1410100000,UA14080030000053877
Ilovaiska,Іловайська,Иловайская,UA1408005,Donetskyi,Донецький,Донецкий,UA1408,Donetska,Донецька,Донецкая,UA14,Ukraine,Україна,Украина,UA,329.5666499,1,22,landscape,38.26550786,47.88687161,81400000,Council,Рада,new,1415070800,UA14080050000085820
Makiivska,Макіївська,Макеевская,UA1408007,Donetskyi,Донецький,Донецкий,UA1408,Donetska,Донецька,Донецкая,UA14,Ukraine,Україна,Украина,UA,456.4301486,9,33,portrait,37.98133417,48.0958079,81400000,Council,Рада,new,1413500000,UA14080070000011977
Khartsyzka,Харцизька,Харцызская,UA1408009,Donetskyi,Донецький,Донецкий,UA1408,Donetska,Донецька,Донецкая,UA14,Ukraine,Україна,Украина,UA,258.814475,3,18,landscape,38.19808463,48.02842592,81400000,Council,Рада,new,1415000000,UA14080090000014360
Yasynuvatska,Ясинуватська,Ясиноватская,UA1408011,Donetskyi,Донецький,Донецкий,UA1408,Donetska,Донецька,Донецкая,UA14,Ukraine,Україна,Украина,UA,98.20934344,1,7,portrait,37.83721622,48.0978704,81400000,Council,Рада,new,1415500000,UA14080110000066209
Boikivska,Бойківська,Бойковская,UA1410001,Kalmiuskyi,Кальміуський,Кальмиусский,UA1410,Donetska,Донецька,Донецкая,UA14,Ukraine,Україна,Украина,UA,809.2175266,1,42,landscape,38.11931487,47.40855418,81400000,Council,Рада,new,1424855100,UA14100010000054669
Dokuchaievska,Докучаєвська,Докучаевская,UA1410003,Kalmiuskyi,Кальміуський,Кальмиусский,UA1410,Donetska,Донецька,Донецкая,UA14,Ukraine,Україна,Украина,UA,321.4766252,1,14,portrait,37.69408805,47.82765977,81400000,Council,Рада,new,1411600000,UA14100030000067479
Kalmiuska,Кальміуська,Кальмиусская,UA1410005,Kalmiuskyi,Кальміуський,Кальмиусский,UA1410,Donetska,Донецька,Донецкая,UA14,Ukraine,Україна,Украина,UA,678.1318288,1,38,landscape,38.11761954,47.61883184,81400000,Council,Рада,new,1424510400,UA14100050000098906
Novoazovska,Новоазовська,Новоазовская,UA1410007,Kalmiuskyi,Кальміуський,Кальмиусский,UA1410,Donetska,Донецька,Донецкая,UA14,Ukraine,Україна,Украина,UA,738.3835284,1,40,landscape,38.05191026,47.1920509,81400000,Council,Рада,new,1423610100,UA14100070000079873
Starobeshivska,Старобешівська,Старобешевская,UA1410009,Kalmiuskyi,Кальміуський,Кальмиусский,UA1410,Donetska,Донецька,Донецкая,UA14,Ukraine,Україна,Украина,UA,579.8167245,2,22,portrait,37.97214352,47.77366271,81400000,Council,Рада,new,1424555100,UA14100090000050286
Andriivska,Андріївська,Андреевская,UA1412001,Kramatorskyi,Краматорський,Краматорский,UA1412,Donetska,Донецька,Донецкая,UA14,Ukraine,Україна,Украина,UA,158.9589166,1,5,portrait,37.33845293,48.63902446,81400000,Council,Рада,new,1424280500,UA14120010000096882
Druzhkivska,Дружківська,Дружковская,UA1412003,Kramatorskyi,Краматорський,Краматорский,UA1412,Donetska,Донецька,Донецкая,UA14,Ukraine,Україна,Украина,UA,295.3272149,2,20,landscape,37.50632576,48.55554637,81400000,Council,Рада,new,1411700000,UA14120030000057882
Illinivska,Іллінівська,Ильиновская,UA1412005,Kramatorskyi,Краматорський,Краматорский,UA1412,Donetska,Донецька,Донецкая,UA14,Ukraine,Україна,Украина,UA,523.2113276,1,25,landscape,37.62432704,48.41379234,81400000,Council,Рада,new,1422482700,UA14120050000033910
Kostiantynivska,Костянтинівська,Константиновская,UA1412007,Kramatorskyi,Краматорський,Краматорский,UA1412,Donetska,Донецька,Донецкая,UA14,Ukraine,Україна,Украина,UA,458.6309491,2,24,landscape,37.73674443,48.55776354,81400000,Council,Рада,new,1412600000,UA14120070000090878
Kramatorska,Краматорська,Краматорская,UA1412009,Kramatorskyi,Краматорський,Краматорский,UA1412,Donetska,Донецька,Донецкая,UA14,Ukraine,Україна,Украина,UA,413.4727988,5,15,landscape,37.55104192,48.73275698,81400000,Council,Рада,new,1412900000,UA14120090000098500
Lymanska,Лиманська,Лиманская,UA1412011,Kramatorskyi,Краматорський,Краматорский,UA1412,Donetska,Донецька,Донецкая,UA14,Ukraine,Україна,Украина,UA,1207.011657,1,40,landscape,37.86527285,49.02971417,81400000,Council,Рада,new,1413300000,UA14120110000031497
Mykolaivska,Миколаївська,Николаевская,UA1412013,Kramatorskyi,Краматорський,Краматорский,UA1412,Donetska,Донецька,Донецкая,UA14,Ukraine,Україна,Украина,UA,334.7137117,1,15,portrait,37.76133007,48.80979111,81400000,Council,Рада,new,1424210800,UA14120130000086767
Novodonetska,Новодонецька,Новодонецкая,UA1412015,Kramatorskyi,Краматорський,Краматорский,UA1412,Donetska,Донецька,Донецкая,UA14,Ukraine,Україна,Украина,UA,284.0625872,1,20,landscape,36.96908707,48.60729002,81400000,Council,Рада,new,1411545600,UA14120150000071686
Oleksandrivska,Олександрівська,Александровская,UA1412017,Kramatorskyi,Краматорський,Краматорский,UA1412,Donetska,Донецька,Донецкая,UA14,Ukraine,Україна,Украина,UA,721.9687876,1,42,landscape,37.03966472,48.71571285,81400000,Council,Рада,new,1420355100,UA14120170000011133
Sviatohirska,Святогірська,Святогорская,UA1412019,Kramatorskyi,Краматорський,Краматорский,UA1412,Donetska,Донецька,Донецкая,UA14,Ukraine,Україна,Украина,UA,374.9868067,1,13,landscape,37.48278316,48.96281476,81400000,Council,Рада,new,1414170500,UA14120190000021407
Slovianska,Слов'янська,Славянская,UA1412021,Kramatorskyi,Краматорський,Краматорский,UA1412,Donetska,Донецька,Донецкая,UA14,Ukraine,Україна,Украина,UA,119.3313878,3,5,landscape,37.56833946,48.85578489,81400000,Council,Рада,new,1414100000,UA14120210000056793
Cherkaska,Черкаська,Черкасская,UA1412023,Kramatorskyi,Краматорський,Краматорский,UA1412,Donetska,Донецька,Донецкая,UA14,Ukraine,Україна,Украина,UA,295.0788189,1,11,landscape,37.31209159,48.84255969,81400000,Council,Рада,new,1424256500,UA14120230000038918
Kalchytska,Кальчицька,Кальчикская,UA1414001,Mariupolskyi,Маріупольський,Мариупольский,UA1414,Donetska,Донецька,Донецкая,UA14,Ukraine,Україна,Украина,UA,442.4111291,1,16,landscape,37.55368065,47.3156115,81400000,Council,Рада,new,1421782200,UA14140010000044623
Manhushska,Мангушська,Мангушская,UA1414003,Mariupolskyi,Маріупольський,Мариупольский,UA1414,Donetska,Донецька,Донецкая,UA14,Ukraine,Україна,Украина,UA,635.3172561,1,17,landscape,37.26138489,47.03314682,81400000,Council,Рада,new,1423955100,UA14140030000092230
Mariupolska,Маріупольська,Мариупольская,UA1414005,Mariupolskyi,Маріупольський,Мариупольский,UA1414,Donetska,Донецька,Донецкая,UA14,Ukraine,Україна,Украина,UA,374.513216,1,11,landscape,37.49569295,47.12940101,81400000,Council,Рада,new,1412300000,UA14140050000020560
Nikolska,Нікольська,Никольская,UA1414007,Mariupolskyi,Маріупольський,Мариупольский,UA1414,Donetska,Донецька,Донецкая,UA14,Ukraine,Україна,Украина,UA,783.1733919,1,27,landscape,37.22714187,47.23115153,81400000,Council,Рада,new,1421755100,UA14140070000060361
Sartanska,Сартанська,Сартанская,UA1414009,Mariupolskyi,Маріупольський,Мариупольский,UA1414,Donetska,Донецька,Донецкая,UA14,Ukraine,Україна,Украина,UA,398.1490469,1,18,portrait,37.74052037,47.18884005,81400000,Council,Рада,new,1412345300,UA14140090000015932
Avdiivska,Авдіївська,Авдеевская,UA1416001,Pokrovskyi,Покровський,Покровский,UA1416,Donetska,Донецька,Донецкая,UA14,Ukraine,Україна,Украина,UA,30.9771758,2,2,landscape,37.77860913,48.12458263,81400000,Council,Рада,1422700000,1410200000,UA14160010000086090
Bilozerska,Білозерська,Белозерская,UA1416003,Pokrovskyi,Покровський,Покровский,UA1416,Donetska,Донецька,Донецкая,UA14,Ukraine,Україна,Украина,UA,68.39913484,2,7,landscape,37.10677924,48.56264331,81400000,Council,Рада,1422700000,1411570500,UA14160030000019136
Hrodivska,Гродівська,Гродовская,UA1416005,Pokrovskyi,Покровський,Покровский,UA1416,Donetska,Донецька,Донецкая,UA14,Ukraine,Україна,Украина,UA,339.322229,1,32,landscape,37.40129528,48.2872811,81400000,Council,Рада,1422700000,1422755300,UA14160050000083011
Dobropilska,Добропільська,Добропольская,UA1416007,Pokrovskyi,Покровський,Покровский,UA1416,Donetska,Донецька,Донецкая,UA14,Ukraine,Україна,Украина,UA,263.1970249,1,16,landscape,37.14025353,48.4834451,81400000,Council,Рада,1422700000,1411500000,UA14160070000097326
Kryvorizka,Криворізька,Криворожская,UA1416009,Pokrovskyi,Покровський,Покровский,UA1416,Donetska,Донецька,Донецкая,UA14,Ukraine,Україна,Украина,UA,278.2866963,1,22,landscape,36.93493242,48.42083165,81400000,Council,Рада,1422700000,1422084400,UA14160090000058463
Kurakhivska,Курахівська,Кураховская,UA1416011,Pokrovskyi,Покровський,Покровский,UA1416,Donetska,Донецька,Донецкая,UA14,Ukraine,Україна,Украина,UA,350.4753264,1,28,portrait,37.25628482,48.02333172,81400000,Council,Рада,1422700000,1423310600,UA14160110000031920
Marinska,Мар'їнська,Марьинская,UA1416013,Pokrovskyi,Покровський,Покровский,UA1416,Donetska,Донецька,Донецкая,UA14,Ukraine,Україна,Украина,UA,486.9159543,2,18,portrait,37.41758517,47.91068224,81400000,Council,Рада,1422700000,1423310100,UA14160130000011561
Myrnohradska,Мирноградська,Мирноградская,UA1416015,Pokrovskyi,Покровський,Покровский,UA1416,Donetska,Донецька,Донецкая,UA14,Ukraine,Україна,Украина,UA,67.24481912,1,5,portrait,37.24865495,48.31628379,81400000,Council,Рада,1422700000,1411300000,UA14160150000038750
Novohrodivska,Новогродівська,Новогродовская,UA1416017,Pokrovskyi,Покровський,Покровский,UA1416,Donetska,Донецька,Донецкая,UA14,Ukraine,Україна,Украина,UA,154.9821499,1,15,landscape,37.4154128,48.15003684,81400000,Council,Рада,1422700000,1413600000,UA14160170000023385
Ocheretynska,Очеретинська,Очеретинская,UA1416019,Pokrovskyi,Покровський,Покровский,UA1416,Donetska,Донецька,Донецкая,UA14,Ukraine,Україна,Украина,UA,729.1778894,2,40,portrait,37.6661632,48.20637863,81400000,Council,Рада,1422700000,1425555900,UA14160190000059231
Pokrovska,Покровська,Покровская,UA1416021,Pokrovskyi,Покровський,Покровский,UA1416,Donetska,Донецька,Донецкая,UA14,Ukraine,Україна,Украина,UA,515.1373843,1,41,portrait,37.13972211,48.25086138,81400000,Council,Рада,1422700000,1413200000,UA14160210000011148
Selydivska,Селидівська,Селидовская,UA1416023,Pokrovskyi,Покровський,Покровский,UA1416,Donetska,Донецька,Донецкая,UA14,Ukraine,Україна,Украина,UA,150.4739573,1,9,landscape,37.25513826,48.15298401,81400000,Council,Рада,1422700000,1413800000,UA14160230000060952
Udachnenska,Удачненська,Удачненская,UA1416025,Pokrovskyi,Покровський,Покровский,UA1416,Donetska,Донецька,Донецкая,UA14,Ukraine,Україна,Украина,UA,213.7930651,1,7,portrait,36.98049705,48.2466325,81400000,Council,Рада,1422700000,1422756300,UA14160250000075646
Shakhivska,Шахівська,Шаховская,UA1416027,Pokrovskyi,Покровський,Покровский,UA1416,Donetska,Донецька,Донецкая,UA14,Ukraine,Україна,Украина,UA,355.910085,1,22,landscape,37.29828094,48.44615682,81400000,Council,Рада,1422700000,1422087700,UA14160270000099007
Andrushivska,Андрушівська,Андрушевская,UA1802001,Berdychivskyi,Бердичівський,Бердичевский,UA1802,Zhytomyrska,Житомирська,Житомирская,UA18,Ukraine,Україна,Украина,UA,615.3706725,1,25,portrait,29.09344184,49.98295019,81400000,Council,Рада,1820800000,1820310100,UA18020010000059904
Berdychivska,Бердичівська,Бердичевская,UA1802003,Berdychivskyi,Бердичівський,Бердичевский,UA1802,Zhytomyrska,Житомирська,Житомирская,UA18,Ukraine,Україна,Украина,UA,82.98884308,1,3,portrait,28.55577934,49.91049233,81400000,Council,Рада,1820800000,1810400000,UA18020030000035625
Vchoraishenska,Вчорайшенська,Вчерайшенская,UA1802005,Berdychivskyi,Бердичівський,Бердичевский,UA1802,Zhytomyrska,Житомирська,Житомирская,UA18,Ukraine,Україна,Украина,UA,270.9652607,1,13,landscape,29.1174277,49.827659,81400000,Council,Рада,1820800000,1825282400,UA18020050000058053
Hryshkovetska,Гришковецька,Гришковецкая,UA1802007,Berdychivskyi,Бердичівський,Бердичевский,UA1802,Zhytomyrska,Житомирська,Житомирская,UA18,Ukraine,Україна,Украина,UA,214.2687489,1,17,landscape,28.69170877,49.98742862,81400000,Council,Рада,1820800000,1820855300,UA18020070000083539
Krasnopilska,Краснопільська,Краснопольская,UA1802009,Berdychivskyi,Бердичівський,Бердичевский,UA1802,Zhytomyrska,Житомирська,Житомирская,UA18,Ukraine,Україна,Украина,UA,337.2771665,1,17,landscape,28.06023217,49.81709212,81400000,Council,Рада,1820800000,1825884400,UA18020090000092001
Raihorodotska,Райгородоцька,Райгородокская,UA1802011,Berdychivskyi,Бердичівський,Бердичевский,UA1802,Zhytomyrska,Житомирська,Житомирская,UA18,Ukraine,Україна,Украина,UA,251.3893209,2,21,landscape,28.41466018,49.86251883,81400000,Council,Рада,1820800000,1820885200,UA18020110000026941
Ruzhynska,Ружинська,Ружинская,UA1802013,Berdychivskyi,Бердичівський,Бердичевский,UA1802,Zhytomyrska,Житомирська,Житомирская,UA18,Ukraine,Україна,Украина,UA,730.8554886,1,37,landscape,29.230605,49.68647868,81400000,Council,Рада,1820800000,1825255100,UA18020130000096761
Semenivska,Семенівська,Семеновская,UA1802015,Berdychivskyi,Бердичівський,Бердичевский,UA1802,Zhytomyrska,Житомирська,Житомирская,UA18,Ukraine,Україна,Украина,UA,219.3501278,1,14,portrait,28.71944129,49.87092398,81400000,Council,Рада,1820800000,1820882400,UA18020150000084693
Chervonenska,Червоненська,Червоненская,UA1802017,Berdychivskyi,Бердичівський,Бердичевский,UA1802,Zhytomyrska,Житомирська,Житомирская,UA18,Ukraine,Україна,Украина,UA,157.6223539,1,7,portrait,28.86747241,50.00229155,81400000,Council,Рада,1820800000,1820355600,UA18020170000036711
Shvaikivska,Швайківська,Швайковская,UA1802019,Berdychivskyi,Бердичівський,Бердичевский,UA1802,Zhytomyrska,Житомирська,Житомирская,UA18,Ukraine,Україна,Украина,UA,132.1160236,1,8,portrait,28.46976567,49.99168822,81400000,Council,Рада,1820800000,1820887700,UA18020190000022756
Andrushkivska,Андрушківська,Андрушковская,UA1804001,Zhytomyrskyi,Житомирський,Житомирский,UA1804,Zhytomyrska,Житомирська,Житомирская,UA18,Ukraine,Україна,Украина,UA,138.0839136,1,6,landscape,29.31472568,49.90224354,81400000,Council,Рада,1822000000,1824780300,UA18040010000031446
Berezivska,Березівська,Березовская,UA1804003,Zhytomyrskyi,Житомирський,Житомирский,UA1804,Zhytomyrska,Житомирська,Житомирская,UA18,Ukraine,Україна,Украина,UA,225.5650373,1,16,landscape,28.43489238,50.32114304,81400000,Council,Рада,1822000000,1822080300,UA18040030000089649
Brusylivska,Брусилівська,Брусиловская,UA1804005,Zhytomyrskyi,Житомирський,Житомирский,UA1804,Zhytomyrska,Житомирська,Житомирская,UA18,Ukraine,Україна,Украина,UA,626.7928916,1,37,portrait,29.49551144,50.25260608,81400000,Council,Рада,1822000000,1820955100,UA18040050000049937
Vysokivska,Високівська,Высоковская,UA1804007,Zhytomyrskyi,Житомирський,Житомирский,UA1804,Zhytomyrska,Житомирська,Житомирская,UA18,Ukraine,Україна,Украина,UA,96.92261503,1,5,portrait,28.82256594,50.40271018,81400000,Council,Рада,1822000000,1825682000,UA18040070000059677
Vyshevytska,Вишевицька,Вышевичская,UA1804009,Zhytomyrskyi,Житомирський,Житомирский,UA1804,Zhytomyrska,Житомирська,Житомирская,UA18,Ukraine,Україна,Украина,UA,146.909894,1,7,portrait,29.42123925,50.67286458,81400000,Council,Рада,1822000000,1825081800,UA18040090000077574
Vilshanska,Вільшанська,Ольшанская,UA1804011,Zhytomyrskyi,Житомирський,Житомирский,UA1804,Zhytomyrska,Житомирська,Житомирская,UA18,Ukraine,Україна,Украина,UA,220.5076713,1,12,portrait,28.11330802,49.94676258,81400000,Council,Рада,1822000000,1825886400,UA18040110000034222
Volytska,Волицька,Волицкая,UA1804013,Zhytomyrskyi,Житомирський,Житомирский,UA1804,Zhytomyrska,Житомирська,Житомирская,UA18,Ukraine,Україна,Украина,UA,169.372951,1,8,portrait,29.04774017,50.11732854,81400000,Council,Рада,1822000000,1820381600,UA18040130000075048
Hlybochytska,Глибочицька,Глубочицкая,UA1804015,Zhytomyrskyi,Житомирський,Житомирский,UA1804,Zhytomyrska,Житомирська,Житомирская,UA18,Ukraine,Україна,Украина,UA,185.1500982,1,13,portrait,28.83830325,50.26574745,81400000,Council,Рада,1822000000,1822082000,UA18040150000019024
Horodotska,Городоцька,Городецкая,UA1804017,Zhytomyrskyi,Житомирський,Житомирский,UA1804,Zhytomyrska,Житомирська,Житомирская,UA18,Ukraine,Україна,Украина,UA,37.37933282,1,3,portrait,29.46962672,50.58330228,81400000,Council,Рада,1822000000,1825055500,UA18040170000089964
Zhytomyrska,Житомирська,Житомирская,UA1804019,Zhytomyrskyi,Житомирський,Житомирский,UA1804,Zhytomyrska,Житомирська,Житомирская,UA18,Ukraine,Україна,Украина,UA,87.19911433,2,2,portrait,28.67565741,50.25875304,81400000,Council,Рада,1822000000,1810100000,UA18040190000029215
Kvitneva,Квітнева,Квитневая,UA1804021,Zhytomyrskyi,Житомирський,Житомирский,UA1804,Zhytomyrska,Житомирська,Житомирская,UA18,Ukraine,Україна,Украина,UA,159.6630116,1,9,landscape,29.62257665,49.96904366,81400000,Council,Рада,1822000000,1824782100,UA18040210000044466
Kornynska,Корнинська,Корнинская,UA1804023,Zhytomyrskyi,Житомирський,Житомирский,UA1804,Zhytomyrska,Житомирська,Житомирская,UA18,Ukraine,Україна,Украина,UA,239.9533242,1,10,landscape,29.57866064,50.10333519,81400000,Council,Рада,1822000000,1824755400,UA18040230000036046
Korostyshivska,Коростишівська,Коростышевская,UA1804025,Zhytomyrskyi,Житомирський,Житомирский,UA1804,Zhytomyrska,Житомирська,Житомирская,UA18,Ukraine,Україна,Украина,UA,426.6654804,1,29,landscape,29.23051516,50.26522853,81400000,Council,Рада,1822000000,1822510100,UA18040250000068141
Kurnenska,Курненська,Курненская,UA1804027,Zhytomyrskyi,Житомирський,Житомирский,UA1804,Zhytomyrska,Житомирська,Житомирская,UA18,Ukraine,Україна,Украина,UA,325.3217049,1,27,portrait,28.06466082,50.44521047,81400000,Council,Рада,1822000000,1825482600,UA18040270000050167
Liubarska,Любарська,Любарская,UA1804029,Zhytomyrskyi,Житомирський,Житомирский,UA1804,Zhytomyrska,Житомирська,Житомирская,UA18,Ukraine,Україна,Украина,UA,756.8845848,1,48,portrait,27.76791708,49.9187786,81400000,Council,Рада,1822000000,1823155100,UA18040290000063354
Myropilska,Миропільська,Миропольская,UA1804031,Zhytomyrskyi,Житомирський,Житомирский,UA1804,Zhytomyrska,Житомирська,Житомирская,UA18,Ukraine,Україна,Украина,UA,163.1645699,1,8,portrait,27.70397787,50.11256814,81400000,Council,Рада,1822000000,1821455600,UA18040310000093693
Novoborivska,Новоборівська,Новоборовская,UA1804033,Zhytomyrskyi,Житомирський,Житомирский,UA1804,Zhytomyrska,Житомирська,Житомирская,UA18,Ukraine,Україна,Украина,UA,210.3023511,1,18,landscape,28.62897209,50.67409796,81400000,Council,Рада,1822000000,1821155700,UA18040330000027310
Novohuivynska,Новогуйвинська,Новогуйвинская,UA1804035,Zhytomyrskyi,Житомирський,Житомирский,UA1804,Zhytomyrska,Житомирська,Житомирская,UA18,Ukraine,Україна,Украина,UA,423.4385024,1,24,landscape,28.54524289,50.11220431,81400000,Council,Рада,1822000000,1822055600,UA18040350000040746
Oliivska,Оліївська,Олиевская,UA1804037,Zhytomyrskyi,Житомирський,Житомирский,UA1804,Zhytomyrska,Житомирська,Житомирская,UA18,Ukraine,Україна,Украина,UA,309.6430932,1,21,landscape,28.60846907,50.35935325,81400000,Council,Рада,1822000000,1822085600,UA18040370000055940
Popilnianska,Попільнянська,Попельнянская,UA1804039,Zhytomyrskyi,Житомирський,Житомирский,UA1804,Zhytomyrska,Житомирська,Житомирская,UA18,Ukraine,Україна,Украина,UA,499.2132675,1,23,landscape,29.38195693,50.00713509,81400000,Council,Рада,1822000000,1824755100,UA18040390000055900
Potiivska,Потіївська,Потиевская,UA1804041,Zhytomyrskyi,Житомирський,Житомирский,UA1804,Zhytomyrska,Житомирська,Житомирская,UA18,Ukraine,Україна,Украина,UA,258.6081734,1,24,landscape,28.98915186,50.62666986,81400000,Council,Рада,1822000000,1825087800,UA18040410000025491
Pulynska,Пулинська,Пулинская,UA1804043,Zhytomyrskyi,Житомирський,Житомирский,UA1804,Zhytomyrska,Житомирська,Житомирская,UA18,Ukraine,Україна,Украина,UA,528.3925033,1,40,portrait,28.30727932,50.42012104,81400000,Council,Рада,1822000000,1825455100,UA18040430000080827
Radomyshlska,Радомишльська,Радомышльская,UA1804045,Zhytomyrskyi,Житомирський,Житомирский,UA1804,Zhytomyrska,Житомирська,Житомирская,UA18,Ukraine,Україна,Украина,UA,854.825615,1,49,portrait,29.25595722,50.49497909,81400000,Council,Рада,1822000000,1825010100,UA18040450000079138
Romanivska,Романівська,Романовская,UA1804047,Zhytomyrskyi,Житомирський,Житомирский,UA1804,Zhytomyrska,Житомирська,Житомирская,UA18,Ukraine,Україна,Украина,UA,719.9640427,1,51,landscape,27.98158909,50.20407907,81400000,Council,Рада,1822000000,1821455100,UA18040470000074046
Stanyshivska,Станишівська,Станишовская,UA1804049,Zhytomyrskyi,Житомирський,Житомирский,UA1804,Zhytomyrska,Житомирська,Житомирская,UA18,Ukraine,Україна,Украина,UA,284.3895041,2,21,landscape,28.83718394,50.15442106,81400000,Council,Рада,1822000000,1822086800,UA18040490000014752
Starosiletska,Старосілецька,Староселецкая,UA1804051,Zhytomyrskyi,Житомирський,Житомирский,UA1804,Zhytomyrska,Житомирська,Житомирская,UA18,Ukraine,Україна,Украина,UA,261.1654975,1,16,landscape,28.96196216,50.42952926,81400000,Council,Рада,1822000000,1822586700,UA18040510000013419
Teterivska,Тетерівська,Тетеревская,UA1804053,Zhytomyrskyi,Житомирський,Житомирский,UA1804,Zhytomyrska,Житомирська,Житомирская,UA18,Ukraine,Україна,Украина,UA,295.2724191,1,15,landscape,28.40650413,50.2222588,81400000,Council,Рада,1822000000,1822087200,UA18040530000045696
Kharytonivska,Харитонівська,Харитоновская,UA1804055,Zhytomyrskyi,Житомирський,Житомирский,UA1804,Zhytomyrska,Житомирська,Житомирская,UA18,Ukraine,Україна,Украина,UA,200.5149478,2,13,landscape,29.04887024,50.23540204,81400000,Council,Рада,1822000000,1822587900,UA18040550000062361
Khoroshivska,Хорошівська,Хорошевская,UA1804057,Zhytomyrskyi,Житомирський,Житомирский,UA1804,Zhytomyrska,Житомирська,Житомирская,UA18,Ukraine,Україна,Украина,UA,595.5509194,1,57,landscape,28.42103771,50.60964365,81400000,Council,Рада,1822000000,1821155100,UA18040570000099817
Cherniakhivska,Черняхівська,Черняховская,UA1804059,Zhytomyrskyi,Житомирський,Житомирский,UA1804,Zhytomyrska,Житомирська,Житомирская,UA18,Ukraine,Україна,Украина,UA,537.3242179,1,37,portrait,28.77834089,50.52466605,81400000,Council,Рада,1822000000,1825655100,UA18040590000064402
Chudniv,Чуднівська,Чудновская,UA1804061,Zhytomyrskyi,Житомирський,Житомирский,UA1804,Zhytomyrska,Житомирська,Житомирская,UA18,Ukraine,Україна,Украина,UA,522.8160867,1,35,portrait,28.25981344,50.02204727,81400000,Council,Рада,1822000000,1825810100,UA18040610000049084
Bilokorovytska,Білокоровицька,Белокоровичская,UA1806001,Korostenskyi,Коростенський,Коростенский,UA1806,Zhytomyrska,Житомирська,Житомирская,UA18,Ukraine,Україна,Украина,UA,103.3486727,1,3,portrait,27.99687373,51.10062504,81400000,Council,Рада,1822300000,1824480400,UA18060010000047628
Hladkovytska,Гладковицька,Гладковичская,UA1806003,Korostenskyi,Коростенський,Коростенский,UA1806,Zhytomyrska,Житомирська,Житомирская,UA18,Ukraine,Україна,Украина,UA,375.6510845,1,11,landscape,29.03870181,51.39778269,81400000,Council,Рада,1822300000,1824281900,UA18060030000039943
Horshchykivska,Горщиківська,Горщиковская,UA1806005,Korostenskyi,Коростенський,Коростенский,UA1806,Zhytomyrska,Житомирська,Житомирская,UA18,Ukraine,Україна,Украина,UA,133.8969188,1,10,landscape,28.4108974,50.93510485,81400000,Council,Рада,1822300000,1822381200,UA18060050000027575
Irshanska,Іршанська,Иршанская,UA1806007,Korostenskyi,Коростенський,Коростенский,UA1806,Zhytomyrska,Житомирська,Житомирская,UA18,Ukraine,Україна,Украина,UA,245.207582,1,14,portrait,28.78380265,50.79739612,81400000,Council,Рада,1822300000,1821155400,UA18060070000095797
Korostenska,Коростенська,Коростенская,UA1806009,Korostenskyi,Коростенський,Коростенский,UA1806,Zhytomyrska,Житомирська,Житомирская,UA18,Ukraine,Україна,Украина,UA,809.1000539,3,44,landscape,28.7966932,50.99161644,81400000,Council,Рада,1822300000,1810700000,UA18060090000061708
Luhynska,Лугинська,Лугинская,UA1806011,Korostenskyi,Коростенський,Коростенский,UA1806,Zhytomyrska,Житомирська,Житомирская,UA18,Ukraine,Україна,Украина,UA,1002.691758,2,49,portrait,28.31684966,51.07740832,81400000,Council,Рада,1822300000,1822855100,UA18060110000061631
Malynska,Малинська,Малинская,UA1806013,Korostenskyi,Коростенський,Коростенский,UA1806,Zhytomyrska,Житомирська,Житомирская,UA18,Ukraine,Україна,Украина,UA,1127.645884,1,77,landscape,29.305888,50.78887839,81400000,Council,Рада,1822300000,1810900000,UA18060130000061781
Narodytska,Народицька,Народичская,UA1806015,Korostenskyi,Коростенський,Коростенский,UA1806,Zhytomyrska,Житомирська,Житомирская,UA18,Ukraine,Україна,Украина,UA,1275.164064,1,65,portrait,29.11396939,51.1664187,81400000,Council,Рада,1822300000,1823755100,UA18060150000038188
Ovrutska,Овруцька,Овручская,UA1806017,Korostenskyi,Коростенський,Коростенский,UA1806,Zhytomyrska,Житомирська,Житомирская,UA18,Ukraine,Україна,Украина,UA,1522.712681,2,91,portrait,28.72512781,51.28693256,81400000,Council,Рада,1822300000,1824210100,UA18060170000069581
Olevska,Олевська,Олевская,UA1806019,Korostenskyi,Коростенський,Коростенский,UA1806,Zhytomyrska,Житомирська,Житомирская,UA18,Ukraine,Україна,Украина,UA,2142.510137,1,57,portrait,27.7493888,51.25544355,81400000,Council,Рада,1822300000,1824410100,UA18060190000071101
Slovechanska,Словечанська,Словечанская,UA1806021,Korostenskyi,Коростенський,Коростенский,UA1806,Zhytomyrska,Житомирська,Житомирская,UA18,Ukraine,Україна,Украина,UA,1329.04165,1,35,portrait,28.26184481,51.39303826,81400000,Council,Рада,1822300000,1824287300,UA18060210000083283
Ushomyrska,Ушомирська,Ушомирская,UA1806023,Korostenskyi,Коростенський,Коростенский,UA1806,Zhytomyrska,Житомирська,Житомирская,UA18,Ukraine,Україна,Украина,UA,647.304372,1,46,landscape,28.39108048,50.81560835,81400000,Council,Рада,1822300000,1822386000,UA18060230000071114
Chopovytska,Чоповицька,Чоповичская,UA1806025,Korostenskyi,Коростенський,Коростенский,UA1806,Zhytomyrska,Житомирська,Житомирская,UA18,Ukraine,Україна,Украина,UA,357.6331446,1,27,portrait,29.0111442,50.86108167,81400000,Council,Рада,1822300000,1823455400,UA18060250000078729
Baranivska,Баранівська,Барановская,UA1808001,Zviahelskyi,Звягельський,Звягельский,UA1808,Zhytomyrska,Житомирська,Житомирская,UA18,Ukraine,Україна,Украина,UA,602.5386068,1,35,landscape,27.64543644,50.32697517,81400000,Council,Рада,1824000000,1820610100,UA18080010000090720
Barashivska,Барашівська,Барашевская,UA1808003,Zviahelskyi,Звягельський,Звягельский,UA1808,Zhytomyrska,Житомирська,Житомирская,UA18,Ukraine,Україна,Украина,UA,491.4453625,1,36,portrait,28.10963976,50.68149386,81400000,Council,Рада,1824000000,1821780400,UA18080030000019784
Bronykivska,Брониківська,Брониковская,UA1808005,Zviahelskyi,Звягельський,Звягельский,UA1808,Zhytomyrska,Житомирська,Житомирская,UA18,Ukraine,Україна,Украина,UA,445.3069095,1,33,landscape,27.86500954,50.56712666,81400000,Council,Рада,1824000000,1824080400,UA18080050000083590
Horodnytska,Городницька,Городницкая,UA1808007,Zviahelskyi,Звягельський,Звягельский,UA1808,Zhytomyrska,Житомирська,Житомирская,UA18,Ukraine,Україна,Украина,UA,480.3113918,1,13,portrait,27.34424951,50.90322424,81400000,Council,Рада,1824000000,1824055600,UA18080070000029133
Dovbyska,Довбиська,Довбышская,UA1808009,Zviahelskyi,Звягельський,Звягельский,UA1808,Zhytomyrska,Житомирська,Житомирская,UA18,Ukraine,Україна,Украина,UA,225.1569328,1,16,landscape,27.9235887,50.35499596,81400000,Council,Рада,1824000000,1820655400,UA18080090000055832
Dubrivska,Дубрівська,Дубровская,UA1808011,Zviahelskyi,Звягельський,Звягельский,UA1808,Zhytomyrska,Житомирська,Житомирская,UA18,Ukraine,Україна,Украина,UA,173.0066522,1,12,landscape,27.37536385,50.38719014,81400000,Council,Рада,1824000000,1820681800,UA18080110000095378
Yemilchynska,Ємільчинська,Емильчинская,UA1808013,Zviahelskyi,Звягельський,Звягельский,UA1808,Zhytomyrska,Житомирська,Житомирская,UA18,Ukraine,Україна,Украина,UA,1480.583386,1,72,landscape,27.78334617,50.9021935,81400000,Council,Рада,1824000000,1821755100,UA18080130000032098
Zviahelska,Звягельська,Звягельская,UA1808015,Zviahelskyi,Звягельський,Звягельский,UA1808,Zhytomyrska,Житомирська,Житомирская,UA18,Ukraine,Україна,Украина,UA,248.5321158,1,15,landscape,27.48549616,50.59728585,81400000,Council,Рада,1824000000,1811000000,UA18080150000022496
Pishchivska,Піщівська,Пищовская,UA1808017,Zviahelskyi,Звягельський,Звягельский,UA1808,Zhytomyrska,Житомирська,Житомирская,UA18,Ukraine,Україна,Украина,UA,192.8829812,1,11,portrait,27.28048963,50.63731557,81400000,Council,Рада,1824000000,1824084600,UA18080170000023999
Stryivska,Стриївська,Стриевская,UA1808019,Zviahelskyi,Звягельський,Звягельский,UA1808,Zhytomyrska,Житомирська,Житомирская,UA18,Ukraine,Україна,Украина,UA,207.189287,1,9,landscape,27.66362854,50.50811834,81400000,Council,Рада,1824000000,1824085400,UA18080190000029932
Chyzhivska,Чижівська,Чижовская,UA1808021,Zviahelskyi,Звягельський,Звягельский,UA1808,Zhytomyrska,Житомирська,Житомирская,UA18,Ukraine,Україна,Украина,UA,437.2866474,1,27,landscape,27.50354214,50.75033074,81400000,Council,Рада,1824000000,1824086800,UA18080210000038722
Yarunska,Ярунська,Ярунская,UA1808023,Zviahelskyi,Звягельський,Звягельский,UA1808,Zhytomyrska,Житомирська,Житомирская,UA18,Ukraine,Україна,Украина,UA,256.425315,1,14,landscape,27.4225436,50.49713332,81400000,Council,Рада,1824000000,1824087400,UA18080230000071226
Bativska,Батівська,Батьевская,UA2102001,Berehivskyi,Берегівський,Береговский,UA2102,Zakarpatska,Закарпатська,Закарпатская,UA21,Ukraine,Україна,Украина,UA,116.8948202,1,9,landscape,22.40338567,48.34667223,81400000,Council,Рада,2120400000,2120455400,UA21020010000055068
Berehivska,Берегівська,Береговская,UA2102003,Berehivskyi,Берегівський,Береговский,UA2102,Zakarpatska,Закарпатська,Закарпатская,UA21,Ukraine,Україна,Украина,UA,255.746467,1,18,portrait,22.7032094,48.15024663,81400000,Council,Рада,2120400000,2110200000,UA21020030000019624
Velykoberezka,Великоберезька,Великобережская,UA2102005,Berehivskyi,Берегівський,Береговский,UA2102,Zakarpatska,Закарпатська,Закарпатская,UA21,Ukraine,Україна,Украина,UA,126.3260281,2,5,portrait,22.78982255,48.26250329,81400000,Council,Рада,2120400000,2120480800,UA21020050000065800
Velykobyihanska,Великобийганська,Великобыйганская,UA2102007,Berehivskyi,Берегівський,Береговский,UA2102,Zakarpatska,Закарпатська,Закарпатская,UA21,Ukraine,Україна,Украина,UA,97.35837377,1,7,portrait,22.56054038,48.26436589,81400000,Council,Рада,2120400000,2120482000,UA21020070000015036
Vylotska,Вилоцька,Вилокская,UA2102009,Berehivskyi,Берегівський,Береговский,UA2102,Zakarpatska,Закарпатська,Закарпатская,UA21,Ukraine,Україна,Украина,UA,137.2808991,1,11,portrait,22.87817995,48.19090131,81400000,Council,Рада,2120400000,2121255300,UA21020090000083647
Vynohradivska,Виноградівська,Виноградовская,UA2102011,Berehivskyi,Берегівський,Береговский,UA2102,Zakarpatska,Закарпатська,Закарпатская,UA21,Ukraine,Україна,Украина,UA,246.8396745,1,14,portrait,23.017254,48.17512578,81400000,Council,Рада,2120400000,2121210100,UA21020110000091104
Kamianska,Кам'янська,Каменская,UA2102013,Berehivskyi,Берегівський,Береговский,UA2102,Zakarpatska,Закарпатська,Закарпатская,UA21,Ukraine,Україна,Украина,UA,71.53646671,1,8,landscape,22.93961422,48.29960954,81400000,Council,Рада,2120400000,2121984800,UA21020130000047547
Korolivska,Королівська,Королевская,UA2102015,Berehivskyi,Берегівський,Береговский,UA2102,Zakarpatska,Закарпатська,Закарпатская,UA21,Ukraine,Україна,Украина,UA,116.563709,1,9,landscape,23.15407149,48.13764104,81400000,Council,Рада,2120400000,2121255600,UA21020150000043098
Kosonska,Косоньська,Косоньская,UA2102017,Berehivskyi,Берегівський,Береговский,UA2102,Zakarpatska,Закарпатська,Закарпатская,UA21,Ukraine,Україна,Украина,UA,96.99620194,1,8,landscape,22.4490855,48.28042056,81400000,Council,Рада,2120400000,2120485600,UA21020170000069101
Pyiterfolvivska,Пийтерфолвівська,Паятерфолвовский,UA2102019,Berehivskyi,Берегівський,Береговский,UA2102,Zakarpatska,Закарпатська,Закарпатская,UA21,Ukraine,Україна,Украина,UA,192.5224896,1,16,landscape,22.97513291,48.04584944,81400000,Council,Рада,2120400000,2121284100,UA21020190000086409
Velykoluchkivska,Великолучківська,Великолучковская,UA2104001,Mukachivskyi,Мукачівський,Мукачевский,UA2104,Zakarpatska,Закарпатська,Закарпатская,UA21,Ukraine,Україна,Украина,UA,178.3105289,1,17,portrait,22.51836507,48.44601307,81400000,Council,Рада,2122700000,2122781200,UA21040010000055885
Verkhnokoropetska,Верхньокоропецька,Верхнекоропецкая,UA2104003,Mukachivskyi,Мукачівський,Мукачевский,UA2104,Zakarpatska,Закарпатська,Закарпатская,UA21,Ukraine,Україна,Украина,UA,82.21276214,2,12,portrait,22.80891883,48.42209019,81400000,Council,Рада,2122700000,2122781600,UA21040030000026359
Volovetska,Воловецька,Воловецкая,UA2104005,Mukachivskyi,Мукачівський,Мукачевский,UA2104,Zakarpatska,Закарпатська,Закарпатская,UA21,Ukraine,Україна,Украина,UA,182.255806,1,4,portrait,23.1922127,48.68611669,81400000,Council,Рада,2122700000,2121555100,UA21040050000032164
Horondivska,Горондівська,Горондовская,UA2104007,Mukachivskyi,Мукачівський,Мукачевский,UA2104,Zakarpatska,Закарпатська,Закарпатская,UA21,Ukraine,Україна,Украина,UA,76.97051726,1,3,portrait,22.57279406,48.36396837,81400000,Council,Рада,2122700000,2122781800,UA21040070000029344
Zhdeniivska,Жденіївська,Ждениевская,UA2104009,Mukachivskyi,Мукачівський,Мукачевский,UA2104,Zakarpatska,Закарпатська,Закарпатская,UA21,Ukraine,Україна,Украина,UA,204.382308,1,11,portrait,22.95561957,48.7927534,81400000,Council,Рада,2122700000,2121555300,UA21040090000072363
Ivanovetska,Івановецька,Ивановецкая,UA2104011,Mukachivskyi,Мукачівський,Мукачевский,UA2104,Zakarpatska,Закарпатська,Закарпатская,UA21,Ukraine,Україна,Украина,UA,95.46886451,1,13,portrait,22.67001732,48.54206399,81400000,Council,Рада,2122700000,2122783200,UA21040110000099623
Kolchynska,Кольчинська,Кольчинская,UA2104013,Mukachivskyi,Мукачівський,Мукачевский,UA2104,Zakarpatska,Закарпатська,Закарпатская,UA21,Ukraine,Україна,Украина,UA,137.6027227,2,12,portrait,22.75242706,48.58683903,81400000,Council,Рада,2122700000,2122755300,UA21040130000019237
Mukachivska,Мукачівська,Мукачевская,UA2104015,Mukachivskyi,Мукачівський,Мукачевский,UA2104,Zakarpatska,Закарпатська,Закарпатская,UA21,Ukraine,Україна,Украина,UA,266.532472,1,18,landscape,22.75728716,48.33848884,81400000,Council,Рада,2122700000,2110400000,UA21040150000092428
Nelipynska,Неліпинська,Нелепинская,UA2104017,Mukachivskyi,Мукачівський,Мукачевский,UA2104,Zakarpatska,Закарпатська,Закарпатская,UA21,Ukraine,Україна,Украина,UA,126.382167,1,4,portrait,23.07706785,48.58907854,81400000,Council,Рада,2122700000,2124083500,UA21040170000092506
Nyzhnovoritska,Нижньоворітська,Нижневоротская,UA2104019,Mukachivskyi,Мукачівський,Мукачевский,UA2104,Zakarpatska,Закарпатська,Закарпатская,UA21,Ukraine,Україна,Украина,UA,155.1159138,1,11,portrait,23.12145459,48.77759537,81400000,Council,Рада,2122700000,2121584200,UA21040190000088960
Polianska,Полянська,Полянская,UA2104021,Mukachivskyi,Мукачівський,Мукачевский,UA2104,Zakarpatska,Закарпатська,Закарпатская,UA21,Ukraine,Україна,Украина,UA,222.7134828,1,13,portrait,22.9388208,48.65733597,81400000,Council,Рада,2122700000,2124084400,UA21040210000079273
Svaliavska,Свалявська,Свалявская,UA2104023,Mukachivskyi,Мукачівський,Мукачевский,UA2104,Zakarpatska,Закарпатська,Закарпатская,UA21,Ukraine,Україна,Украина,UA,155.9517734,3,10,portrait,23.0584241,48.51024625,81400000,Council,Рада,2122700000,2124010100,UA21040230000091606
Chynadiivska,Чинадіївська,Чинадиевская,UA2104025,Mukachivskyi,Мукачівський,Мукачевский,UA2104,Zakarpatska,Закарпатська,Закарпатская,UA21,Ukraine,Україна,Украина,UA,169.6430664,1,14,portrait,22.85764368,48.49399987,81400000,Council,Рада,2122700000,2122755500,UA21040250000010914
Bohdanska,Богданська,Богданская,UA2106001,Rakhivskyi,Рахівський,Раховский,UA2106,Zakarpatska,Закарпатська,Закарпатская,UA21,Ukraine,Україна,Украина,UA,486.5615948,1,6,portrait,24.42831691,48.0475257,81400000,Council,Рада,2123600000,2123681300,UA21060010000011784
Velykobychkivska,Великобичківська,Великобычковская,UA2106003,Rakhivskyi,Рахівський,Раховский,UA2106,Zakarpatska,Закарпатська,Закарпатская,UA21,Ukraine,Україна,Украина,UA,577.9679016,1,9,portrait,24.05907296,48.09538866,81400000,Council,Рада,2123600000,2123655500,UA21060030000020114
Rakhivska,Рахівська,Раховская,UA2106005,Rakhivskyi,Рахівський,Раховский,UA2106,Zakarpatska,Закарпатська,Закарпатская,UA21,Ukraine,Україна,Украина,UA,251.7487298,2,7,portrait,24.21993835,47.97741479,81400000,Council,Рада,2123600000,2123610100,UA21060050000029937
Yasinianska,Ясінянська,Ясинянская,UA2106007,Rakhivskyi,Рахівський,Раховский,UA2106,Zakarpatska,Закарпатська,Закарпатская,UA21,Ukraine,Україна,Украина,UA,528.4727246,1,7,portrait,24.34847134,48.24395082,81400000,Council,Рада,2123600000,2123656200,UA21060070000049340
Bedevlianska,Бедевлянська,Бедевлянская,UA2108001,Tiachivskyi,Тячівський,Тячевский,UA2108,Zakarpatska,Закарпатська,Закарпатская,UA21,Ukraine,Україна,Украина,UA,30.37799094,1,5,portrait,23.65989851,48.01773921,81400000,Council,Рада,2124400000,2124480400,UA21080010000097427
Bushtynska,Буштинська,Буштынская,UA2108003,Tiachivskyi,Тячівський,Тячевский,UA2108,Zakarpatska,Закарпатська,Закарпатская,UA21,Ukraine,Україна,Украина,UA,143.3422751,1,9,portrait,23.5643454,48.10894573,81400000,Council,Рада,2124400000,2124455300,UA21080030000084057
Vilkhovetska,Вільховецька,Ольховецкая,UA2108005,Tiachivskyi,Тячівський,Тячевский,UA2108,Zakarpatska,Закарпатська,Закарпатская,UA21,Ukraine,Україна,Украина,UA,74.08693666,1,6,portrait,23.71410689,48.1270277,81400000,Council,Рада,2124400000,2124485800,UA21080050000056542
Dubivska,Дубівська,Дубовская,UA2108007,Tiachivskyi,Тячівський,Тячевский,UA2108,Zakarpatska,Закарпатська,Закарпатская,UA21,Ukraine,Україна,Украина,UA,196.4380943,1,5,portrait,23.93265902,48.22200616,81400000,Council,Рада,2124400000,2124455600,UA21080070000025254
Neresnytska,Нересницька,Нересницкая,UA2108009,Tiachivskyi,Тячівський,Тячевский,UA2108,Zakarpatska,Закарпатська,Закарпатская,UA21,Ukraine,Україна,Украина,UA,333.3687466,1,12,portrait,23.78847119,48.2062512,81400000,Council,Рада,2124400000,2124484800,UA21080090000024861
Solotvynska,Солотвинська,Солотвинская,UA2108011,Tiachivskyi,Тячівський,Тячевский,UA2108,Zakarpatska,Закарпатська,Закарпатская,UA21,Ukraine,Україна,Украина,UA,160.1784869,1,9,portrait,23.85944904,48.00933234,81400000,Council,Рада,2124400000,2124455900,UA21080110000054940
Teresvianska,Тересвянська,Тересвянская,UA2108013,Tiachivskyi,Тячівський,Тячевский,UA2108,Zakarpatska,Закарпатська,Закарпатская,UA21,Ukraine,Україна,Украина,UA,47.08101181,1,3,landscape,23.743226,48.01617613,81400000,Council,Рада,2124400000,2124456200,UA21080130000093757
Tiachivska,Тячівська,Тячевская,UA2108015,Tiachivskyi,Тячівський,Тячевский,UA2108,Zakarpatska,Закарпатська,Закарпатская,UA21,Ukraine,Україна,Украина,UA,97.8688706,1,5,landscape,23.58929707,48.05350002,81400000,Council,Рада,2124400000,2124410100,UA21080150000014443
Uhlianska,Углянська,Углянская,UA2108017,Tiachivskyi,Тячівський,Тячевский,UA2108,Zakarpatska,Закарпатська,Закарпатская,UA21,Ukraine,Україна,Украина,UA,144.9234276,1,6,portrait,23.65907587,48.22553728,81400000,Council,Рада,2124400000,2124487600,UA21080170000093911
Ust-Chornianska,Усть-Чорнянська,Усть-Чорнянская,UA2108019,Tiachivskyi,Тячівський,Тячевский,UA2108,Zakarpatska,Закарпатська,Закарпатская,UA21,Ukraine,Україна,Украина,UA,639.1388911,1,4,portrait,23.97745505,48.37710793,81400000,Council,Рада,2124400000,2124456500,UA21080190000094580
Baranynska,Баранинська,Баранинская,UA2110001,Uzhhorodskyi,Ужгородський,Ужгородский,UA2110,Zakarpatska,Закарпатська,Закарпатская,UA21,Ukraine,Україна,Украина,UA,152.348911,1,12,portrait,22.3930178,48.56464682,81400000,Council,Рада,2124800000,2124880300,UA21100010000070243
Velykobereznianska,Великоберезнянська,Великоберезнянская,UA2110003,Uzhhorodskyi,Ужгородський,Ужгородский,UA2110,Zakarpatska,Закарпатська,Закарпатская,UA21,Ukraine,Україна,Украина,UA,110.2740323,1,8,portrait,22.49171879,48.89763864,81400000,Council,Рада,2124800000,2120855100,UA21100030000089881
Velykodobronska,Великодобронська,Великодобронская,UA2110005,Uzhhorodskyi,Ужгородський,Ужгородский,UA2110,Zakarpatska,Закарпатська,Закарпатская,UA21,Ukraine,Україна,Украина,UA,102.9546895,1,5,landscape,22.38526736,48.42268339,81400000,Council,Рада,2124800000,2124880900,UA21100050000042361
Dubrynytska-Malobereznianska,Дубриницько-Малоберезнянська,Дубриничско-Малоберезнянская,UA2110007,Uzhhorodskyi,Ужгородський,Ужгородский,UA2110,Zakarpatska,Закарпатська,Закарпатская,UA21,Ukraine,Україна,Украина,UA,260.7201179,1,9,landscape,22.56202749,48.8194329,81400000,Council,Рада,2124800000,2123281000,UA21100070000018509
Kostrynska,Костринська,Костринская,UA2110009,Uzhhorodskyi,Ужгородський,Ужгородский,UA2110,Zakarpatska,Закарпатська,Закарпатская,UA21,Ukraine,Україна,Украина,UA,211.232781,2,6,landscape,22.7255205,48.91669198,81400000,Council,Рада,2124800000,2120882400,UA21100090000012128
Onokivska,Оноківська,Оноковская,UA2110011,Uzhhorodskyi,Ужгородський,Ужгородский,UA2110,Zakarpatska,Закарпатська,Закарпатская,UA21,Ukraine,Україна,Украина,UA,117.2497601,1,5,portrait,22.38681893,48.6786593,81400000,Council,Рада,2124800000,2124884800,UA21100110000018765
Perechynska,Перечинська,Перечинская,UA2110013,Uzhhorodskyi,Ужгородський,Ужгородский,UA2110,Zakarpatska,Закарпатська,Закарпатская,UA21,Ukraine,Україна,Украина,UA,120.062362,1,5,landscape,22.5147932,48.74840595,81400000,Council,Рада,2124800000,2123210100,UA21100130000055002
Serednianska,Середнянська,Среднянская,UA2110015,Uzhhorodskyi,Ужгородський,Ужгородский,UA2110,Zakarpatska,Закарпатська,Закарпатская,UA21,Ukraine,Україна,Украина,UA,217.0790634,2,15,portrait,22.53641967,48.60324276,81400000,Council,Рада,2124800000,2124855500,UA21100150000019483
Stavnenska,Ставненська,Ставненская,UA2110017,Uzhhorodskyi,Ужгородський,Ужгородский,UA2110,Zakarpatska,Закарпатська,Закарпатская,UA21,Ukraine,Україна,Украина,UA,298.4494844,9,12,portrait,22.75705948,48.99566244,81400000,Council,Рада,2124800000,2120885200,UA21100170000051803
Siurtivska,Сюртівська,Сюртивская,UA2110019,Uzhhorodskyi,Ужгородський,Ужгородский,UA2110,Zakarpatska,Закарпатська,Закарпатская,UA21,Ukraine,Україна,Украина,UA,145.0982701,1,12,landscape,22.23875097,48.49914459,81400000,Council,Рада,2124800000,2124886400,UA21100190000078736
Turie-Remetivska,Тур'є-Реметівська,Турье-Реметовская,UA2110021,Uzhhorodskyi,Ужгородський,Ужгородский,UA2110,Zakarpatska,Закарпатська,Закарпатская,UA21,Ukraine,Україна,Украина,UA,436.857338,1,17,landscape,22.74390142,48.71908495,81400000,Council,Рада,2124800000,2123286300,UA21100210000026937
Uzhhorodska,Ужгородська,Ужгородская,UA2110023,Uzhhorodskyi,Ужгородський,Ужгородский,UA2110,Zakarpatska,Закарпатська,Закарпатская,UA21,Ukraine,Україна,Украина,UA,37.44763412,1,1,landscape,22.29445322,48.61810275,81400000,Council,Рада,2124800000,2110100000,UA21100230000083101
Kholmkivska,Холмківська,Холмковская,UA2110025,Uzhhorodskyi,Ужгородський,Ужгородский,UA2110,Zakarpatska,Закарпатська,Закарпатская,UA21,Ukraine,Україна,Украина,UA,65.71106425,3,10,portrait,22.24848501,48.57551811,81400000,Council,Рада,2124800000,2124887400,UA21100250000028639
Chopska,Чопська,Чопская,UA2110027,Uzhhorodskyi,Ужгородський,Ужгородский,UA2110,Zakarpatska,Закарпатська,Закарпатская,UA21,Ukraine,Україна,Украина,UA,83.99922201,1,8,landscape,22.29406701,48.38729124,81400000,Council,Рада,2124800000,2111000000,UA21100270000015047
Bilkivska,Білківська,Белковская,UA2112001,Khustskyi,Хустський,Хустский,UA2112,Zakarpatska,Закарпатська,Закарпатская,UA21,Ukraine,Україна,Украина,UA,149.0187815,2,6,landscape,23.18280225,48.28619316,81400000,Council,Рада,2125300000,2121980800,UA21120010000011654
Vyshkivska,Вишківська,Вышковская,UA2112003,Khustskyi,Хустський,Хустский,UA2112,Zakarpatska,Закарпатська,Закарпатская,UA21,Ukraine,Україна,Украина,UA,179.0872399,1,6,landscape,23.3887587,48.04341709,81400000,Council,Рада,2125300000,2125355300,UA21120030000076462
Horinchivska,Горінчівська,Горинчовская,UA2112005,Khustskyi,Хустський,Хустский,UA2112,Zakarpatska,Закарпатська,Закарпатская,UA21,Ukraine,Україна,Украина,UA,223.2991328,1,16,portrait,23.48986083,48.34517327,81400000,Council,Рада,2125300000,2125382200,UA21120050000055437
Dovzhanska,Довжанська,Должанская,UA2112007,Khustskyi,Хустський,Хустский,UA2112,Zakarpatska,Закарпатська,Закарпатская,UA21,Ukraine,Україна,Украина,UA,257.6235534,1,8,portrait,23.31831215,48.37776345,81400000,Council,Рада,2125300000,2121983000,UA21120070000032447
Drahivska,Драгівська,Драговская,UA2112009,Khustskyi,Хустський,Хустский,UA2112,Zakarpatska,Закарпатська,Закарпатская,UA21,Ukraine,Україна,Украина,UA,147.7564253,1,7,portrait,23.59144782,48.3061949,81400000,Council,Рада,2125300000,2125382800,UA21120090000025804
Zarichanska,Зарічанська,Заречанская,UA2112011,Khustskyi,Хустський,Хустский,UA2112,Zakarpatska,Закарпатська,Закарпатская,UA21,Ukraine,Україна,Украина,UA,41.50839825,1,4,landscape,23.07243045,48.26342351,81400000,Council,Рада,2125300000,2121984000,UA21120110000065395
Irshavska,Іршавська,Иршавская,UA2112013,Khustskyi,Хустський,Хустский,UA2112,Zakarpatska,Закарпатська,Закарпатская,UA21,Ukraine,Україна,Украина,UA,309.2503341,1,20,landscape,23.03615761,48.39663118,81400000,Council,Рада,2125300000,2121910100,UA21120130000025618
Keretskivska,Керецьківська,Керецковская,UA2112015,Khustskyi,Хустський,Хустский,UA2112,Zakarpatska,Закарпатська,Закарпатская,UA21,Ukraine,Україна,Украина,UA,297.9317757,1,4,portrait,23.26391485,48.51689106,81400000,Council,Рада,2125300000,2124082900,UA21120150000079563
Kolochavska,Колочавська,Колочавская,UA2112017,Khustskyi,Хустський,Хустский,UA2112,Zakarpatska,Закарпатська,Закарпатская,UA21,Ukraine,Україна,Украина,UA,161.25129,1,5,portrait,23.7199434,48.429586,81400000,Council,Рада,2125300000,2122482100,UA21120170000080579
Mizhhirska,Міжгірська,Межгорская,UA2112019,Khustskyi,Хустський,Хустский,UA2112,Zakarpatska,Закарпатська,Закарпатская,UA21,Ukraine,Україна,Украина,UA,553.3214736,1,22,portrait,23.51169736,48.56744881,81400000,Council,Рада,2125300000,2122455100,UA21120190000082169
Pylypetska,Пилипецька,Пилипецкая,UA2112021,Khustskyi,Хустський,Хустский,UA2112,Zakarpatska,Закарпатська,Закарпатская,UA21,Ukraine,Україна,Украина,UA,199.4108328,1,11,portrait,23.33201305,48.64509875,81400000,Council,Рада,2125300000,2122485200,UA21120210000094884
Synevyrska,Синевирська,Синевирская,UA2112023,Khustskyi,Хустський,Хустский,UA2112,Zakarpatska,Закарпатська,Закарпатская,UA21,Ukraine,Україна,Украина,UA,254.2781144,1,6,portrait,23.72650057,48.55840873,81400000,Council,Рада,2125300000,2122486900,UA21120230000041982
Khustska,Хустська,Хустская,UA2112025,Khustskyi,Хустський,Хустский,UA2112,Zakarpatska,Закарпатська,Закарпатская,UA21,Ukraine,Україна,Украина,UA,402.1920615,1,28,landscape,23.34057061,48.20335002,81400000,Council,Рада,2125300000,2110800000,UA21120250000077532
Andrivska,Андрівська,Андровская,UA2302001,Berdianskyi,Бердянський,Бердянский,UA2302,Zaporizka,Запорізька,Запорожская,UA23,Ukraine,Україна,Украина,UA,195.0555977,1,4,portrait,36.61898999,46.91819208,81400000,Council,Рада,2320600000,2320680500,UA23020010000034566
Andriivska,Андріївська,Андреевская,UA2302003,Berdianskyi,Бердянський,Бердянский,UA2302,Zaporizka,Запорізька,Запорожская,UA23,Ukraine,Україна,Украина,UA,499.2262113,1,14,portrait,36.58555589,47.04252565,81400000,Council,Рада,2320600000,2320655200,UA23020030000059558
Berdianska,Бердянська,Бердянская,UA2302005,Berdianskyi,Бердянський,Бердянский,UA2302,Zaporizka,Запорізька,Запорожская,UA23,Ukraine,Україна,Украина,UA,250.2344599,11,5,portrait,36.7406098,46.82768613,81400000,Council,Рада,2320600000,2310400000,UA23020050000046501
Berestivska,Берестівська,Берестовская,UA2302007,Berdianskyi,Бердянський,Бердянский,UA2302,Zaporizka,Запорізька,Запорожская,UA23,Ukraine,Україна,Украина,UA,498.577154,1,11,landscape,36.83813436,47.08066926,81400000,Council,Рада,2320600000,2320681000,UA23020070000049788
Kolarivska,Коларівська,Коларовская,UA2302009,Berdianskyi,Бердянський,Бердянский,UA2302,Zaporizka,Запорізька,Запорожская,UA23,Ukraine,Україна,Украина,UA,421.0719237,1,11,portrait,36.3116861,46.98455773,81400000,Council,Рада,2320600000,2324882800,UA23020090000069977
Osypenkivska,Осипенківська,Осипенковская,UA2302011,Berdianskyi,Бердянський,Бердянский,UA2302,Zaporizka,Запорізька,Запорожская,UA23,Ukraine,Україна,Украина,UA,418.9496434,1,7,portrait,36.91268316,46.91694456,81400000,Council,Рада,2320600000,2320685500,UA23020110000062653
Prymorska,Приморська,Приморская,UA2302013,Berdianskyi,Бердянський,Бердянский,UA2302,Zaporizka,Запорізька,Запорожская,UA23,Ukraine,Україна,Украина,UA,978.728037,3,20,portrait,36.23616642,46.77591481,81400000,Council,Рада,2320600000,2324810100,UA23020130000081044
Chernihivska,Чернігівська,Черниговская,UA2302015,Berdianskyi,Бердянський,Бердянский,UA2302,Zaporizka,Запорізька,Запорожская,UA23,Ukraine,Україна,Украина,UA,1196.681806,1,41,landscape,36.16124038,47.16890703,81400000,Council,Рада,2320600000,2325555100,UA23020150000063371
Blahovishchenska,Благовіщенська,Благовещенская,UA2304001,Vasylivskyi,Василівський,Васильевский,UA2304,Zaporizka,Запорізька,Запорожская,UA23,Ukraine,Україна,Украина,UA,266.103496,1,7,portrait,34.82265593,47.46003019,81400000,Council,Рада,2320900000,2322480500,UA23040010000033945
Vasylivska,Василівська,Васильевская,UA2304003,Vasylivskyi,Василівський,Васильевский,UA2304,Zaporizka,Запорізька,Запорожская,UA23,Ukraine,Україна,Украина,UA,717.3918066,1,18,landscape,35.26231621,47.48104229,81400000,Council,Рада,2320900000,2320910100,UA23040030000061166
Velykobilozerska,Великобілозерська,Великобелозерская,UA2304005,Vasylivskyi,Василівський,Васильевский,UA2304,Zaporizka,Запорізька,Запорожская,UA23,Ukraine,Україна,Украина,UA,472.0178475,1,5,portrait,34.66547985,47.22769863,81400000,Council,Рада,2320900000,2321180100,UA23040050000076136
Vodianska,Водянська,Водянская,UA2304007,Vasylivskyi,Василівський,Васильевский,UA2304,Zaporizka,Запорізька,Запорожская,UA23,Ukraine,Україна,Украина,UA,364.6277828,2,8,portrait,34.60071252,47.40337389,81400000,Council,Рада,2320900000,2322482400,UA23040070000097076
Dniprorudnenska,Дніпрорудненська,Днепрорудненская,UA2304009,Vasylivskyi,Василівський,Васильевский,UA2304,Zaporizka,Запорізька,Запорожская,UA23,Ukraine,Україна,Украина,UA,49.20107055,1,3,portrait,35.01267545,47.45162772,81400000,Council,Рада,2320900000,2320910400,UA23040090000031823
Enerhodarska,Енергодарська,Энергодарская,UA2304011,Vasylivskyi,Василівський,Васильевский,UA2304,Zaporizka,Запорізька,Запорожская,UA23,Ukraine,Україна,Украина,UA,97.15260101,1,1,landscape,34.65449256,47.51237773,81400000,Council,Рада,2320900000,2312500000,UA23040110000019947
Kamiansko-Dniprovska,Кам'янсько-Дніпровська,Каменско-Днепровская,UA2304013,Vasylivskyi,Василівський,Васильевский,UA2304,Zaporizka,Запорізька,Запорожская,UA23,Ukraine,Україна,Украина,UA,446.1821661,1,3,portrait,34.3715052,47.40344585,81400000,Council,Рада,2320900000,2322410100,UA23040130000044084
Malobilozerska,Малобілозерська,Малобелозерская,UA2304015,Vasylivskyi,Василівський,Васильевский,UA2304,Zaporizka,Запорізька,Запорожская,UA23,Ukraine,Україна,Украина,UA,621.4649393,1,8,portrait,34.94885692,47.26040274,81400000,Council,Рада,2320900000,2320983300,UA23040150000063069
Mykhailivska,Михайлівська,Михайловская,UA2304017,Vasylivskyi,Василівський,Васильевский,UA2304,Zaporizka,Запорізька,Запорожская,UA23,Ukraine,Україна,Украина,UA,613.8752476,1,12,portrait,35.20417222,47.23451071,81400000,Council,Рада,2320900000,2323355100,UA23040170000022547
Rozdolska,Роздольська,Раздольская,UA2304019,Vasylivskyi,Василівський,Васильевский,UA2304,Zaporizka,Запорізька,Запорожская,UA23,Ukraine,Україна,Украина,UA,423.9960859,1,32,portrait,35.46433382,47.31849463,81400000,Council,Рада,2320900000,2323386600,UA23040190000047410
Stepnohirska,Степногірська,Степногорская,UA2304021,Vasylivskyi,Василівський,Васильевский,UA2304,Zaporizka,Запорізька,Запорожская,UA23,Ukraine,Україна,Украина,UA,235.6900037,1,9,landscape,35.36518352,47.60196538,81400000,Council,Рада,2320900000,2320955700,UA23040210000019462
Bilenkivska,Біленьківська,Беленьковская,UA2306001,Zaporizkyi,Запорізький,Запорожский,UA2306,Zaporizka,Запорізька,Запорожская,UA23,Ukraine,Україна,Украина,UA,356.039661,1,9,portrait,35.00660088,47.6556265,81400000,Council,Рада,2322100000,2322180800,UA23060010000052992
Vilnianska,Вільнянська,Вольнянская,UA2306003,Zaporizkyi,Запорізький,Запорожский,UA2306,Zaporizka,Запорізька,Запорожская,UA23,Ukraine,Україна,Украина,UA,166.9010014,1,16,portrait,35.39578343,48.01793079,81400000,Council,Рада,2322100000,2321510100,UA23060030000037089
Dolynska,Долинська,Долинская,UA2306005,Zaporizkyi,Запорізький,Запорожский,UA2306,Zaporizka,Запорізька,Запорожская,UA23,Ukraine,Україна,Украина,UA,170.7629297,1,9,landscape,34.9488982,47.8105809,81400000,Council,Рада,2322100000,2322183500,UA23060050000065959
Zaporizka,Запорізька,Запорожская,UA2306007,Zaporizkyi,Запорізький,Запорожский,UA2306,Zaporizka,Запорізька,Запорожская,UA23,Ukraine,Україна,Украина,UA,314.1203248,2,1,landscape,35.16663112,47.83788952,81400000,Council,Рада,2322100000,2310100000,UA23060070000082704
Komyshuvaska,Комишуваська,Камышевахская,UA2306009,Zaporizkyi,Запорізький,Запорожский,UA2306,Zaporizka,Запорізька,Запорожская,UA23,Ukraine,Україна,Украина,UA,528.9291734,1,30,portrait,35.59961848,47.76909927,81400000,Council,Рада,2322100000,2323955400,UA23060090000082326
Kushuhumska,Кушугумська,Кушугумская,UA2306011,Zaporizkyi,Запорізький,Запорожский,UA2306,Zaporizka,Запорізька,Запорожская,UA23,Ukraine,Україна,Украина,UA,215.9259449,1,3,portrait,35.20323882,47.67347406,81400000,Council,Рада,2322100000,2322155600,UA23060110000049870
Matviivska,Матвіївська,Матвеевская,UA2306013,Zaporizkyi,Запорізький,Запорожский,UA2306,Zaporizka,Запорізька,Запорожская,UA23,Ukraine,Україна,Украина,UA,150.8605996,1,12,landscape,35.38582842,47.89288625,81400000,Council,Рада,2322100000,2321583600,UA23060130000058533
Mykhailivska,Михайлівська,Михайловская,UA2306015,Zaporizkyi,Запорізький,Запорожский,UA2306,Zaporizka,Запорізька,Запорожская,UA23,Ukraine,Україна,Украина,UA,163.7825863,1,15,landscape,35.21852394,47.96052737,81400000,Council,Рада,2322100000,2321584000,UA23060150000085288
Mykhailo-Lukashivska,Михайло-Лукашівська,Михайло-Лукашовская,UA2306017,Zaporizkyi,Запорізький,Запорожский,UA2306,Zaporizka,Запорізька,Запорожская,UA23,Ukraine,Україна,Украина,UA,367.606339,1,26,portrait,35.65640952,47.95843908,81400000,Council,Рада,2322100000,2321584500,UA23060170000046208
Novomykolaivska,Новомиколаївська,Новониколаевская,UA2306019,Zaporizkyi,Запорізький,Запорожский,UA2306,Zaporizka,Запорізька,Запорожская,UA23,Ukraine,Україна,Украина,UA,658.2054326,1,54,landscape,35.89288875,47.97323623,81400000,Council,Рада,2322100000,2323655100,UA23060190000080843
Novooleksandrivska,Новоолександрівська,Новоалександровская,UA2306021,Zaporizkyi,Запорізький,Запорожский,UA2306,Zaporizka,Запорізька,Запорожская,UA23,Ukraine,Україна,Украина,UA,142.7436926,1,7,landscape,35.38471453,47.70768814,81400000,Council,Рада,2322100000,2322187900,UA23060210000064233
Pavlivska,Павлівська,Павловская,UA2306023,Zaporizkyi,Запорізький,Запорожский,UA2306,Zaporizka,Запорізька,Запорожская,UA23,Ukraine,Україна,Украина,UA,160.7055286,1,21,portrait,35.51345406,47.98476604,81400000,Council,Рада,2322100000,2321586100,UA23060230000071243
Petro-Mykhailivska,Петро-Михайлівська,Петро-Михайловская,UA2306025,Zaporizkyi,Запорізький,Запорожский,UA2306,Zaporizka,Запорізька,Запорожская,UA23,Ukraine,Україна,Украина,UA,282.3107638,1,18,landscape,35.23885875,48.07899718,81400000,Council,Рада,2322100000,2321586800,UA23060250000058722
Stepnenska,Степненська,Степненская,UA2306027,Zaporizkyi,Запорізький,Запорожский,UA2306,Zaporizka,Запорізька,Запорожская,UA23,Ukraine,Україна,Украина,UA,93.5779904,1,8,landscape,35.37561124,47.81005319,81400000,Council,Рада,2322100000,2322188600,UA23060270000087706
Tavriiska,Таврійська,Таврийская,UA2306029,Zaporizkyi,Запорізький,Запорожский,UA2306,Zaporizka,Запорізька,Запорожская,UA23,Ukraine,Україна,Украина,UA,184.6550566,1,3,portrait,35.66467504,47.65648376,81400000,Council,Рада,2322100000,2323981500,UA23060290000024046
Ternuvatska,Тернуватська,Терноватская,UA2306031,Zaporizkyi,Запорізький,Запорожский,UA2306,Zaporizka,Запорізька,Запорожская,UA23,Ukraine,Україна,Украина,UA,256.2027419,1,16,landscape,36.0425339,47.80380758,81400000,Council,Рада,2322100000,2323655500,UA23060310000081443
Shyrokivska,Широківська,Широковская,UA2306033,Zaporizkyi,Запорізький,Запорожский,UA2306,Zaporizka,Запорізька,Запорожская,UA23,Ukraine,Україна,Украина,UA,474.7993573,1,35,portrait,35.01341505,48.00630827,81400000,Council,Рада,2322100000,2322189000,UA23060330000027462
Veselivska,Веселівська,Веселовская,UA2308001,Melitopolskyi,Мелітопольський,Мелитопольский,UA2308,Zaporizka,Запорізька,Запорожская,UA23,Ukraine,Україна,Украина,UA,562.3546666,1,11,portrait,34.87350805,46.98199114,81400000,Council,Рада,2323000000,2321255100,UA23080010000036379
Kyrylivska,Кирилівська,Кирилловская,UA2308003,Melitopolskyi,Мелітопольський,Мелитопольский,UA2308,Zaporizka,Запорізька,Запорожская,UA23,Ukraine,Україна,Украина,UA,605.743928,1,8,portrait,35.21979451,46.39994211,81400000,Council,Рада,2323000000,2320355400,UA23080030000064349
Kostiantynivska,Костянтинівська,Константиновская,UA2308005,Melitopolskyi,Мелітопольський,Мелитопольский,UA2308,Zaporizka,Запорізька,Запорожская,UA23,Ukraine,Україна,Украина,UA,230.5709429,1,2,portrait,35.49860579,46.82924877,81400000,Council,Рада,2323000000,2323081200,UA23080050000095009
Melitopolska,Мелітопольська,Мелитопольская,UA2308007,Melitopolskyi,Мелітопольський,Мелитопольский,UA2308,Zaporizka,Запорізька,Запорожская,UA23,Ukraine,Україна,Украина,UA,55.78138534,1,1,portrait,35.36408055,46.85486026,81400000,Council,Рада,2323000000,2310700000,UA23080070000068953
Myrnenska,Мирненська,Мирненская,UA2308009,Melitopolskyi,Мелітопольський,Мелитопольский,UA2308,Zaporizka,Запорізька,Запорожская,UA23,Ukraine,Україна,Украина,UA,196.7098073,1,9,landscape,35.60856229,46.93641723,81400000,Council,Рада,2323000000,2323055500,UA23080090000051553
Novenska,Новенська,Новенская,UA2308011,Melitopolskyi,Мелітопольський,Мелитопольский,UA2308,Zaporizka,Запорізька,Запорожская,UA23,Ukraine,Україна,Украина,UA,244.870585,1,12,landscape,35.28199648,46.77425993,81400000,Council,Рада,2323000000,2323081800,UA23080110000020314
Novobohdanivska,Новобогданівська,Новобогдановская,UA2308013,Melitopolskyi,Мелітопольський,Мелитопольский,UA2308,Zaporizka,Запорізька,Запорожская,UA23,Ukraine,Україна,Украина,UA,197.9627672,1,6,landscape,35.3740528,47.07943704,81400000,Council,Рада,2323000000,2323082000,UA23080130000083188
Novovasylivska,Нововасилівська,Нововасилевская,UA2308015,Melitopolskyi,Мелітопольський,Мелитопольский,UA2308,Zaporizka,Запорізька,Запорожская,UA23,Ukraine,Україна,Украина,UA,723.1424121,1,20,landscape,35.83415997,46.87823127,81400000,Council,Рада,2323000000,2324555400,UA23080150000073640
Novouspenivska,Новоуспенівська,Новоуспеновская,UA2308017,Melitopolskyi,Мелітопольський,Мелитопольский,UA2308,Zaporizka,Запорізька,Запорожская,UA23,Ukraine,Україна,Украина,UA,296.3911146,1,9,portrait,35.06298765,47.02401047,81400000,Council,Рада,2323000000,2321285700,UA23080170000033256
Oleksandrivska,Олександрівська,Александровская,UA2308019,Melitopolskyi,Мелітопольський,Мелитопольский,UA2308,Zaporizka,Запорізька,Запорожская,UA23,Ukraine,Україна,Украина,UA,645.491897,1,14,portrait,35.48569929,46.56967897,81400000,Council,Рада,2323000000,2324580300,UA23080190000065134
Plodorodnenska,Плодородненська,Плодородненская,UA2308021,Melitopolskyi,Мелітопольський,Мелитопольский,UA2308,Zaporizka,Запорізька,Запорожская,UA23,Ukraine,Україна,Украина,UA,155.7016225,1,12,landscape,35.35315947,47.1596858,81400000,Council,Рада,2323000000,2323385500,UA23080210000060255
Pryazovska,Приазовська,Приазовская,UA2308023,Melitopolskyi,Мелітопольський,Мелитопольский,UA2308,Zaporizka,Запорізька,Запорожская,UA23,Ukraine,Україна,Украина,UA,572.1350699,1,18,landscape,35.75637409,46.688866,81400000,Council,Рада,2323000000,2324555100,UA23080230000097340
Semenivska,Семенівська,Семеновская,UA2308025,Melitopolskyi,Мелітопольський,Мелитопольский,UA2308,Zaporizka,Запорізька,Запорожская,UA23,Ukraine,Україна,Украина,UA,590.3828357,1,21,portrait,35.13333525,46.85756708,81400000,Council,Рада,2323000000,2323084000,UA23080250000043914
Terpinnivska,Терпіннівська,Терпеньевская,UA2308027,Melitopolskyi,Мелітопольський,Мелитопольский,UA2308,Zaporizka,Запорізька,Запорожская,UA23,Ukraine,Україна,Украина,UA,365.6841527,1,19,landscape,35.47586418,47.00863818,81400000,Council,Рада,2323000000,2323085100,UA23080270000086363
Chkalovska,Чкаловська,Чкаловская,UA2308029,Melitopolskyi,Мелітопольський,Мелитопольский,UA2308,Zaporizka,Запорізька,Запорожская,UA23,Ukraine,Україна,Украина,UA,270.6859071,1,10,landscape,34.65722458,47.05432703,81400000,Council,Рада,2323000000,2321286800,UA23080290000096336
Yakymivska,Якимівська,Акимовская,UA2308031,Melitopolskyi,Мелітопольський,Мелитопольский,UA2308,Zaporizka,Запорізька,Запорожская,UA23,Ukraine,Україна,Украина,UA,1246.395777,1,36,landscape,35.03078553,46.61742905,81400000,Council,Рада,2323000000,2320355100,UA23080310000097001
Bilmatska,Більмацька,Бильмакская,UA2310001,Polohivskyi,Пологівський,Пологовский,UA2310,Zaporizka,Запорізька,Запорожская,UA23,Ukraine,Україна,Украина,UA,638.5346567,1,22,portrait,36.68145107,47.41212842,81400000,Council,Рада,2324200000,2322755100,UA23100010000094236
Vozdvyzhivska,Воздвижівська,Воздвижевская,UA2310003,Polohivskyi,Пологівський,Пологовский,UA2310,Zaporizka,Запорізька,Запорожская,UA23,Ukraine,Україна,Украина,UA,246.0962584,1,13,portrait,36.11075651,47.72964208,81400000,Council,Рада,2324200000,2321881000,UA23100030000016840
Voskresenska,Воскресенська,Воскресенская,UA2310005,Polohivskyi,Пологівський,Пологовский,UA2310,Zaporizka,Запорізька,Запорожская,UA23,Ukraine,Україна,Украина,UA,266.9705175,1,4,portrait,36.43532608,47.4289199,81400000,Council,Рада,2324200000,2324287900,UA23100050000041545
Huliaipilska,Гуляйпільська,Гуляйпольская,UA2310007,Polohivskyi,Пологівський,Пологовский,UA2310,Zaporizka,Запорізька,Запорожская,UA23,Ukraine,Україна,Украина,UA,676.2125717,1,32,portrait,36.27084259,47.64177759,81400000,Council,Рада,2324200000,2321810100,UA23100070000026535
Komysh-Zorianska,Комиш-Зорянська,Камыш-Зарянская,UA2310009,Polohivskyi,Пологівський,Пологовский,UA2310,Zaporizka,Запорізька,Запорожская,UA23,Ukraine,Україна,Украина,UA,369.2928082,1,10,landscape,36.83864306,47.26744568,81400000,Council,Рада,2324200000,2322755400,UA23100090000029171
Malynivska,Малинівська,Малиновская,UA2310011,Polohivskyi,Пологівський,Пологовский,UA2310,Zaporizka,Запорізька,Запорожская,UA23,Ukraine,Україна,Украина,UA,379.3143759,1,13,landscape,36.55388363,47.69070575,81400000,Council,Рада,2324200000,2321884000,UA23100110000028240
Malotokmachanska,Малотокмачанська,Малотокмачанская,UA2310013,Polohivskyi,Пологівський,Пологовский,UA2310,Zaporizka,Запорізька,Запорожская,UA23,Ukraine,Україна,Украина,UA,174.1097992,1,4,landscape,35.9384238,47.51928834,81400000,Council,Рада,2324200000,2323982500,UA23100130000058758
Molochanska,Молочанська,Молочанская,UA2310015,Polohivskyi,Пологівський,Пологовский,UA2310,Zaporizka,Запорізька,Запорожская,UA23,Ukraine,Україна,Украина,UA,568.0707514,1,23,landscape,35.73573524,47.12969404,81400000,Council,Рада,2324200000,2325210100,UA23100150000023366
Orikhivska,Оріхівська,Ореховская,UA2310017,Polohivskyi,Пологівський,Пологовский,UA2310,Zaporizka,Запорізька,Запорожская,UA23,Ukraine,Україна,Украина,UA,340.9376401,1,8,landscape,35.68465299,47.52328793,81400000,Council,Рада,2324200000,2323910100,UA23100170000031289
Polohivska,Пологівська,Пологовская,UA2310019,Polohivskyi,Пологівський,Пологовский,UA2310,Zaporizka,Запорізька,Запорожская,UA23,Ukraine,Україна,Украина,UA,804.3630542,1,23,landscape,36.16812394,47.43204484,81400000,Council,Рада,2324200000,2324210100,UA23100190000020018
Preobrazhenska,Преображенська,Преображенская,UA2310021,Polohivskyi,Пологівський,Пологовский,UA2310,Zaporizka,Запорізька,Запорожская,UA23,Ukraine,Україна,Украина,UA,365.8418598,1,15,portrait,35.88788411,47.66039478,81400000,Council,Рада,2324200000,2323987800,UA23100210000086911
Rozivska,Розівська,Розовская,UA2310023,Polohivskyi,Пологівський,Пологовский,UA2310,Zaporizka,Запорізька,Запорожская,UA23,Ukraine,Україна,Украина,UA,609.1151638,1,28,landscape,37.05068458,47.42915444,81400000,Council,Рада,2324200000,2324955100,UA23100230000021603
Smyrnovska,Смирновська,Смирновская,UA2310025,Polohivskyi,Пологівський,Пологовский,UA2310,Zaporizka,Запорізька,Запорожская,UA23,Ukraine,Україна,Украина,UA,326.8126768,1,8,landscape,36.51062746,47.24996242,81400000,Council,Рада,2324200000,2322787000,UA23100250000073490
Tokmatska,Токмацька,Токмакская,UA2310027,Polohivskyi,Пологівський,Пологовский,UA2310,Zaporizka,Запорізька,Запорожская,UA23,Ukraine,Україна,Украина,UA,729.0732729,1,26,portrait,35.78449105,47.31595531,81400000,Council,Рада,2324200000,2311000000,UA23100270000073418
Fedorivska,Федорівська,Федоровская,UA2310029,Polohivskyi,Пологівський,Пологовский,UA2310,Zaporizka,Запорізька,Запорожская,UA23,Ukraine,Україна,Украина,UA,271.1834788,1,11,landscape,36.53486185,47.5565328,81400000,Council,Рада,2324200000,2324288200,UA23100290000069212
Biloberizka,Білоберізька,Белоберезская,UA2602001,Verkhovynskyi,Верховинський,Верховинский,UA2602,Ivano-Frankivska,Івано-Франківська,Ивано-Франковская,UA26,Ukraine,Україна,Украина,UA,356.9646198,1,17,portrait,24.84518896,47.95037554,81400000,Council,Рада,2620800000,2620880500,UA26020010000096556
Verkhovynska,Верховинська,Верховинская,UA2602003,Verkhovynskyi,Верховинський,Верховинский,UA2602,Ivano-Frankivska,Івано-Франківська,Ивано-Франковская,UA26,Ukraine,Україна,Украина,UA,419.0506202,1,20,portrait,24.81066366,48.15071305,81400000,Council,Рада,2620800000,2620855100,UA26020030000088465
Zelenska,Зеленська,Зеленская,UA2602005,Verkhovynskyi,Верховинський,Верховинский,UA2602,Ivano-Frankivska,Івано-Франківська,Ивано-Франковская,UA26,Ukraine,Україна,Украина,UA,478.4164579,1,6,portrait,24.66308617,47.99711007,81400000,Council,Рада,2620800000,2620884000,UA26020050000098694
Bilshivtsivska,Більшівцівська,Большовцовская,UA2604001,Ivano-Frankivskyi,Івано-Франківський,Ивано-Франковский,UA2604,Ivano-Frankivska,Івано-Франківська,Ивано-Франковская,UA26,Ukraine,Україна,Украина,UA,150.8218369,1,16,landscape,24.80900626,49.22042667,81400000,Council,Рада,new,2621255300,UA26040010000011271
Bohorodchanska,Богородчанська,Богородчанская,UA2604003,Ivano-Frankivskyi,Івано-Франківський,Ивано-Франковский,UA2604,Ivano-Frankivska,Івано-Франківська,Ивано-Франковская,UA26,Ukraine,Україна,Украина,UA,258.533175,1,17,landscape,24.53856953,48.76694101,81400000,Council,Рада,new,2620455100,UA26040030000091528
Bukachivska,Букачівська,Букачевская,UA2604005,Ivano-Frankivskyi,Івано-Франківський,Ивано-Франковский,UA2604,Ivano-Frankivska,Івано-Франківська,Ивано-Франковская,UA26,Ukraine,Україна,Украина,UA,141.6528331,1,13,landscape,24.47941384,49.26144024,81400000,Council,Рада,new,2624455300,UA26040050000080752
Burshtynska,Бурштинська,Бурштынская,UA2604007,Ivano-Frankivskyi,Івано-Франківський,Ивано-Франковский,UA2604,Ivano-Frankivska,Івано-Франківська,Ивано-Франковская,UA26,Ukraine,Україна,Украина,UA,201.9624555,1,19,portrait,24.63759995,49.25010077,81400000,Council,Рада,new,2610300000,UA26040070000065724
Halytska,Галицька,Галичская,UA2604009,Ivano-Frankivskyi,Івано-Франківський,Ивано-Франковский,UA2604,Ivano-Frankivska,Івано-Франківська,Ивано-Франковская,UA26,Ukraine,Україна,Украина,UA,244.639262,1,26,portrait,24.6504454,49.11593546,81400000,Council,Рада,new,2621210100,UA26040090000025932
Dzvyniatska,Дзвиняцька,Дзвинячская,UA2604011,Ivano-Frankivskyi,Івано-Франківський,Ивано-Франковский,UA2604,Ivano-Frankivska,Івано-Франківська,Ивано-Франковская,UA26,Ukraine,Україна,Украина,UA,80.0040879,1,5,landscape,24.36093642,48.7694886,81400000,Council,Рада,new,2620482400,UA26040110000023512
Dubovetska,Дубовецька,Дубовецкая,UA2604013,Ivano-Frankivskyi,Івано-Франківський,Ивано-Франковский,UA2604,Ivano-Frankivska,Івано-Франківська,Ивано-Франковская,UA26,Ukraine,Україна,Украина,UA,172.3540777,1,15,landscape,24.84393354,49.09841208,81400000,Council,Рада,new,2621282900,UA26040130000010870
Yezupilska,Єзупільська,Езупильская,UA2604015,Ivano-Frankivskyi,Івано-Франківський,Ивано-Франковский,UA2604,Ivano-Frankivska,Івано-Франківська,Ивано-Франковская,UA26,Ukraine,Україна,Украина,UA,86.08413156,1,5,landscape,24.80194053,49.01613038,81400000,Council,Рада,new,2625855300,UA26040150000053322
Zahvizdianska,Загвіздянська,Загвоздянская,UA2604017,Ivano-Frankivskyi,Івано-Франківський,Ивано-Франковский,UA2604,Ivano-Frankivska,Івано-Франківська,Ивано-Франковская,UA26,Ukraine,Україна,Украина,UA,30.80894969,1,2,landscape,24.6268992,48.92478711,81400000,Council,Рада,new,2625881100,UA26040170000097347
Ivano-Frankivska,Івано-Франківська,Ивано-Франковская,UA2604019,Ivano-Frankivskyi,Івано-Франківський,Ивано-Франковский,UA2604,Ivano-Frankivska,Івано-Франківська,Ивано-Франковская,UA26,Ukraine,Україна,Украина,UA,263.5083862,1,19,portrait,24.705944,48.87096673,81400000,Council,Рада,new,2610100000,UA26040190000081578
Lysetska,Лисецька,Лисецкая,UA2604021,Ivano-Frankivskyi,Івано-Франківський,Ивано-Франковский,UA2604,Ivano-Frankivska,Івано-Франківська,Ивано-Франковская,UA26,Ukraine,Україна,Украина,UA,81.37037708,1,4,landscape,24.56101308,48.89508435,81400000,Council,Рада,new,2625855600,UA26040210000094444
Obertynska,Обертинська,Обертинская,UA2604023,Ivano-Frankivskyi,Івано-Франківський,Ивано-Франковский,UA2604,Ivano-Frankivska,Івано-Франківська,Ивано-Франковская,UA26,Ukraine,Україна,Украина,UA,161.1072841,1,9,portrait,25.14120213,48.71957132,81400000,Council,Рада,new,2625655400,UA26040230000035526
Oleshanska,Олешанська,Олешанская,UA2604025,Ivano-Frankivskyi,Івано-Франківський,Ивано-Франковский,UA2604,Ivano-Frankivska,Івано-Франківська,Ивано-Франковская,UA26,Ukraine,Україна,Украина,UA,154.931577,1,15,portrait,25.16256891,48.81705151,81400000,Council,Рада,new,2625686200,UA26040250000061081
Rohatynska,Рогатинська,Рогатинская,UA2604027,Ivano-Frankivskyi,Івано-Франківський,Ивано-Франковский,UA2604,Ivano-Frankivska,Івано-Франківська,Ивано-Франковская,UA26,Ukraine,Україна,Украина,UA,645.0563884,1,72,landscape,24.57013242,49.4155889,81400000,Council,Рада,new,2624410100,UA26040270000047749
Solotvynska,Солотвинська,Солотвинская,UA2604029,Ivano-Frankivskyi,Івано-Франківський,Ивано-Франковский,UA2604,Ivano-Frankivska,Івано-Франківська,Ивано-Франковская,UA26,Ukraine,Україна,Украина,UA,374.3421086,1,14,portrait,24.30667308,48.67515422,81400000,Council,Рада,new,2620455500,UA26040290000025886
Starobohorodchanska,Старобогородчанська,Старобогородчанская,UA2604031,Ivano-Frankivskyi,Івано-Франківський,Ивано-Франковский,UA2604,Ivano-Frankivska,Івано-Франківська,Ивано-Франковская,UA26,Ukraine,Україна,Украина,UA,84.98607455,1,5,landscape,24.46510165,48.87746954,81400000,Council,Рада,new,2620488600,UA26040310000066064
Tysmenytska,Тисменицька,Тысменицкая,UA2604033,Ivano-Frankivskyi,Івано-Франківський,Ивано-Франковский,UA2604,Ivano-Frankivska,Івано-Франківська,Ивано-Франковская,UA26,Ukraine,Україна,Украина,UA,247.7433588,1,19,portrait,24.8482949,48.83582953,81400000,Council,Рада,new,2625810100,UA26040330000019235
Tlumatska,Тлумацька,Тлумачская,UA2604035,Ivano-Frankivskyi,Івано-Франківський,Ивано-Франковский,UA2604,Ivano-Frankivska,Івано-Франківська,Ивано-Франковская,UA26,Ukraine,Україна,Украина,UA,361.4464241,1,35,portrait,25.02211464,48.88151671,81400000,Council,Рада,new,2625610100,UA26040350000024417
Uhrynivska,Угринівська,Угриновская,UA2604037,Ivano-Frankivskyi,Івано-Франківський,Ивано-Франковский,UA2604,Ivano-Frankivska,Івано-Франківська,Ивано-Франковская,UA26,Ukraine,Україна,Украина,UA,18.43126579,1,2,landscape,24.66417873,48.9666935,81400000,Council,Рада,new,2625886800,UA26040370000057019
Yamnytska,Ямницька,Ямницкая,UA2604039,Ivano-Frankivskyi,Івано-Франківський,Ивано-Франковский,UA2604,Ivano-Frankivska,Івано-Франківська,Ивано-Франковская,UA26,Ukraine,Україна,Украина,UA,127.0685346,1,8,landscape,24.61874702,48.99001197,81400000,Council,Рада,new,2625888600,UA26040390000023006
Bolekhivska,Болехівська,Болеховская,UA2606001,Kaluskyi,Калуський,Калушский,UA2606,Ivano-Frankivska,Івано-Франківська,Ивано-Франковская,UA26,Ukraine,Україна,Украина,UA,289.8026514,1,11,portrait,23.74511694,49.05990633,81400000,Council,Рада,2622800000,2610200000,UA26060010000037638
Broshniv-Osadska,Брошнів-Осадська,Брошнев-Осадская,UA2606003,Kaluskyi,Калуський,Калушский,UA2606,Ivano-Frankivska,Івано-Франківська,Ивано-Франковская,UA26,Ukraine,Україна,Украина,UA,88.70694759,1,5,portrait,24.14240825,49.01049209,81400000,Council,Рада,2622800000,2624855400,UA26060030000011364
Verkhnianska,Верхнянська,Верхнянская,UA2606005,Kaluskyi,Калуський,Калушский,UA2606,Ivano-Frankivska,Івано-Франківська,Ивано-Франковская,UA26,Ukraine,Україна,Украина,UA,140.9406207,1,12,landscape,24.30688077,49.12803777,81400000,Council,Рада,2622800000,2622880800,UA26060050000042523
Vyhodska,Вигодська,Выгодская,UA2606007,Kaluskyi,Калуський,Калушский,UA2606,Ivano-Frankivska,Івано-Франківська,Ивано-Франковская,UA26,Ukraine,Україна,Украина,UA,796.981199,1,17,portrait,23.73126914,48.80221073,81400000,Council,Рада,2622800000,2622055300,UA26060070000011203
Vytvytska,Витвицька,Витвицкая,UA2606009,Kaluskyi,Калуський,Калушский,UA2606,Ivano-Frankivska,Івано-Франківська,Ивано-Франковская,UA26,Ukraine,Україна,Украина,UA,154.5261818,1,9,landscape,23.77365696,48.97635868,81400000,Council,Рада,2622800000,2622080500,UA26060090000054411
Voinylivska,Войнилівська,Войниловская,UA2606011,Kaluskyi,Калуський,Калушский,UA2606,Ivano-Frankivska,Івано-Франківська,Ивано-Франковская,UA26,Ukraine,Україна,Украина,UA,161.6930562,1,16,portrait,24.47863652,49.1253432,81400000,Council,Рада,2622800000,2622855300,UA26060110000025739
Dolynska,Долинська,Долинская,UA2606013,Kaluskyi,Калуський,Калушский,UA2606,Ivano-Frankivska,Івано-Франківська,Ивано-Франковская,UA26,Ukraine,Україна,Украина,UA,351.9951898,1,22,portrait,24.00418053,49.01240883,81400000,Council,Рада,2622800000,2622010100,UA26060130000047466
Dubivska,Дубівська,Дубовская,UA2606015,Kaluskyi,Калуський,Калушский,UA2606,Ivano-Frankivska,Івано-Франківська,Ивано-Франковская,UA26,Ukraine,Україна,Украина,UA,92.12057963,1,11,portrait,24.14842453,48.87219613,81400000,Council,Рада,2622800000,2624881300,UA26060150000074921
Kaluska,Калуська,Калушская,UA2606017,Kaluskyi,Калуський,Калушский,UA2606,Ivano-Frankivska,Івано-Франківська,Ивано-Франковская,UA26,Ukraine,Україна,Украина,UA,267.2089435,1,17,landscape,24.36034571,49.04709635,81400000,Council,Рада,2622800000,2610400000,UA26060170000091466
Novytska,Новицька,Новицкая,UA2606019,Kaluskyi,Калуський,Калушский,UA2606,Ivano-Frankivska,Івано-Франківська,Ивано-Франковская,UA26,Ukraine,Україна,Украина,UA,142.6978736,1,10,portrait,24.37160466,48.95158834,81400000,Council,Рада,2622800000,2622884800,UA26060190000099075
Perehinska,Перегінська,Перегинская,UA2606021,Kaluskyi,Калуський,Калушский,UA2606,Ivano-Frankivska,Івано-Франківська,Ивано-Франковская,UA26,Ukraine,Україна,Украина,UA,669.3263859,1,16,portrait,23.98911392,48.61200474,81400000,Council,Рада,2622800000,2624855800,UA26060210000091421
Rozhniativska,Рожнятівська,Рожнятовская,UA2606023,Kaluskyi,Калуський,Калушский,UA2606,Ivano-Frankivska,Івано-Франківська,Ивано-Франковская,UA26,Ukraine,Україна,Украина,UA,179.7306159,1,10,landscape,24.16091511,48.94887665,81400000,Council,Рада,2622800000,2624855100,UA26060230000053464
Spaska,Спаська,Спасская,UA2606025,Kaluskyi,Калуський,Калушский,UA2606,Ivano-Frankivska,Івано-Франківська,Ивано-Франковская,UA26,Ukraine,Україна,Украина,UA,236.8468527,1,6,portrait,24.01194848,48.77064723,81400000,Council,Рада,2622800000,2624885500,UA26060250000064599
Hvizdetska,Гвіздецька,Гвоздецкая,UA2608001,Kolomyiskyi,Коломийський,Коломыйский,UA2608,Ivano-Frankivska,Івано-Франківська,Ивано-Франковская,UA26,Ukraine,Україна,Украина,UA,65.65030293,1,8,landscape,25.29859065,48.5817043,81400000,Council,Рада,2623200000,2623255200,UA26080010000036750
Horodenkivska,Городенківська,Городенковская,UA2608003,Kolomyiskyi,Коломийський,Коломыйский,UA2608,Ivano-Frankivska,Івано-Франківська,Ивано-Франковская,UA26,Ukraine,Україна,Украина,UA,613.2347212,1,40,landscape,25.40749578,48.66508953,81400000,Council,Рада,2623200000,2621610100,UA26080030000014307
Zabolotivska,Заболотівська,Заболотовская,UA2608005,Kolomyiskyi,Коломийський,Коломыйский,UA2608,Ivano-Frankivska,Івано-Франківська,Ивано-Франковская,UA26,Ukraine,Україна,Украина,UA,213.4867397,1,20,portrait,25.29663456,48.46997524,81400000,Council,Рада,2623200000,2625255300,UA26080050000081474
Kolomyiska,Коломийська,Коломыйская,UA2608007,Kolomyiskyi,Коломийський,Коломыйский,UA2608,Ivano-Frankivska,Івано-Франківська,Ивано-Франковская,UA26,Ukraine,Україна,Украина,UA,182.7089127,1,11,landscape,24.89988176,48.59221436,81400000,Council,Рада,2623200000,2610600000,UA26080070000092582
Korshivska,Коршівська,Коршевская,UA2608009,Kolomyiskyi,Коломийський,Коломыйский,UA2608,Ivano-Frankivska,Івано-Франківська,Ивано-Франковская,UA26,Ukraine,Україна,Украина,UA,131.4410627,1,8,portrait,25.00265212,48.66606205,81400000,Council,Рада,2623200000,2623283000,UA26080090000095729
Mateievetska,Матеївецька,Матеевецкая,UA2608011,Kolomyiskyi,Коломийський,Коломыйский,UA2608,Ivano-Frankivska,Івано-Франківська,Ивано-Франковская,UA26,Ukraine,Україна,Украина,UA,104.5301325,1,17,portrait,25.16000024,48.4734038,81400000,Council,Рада,2623200000,2623284200,UA26080110000076323
Nyzhnoverbizka,Нижньовербізька,Нижневербижская,UA2608013,Kolomyiskyi,Коломийський,Коломыйский,UA2608,Ivano-Frankivska,Івано-Франківська,Ивано-Франковская,UA26,Ukraine,Україна,Украина,UA,97.21443227,1,6,landscape,24.99516943,48.46838283,81400000,Council,Рада,2623200000,2623284800,UA26080130000058024
Otyniiska,Отинійська,Отынийская,UA2608015,Kolomyiskyi,Коломийський,Коломыйский,UA2608,Ivano-Frankivska,Івано-Франківська,Ивано-Франковская,UA26,Ukraine,Україна,Украина,UA,202.94857,1,19,landscape,24.87424281,48.71173605,81400000,Council,Рада,2623200000,2623255400,UA26080150000032640
Pechenizhynska,Печеніжинська,Печиніжинская,UA2608017,Kolomyiskyi,Коломийський,Коломыйский,UA2608,Ivano-Frankivska,Івано-Франківська,Ивано-Франковская,UA26,Ukraine,Україна,Украина,UA,184.4882895,1,9,landscape,24.86432994,48.51117424,81400000,Council,Рада,2623200000,2623255700,UA26080170000041182
Pidhaichykivska,Підгайчиківська,Подгайчиковская,UA2608019,Kolomyiskyi,Коломийський,Коломыйский,UA2608,Ivano-Frankivska,Івано-Франківська,Ивано-Франковская,UA26,Ukraine,Україна,Украина,UA,58.40854396,1,6,portrait,25.18402558,48.55754184,81400000,Council,Рада,2623200000,2623285600,UA26080190000080618
Piadytska,П'ядицька,Пядикская,UA2608021,Kolomyiskyi,Коломийський,Коломыйский,UA2608,Ivano-Frankivska,Івано-Франківська,Ивано-Франковская,UA26,Ukraine,Україна,Украина,UA,127.3526525,1,9,portrait,25.09219209,48.58996864,81400000,Council,Рада,2623200000,2623285800,UA26080210000049380
Sniatynska,Снятинська,Снятынская,UA2608023,Kolomyiskyi,Коломийський,Коломыйский,UA2608,Ivano-Frankivska,Івано-Франківська,Ивано-Франковская,UA26,Ukraine,Україна,Украина,UA,365.9292561,1,27,portrait,25.49419193,48.46950106,81400000,Council,Рада,2623200000,2625210100,UA26080230000035462
Chernelytska,Чернелицька,Чернелицкая,UA2608025,Kolomyiskyi,Коломийський,Коломыйский,UA2608,Ivano-Frankivska,Івано-Франківська,Ивано-Франковская,UA26,Ukraine,Україна,Украина,UA,128.4664348,1,10,landscape,25.43873078,48.79054629,81400000,Council,Рада,2623200000,2621655700,UA26080250000056546
Kosivska,Косівська,Косовская,UA2610001,Kosivskyi,Косівський,Косовский,UA2610,Ivano-Frankivska,Івано-Франківська,Ивано-Франковская,UA26,Ukraine,Україна,Украина,UA,340.7462762,1,15,landscape,24.98918951,48.29794146,81400000,Council,Рада,2623600000,2623610100,UA26100010000076570
Kosmatska,Космацька,Космачская,UA2610003,Kosivskyi,Косівський,Косовский,UA2610,Ivano-Frankivska,Івано-Франківська,Ивано-Франковская,UA26,Ukraine,Україна,Украина,UA,109.1340057,1,3,portrait,24.8062763,48.32063074,81400000,Council,Рада,2623600000,2623684000,UA26100030000012148
Kutska,Кутська,Кутская,UA2610005,Kosivskyi,Косівський,Косовский,UA2610,Ivano-Frankivska,Івано-Франківська,Ивано-Франковская,UA26,Ukraine,Україна,Украина,UA,116.3272473,1,7,portrait,25.06174393,48.21656104,81400000,Council,Рада,2623600000,2623655400,UA26100050000019570
Rozhnivska,Рожнівська,Рожновская,UA2610007,Kosivskyi,Косівський,Косовский,UA2610,Ivano-Frankivska,Івано-Франківська,Ивано-Франковская,UA26,Ukraine,Україна,Украина,UA,103.116891,1,4,landscape,25.2264876,48.34708312,81400000,Council,Рада,2623600000,2623685200,UA26100070000078132
Yablunivska,Яблунівська,Яблоновская,UA2610009,Kosivskyi,Косівський,Косовский,UA2610,Ivano-Frankivska,Івано-Франківська,Ивано-Франковская,UA26,Ukraine,Україна,Украина,UA,205.2129707,1,11,landscape,24.80166657,48.39979619,81400000,Council,Рада,2623600000,2623655800,UA26100090000038366
Vorokhtianska,Ворохтянська,Ворохтянская,UA2612001,Nadvirnianskyi,Надвірнянський,Надворнянский,UA2612,Ivano-Frankivska,Івано-Франківська,Ивано-Франковская,UA26,Ukraine,Україна,Украина,UA,254.3165174,1,2,portrait,24.61031654,48.28756134,81400000,Council,Рада,2624000000,2611040300,UA26120010000096774
Deliatynska,Делятинська,Делятинская,UA2612003,Nadvirnianskyi,Надвірнянський,Надворнянский,UA2612,Ivano-Frankivska,Івано-Франківська,Ивано-Франковская,UA26,Ukraine,Україна,Украина,UA,207.6899358,1,5,landscape,24.6742179,48.50233021,81400000,Council,Рада,2624000000,2624055900,UA26120030000018265
Lanchynska,Ланчинська,Ланчинская,UA2612005,Nadvirnianskyi,Надвірнянський,Надворнянский,UA2612,Ivano-Frankivska,Івано-Франківська,Ивано-Франковская,UA26,Ukraine,Україна,Украина,UA,85.47507553,1,5,portrait,24.76651992,48.63295436,81400000,Council,Рада,2624000000,2624056200,UA26120050000087602
Nadvirnianska,Надвірнянська,Надворнянская,UA2612007,Nadvirnianskyi,Надвірнянський,Надворнянский,UA2612,Ivano-Frankivska,Івано-Франківська,Ивано-Франковская,UA26,Ukraine,Україна,Украина,UA,190.7580344,1,13,landscape,24.64178292,48.62231514,81400000,Council,Рада,2624000000,2624010100,UA26120070000067596
Pasichnianska,Пасічнянська,Пасечнянская,UA2612009,Nadvirnianskyi,Надвірнянський,Надворнянский,UA2612,Ivano-Frankivska,Івано-Франківська,Ивано-Франковская,UA26,Ukraine,Україна,Украина,UA,420.7054137,1,11,portrait,24.35487916,48.52826309,81400000,Council,Рада,2624000000,2624085000,UA26120090000072057
Pererislianska,Переріслянська,Перерослянская,UA2612011,Nadvirnianskyi,Надвірнянський,Надворнянский,UA2612,Ivano-Frankivska,Івано-Франківська,Ивано-Франковская,UA26,Ukraine,Україна,Украина,UA,96.73430964,1,5,landscape,24.6740757,48.71207011,81400000,Council,Рада,2624000000,2624085300,UA26120110000086381
Polianytska,Поляницька,Поляницкая,UA2612013,Nadvirnianskyi,Надвірнянський,Надворнянский,UA2612,Ivano-Frankivska,Івано-Франківська,Ивано-Франковская,UA26,Ukraine,Україна,Украина,UA,341.9303795,1,7,landscape,24.21999069,48.42776234,81400000,Council,Рада,2624000000,2611092000,UA26120130000088448
Yaremchanska,Яремчанська,Яремчанская,UA2612015,Nadvirnianskyi,Надвірнянський,Надворнянский,UA2612,Ivano-Frankivska,Івано-Франківська,Ивано-Франковская,UA26,Ukraine,Україна,Украина,UA,271.2979168,1,2,landscape,24.61397705,48.407721,81400000,Council,Рада,2624000000,2611000000,UA26120150000021671
Chornobyl Exclusion Zone,Чорнобильська зона відчуження,Чернобыльская зона отчуждения,UA3200000,Chornobyl Exclusion Zone,Чорнобильська зона відчуження,Чернобыльская зона отчуждения,UA3200,Kyivska,Київська,Киевская,UA32,Ukraine,Україна,Украина,UA,2573.140824,1,2,landscape,30.07921832,51.33347171,81400000,#N/A,#N/A,#N/A,#N/A,#N/A
Bilotserkivska,Білоцерківська,Белоцерковская,UA3202001,Bilotserkivskyi,Білоцерківський,Белоцерковский,UA3202,Kyivska,Київська,Киевская,UA32,Ukraine,Україна,Украина,UA,394.5942708,1,17,landscape,30.14934094,49.81415751,81400000,Council,Рада,3220400000,3210300000,UA32020010000093088
Volodarska,Володарська,Володарская,UA3202003,Bilotserkivskyi,Білоцерківський,Белоцерковский,UA3202,Kyivska,Київська,Киевская,UA32,Ukraine,Україна,Украина,UA,619.4450619,1,34,landscape,29.87591315,49.523415,81400000,Council,Рада,3220400000,3221655100,UA32020030000029575
Hrebinkivska,Гребінківська,Гребенковская,UA3202005,Bilotserkivskyi,Білоцерківський,Белоцерковский,UA3202,Kyivska,Київська,Киевская,UA32,Ukraine,Україна,Украина,UA,260.3812453,1,12,portrait,30.23908934,49.94898144,81400000,Council,Рада,3220400000,3221455500,UA32020050000062595
Kovalivska,Ковалівська,Ковалевская,UA3202007,Bilotserkivskyi,Білоцерківський,Белоцерковский,UA3202,Kyivska,Київська,Киевская,UA32,Ukraine,Україна,Украина,UA,231.6765651,1,9,portrait,30.03896942,49.97970614,81400000,Council,Рада,3220400000,3221483600,UA32020070000027895
Malovilshanska,Маловільшанська,Малоольшанская,UA3202009,Bilotserkivskyi,Білоцерківський,Белоцерковский,UA3202,Kyivska,Київська,Киевская,UA32,Ukraine,Україна,Украина,UA,363.0771401,1,21,portrait,30.12082119,49.63625318,81400000,Council,Рада,3220400000,3220483300,UA32020090000022264
Medvynska,Медвинська,Медвинская,UA3202011,Bilotserkivskyi,Білоцерківський,Белоцерковский,UA3202,Kyivska,Київська,Киевская,UA32,Ukraine,Україна,Украина,UA,231.1675404,1,12,landscape,30.76267097,49.39260946,81400000,Council,Рада,3220400000,3220683200,UA32020110000085875
Rokytnianska,Рокитнянська,Ракитнянская,UA3202013,Bilotserkivskyi,Білоцерківський,Белоцерковский,UA3202,Kyivska,Київська,Киевская,UA32,Ukraine,Україна,Украина,UA,665.2921975,1,23,landscape,30.51505143,49.69522418,81400000,Council,Рада,3220400000,3223755100,UA32020130000010013
Skvyrska,Сквирська,Сквирская,UA3202015,Bilotserkivskyi,Білоцерківський,Белоцерковский,UA3202,Kyivska,Київська,Киевская,UA32,Ukraine,Україна,Украина,UA,872.8614926,1,45,portrait,29.67041859,49.72997068,81400000,Council,Рада,3220400000,3224010100,UA32020150000040878
Stavyshchenska,Ставищенська,Ставищенская,UA3202017,Bilotserkivskyi,Білоцерківський,Белоцерковский,UA3202,Kyivska,Київська,Киевская,UA32,Ukraine,Україна,Украина,UA,673.3352018,1,30,landscape,30.19586355,49.41075726,81400000,Council,Рада,3220400000,3224255100,UA32020170000020698
Tarashchanska,Таращанська,Таращанская,UA3202019,Bilotserkivskyi,Білоцерківський,Белоцерковский,UA3202,Kyivska,Київська,Киевская,UA32,Ukraine,Україна,Украина,UA,757.5191591,1,35,landscape,30.49586465,49.49059459,81400000,Council,Рада,3220400000,3224410100,UA32020190000084133
Tetiivska,Тетіївська,Тетиевская,UA3202021,Bilotserkivskyi,Білоцерківський,Белоцерковский,UA3202,Kyivska,Київська,Киевская,UA32,Ukraine,Україна,Украина,UA,756.0028786,1,33,landscape,29.76316894,49.34730261,81400000,Council,Рада,3220400000,3224610100,UA32020210000064694
Uzynska,Узинська,Узинская,UA3202023,Bilotserkivskyi,Білоцерківський,Белоцерковский,UA3202,Kyivska,Київська,Киевская,UA32,Ukraine,Україна,Украина,UA,408.2239541,1,20,portrait,30.43131632,49.85885645,81400000,Council,Рада,3220400000,3220410500,UA32020230000012716
Fursivska,Фурсівська,Фурсовская,UA3202025,Bilotserkivskyi,Білоцерківський,Белоцерковский,UA3202,Kyivska,Київська,Киевская,UA32,Ukraine,Україна,Украина,UA,277.9341739,1,11,portrait,29.94598979,49.80457299,81400000,Council,Рада,3220400000,3220488300,UA32020250000099079
Boryspilska,Бориспільська,Бориспольская,UA3204001,Boryspilskyi,Бориспільський,Бориспольский,UA3204,Kyivska,Київська,Киевская,UA32,Ukraine,Україна,Украина,UA,527.8310593,1,19,portrait,31.02618606,50.33783447,81400000,Council,Рада,3220800000,3210500000,UA32040010000010116
Voronkivska,Вороньківська,Воронковская,UA3204003,Boryspilskyi,Бориспільський,Бориспольский,UA3204,Kyivska,Київська,Киевская,UA32,Ukraine,Україна,Украина,UA,668.1243207,1,10,landscape,31.05523901,50.11366545,81400000,Council,Рада,3220800000,3220881700,UA32040030000083910
Hirska,Гірська,Горская,UA3204005,Boryspilskyi,Бориспільський,Бориспольский,UA3204,Kyivska,Київська,Киевская,UA32,Ukraine,Україна,Украина,UA,60.97902225,1,4,portrait,30.87356104,50.3512313,81400000,Council,Рада,3220800000,3220883200,UA32040050000077950
Divychkivska,Дівичківська,Девичковская,UA3204007,Boryspilskyi,Бориспільський,Бориспольский,UA3204,Kyivska,Київська,Киевская,UA32,Ukraine,Україна,Украина,UA,263.0560369,1,7,portrait,31.26071926,50.09516032,81400000,Council,Рада,3220800000,3223382000,UA32040070000056247
Zolochivska,Золочівська,Золочевская,UA3204009,Boryspilskyi,Бориспільський,Бориспольский,UA3204,Kyivska,Київська,Киевская,UA32,Ukraine,Україна,Украина,UA,148.3289483,1,3,landscape,30.73700775,50.31178547,81400000,Council,Рада,3220800000,3220882600,UA32040090000083028
Pereiaslavcska,Переяславська,Переяславская,UA3204011,Boryspilskyi,Бориспільський,Бориспольский,UA3204,Kyivska,Київська,Киевская,UA32,Ukraine,Україна,Украина,UA,261.2737105,1,13,landscape,31.47224111,50.12009775,81400000,Council,Рада,3220800000,3211000000,UA32040110000047477
Prystolychna,Пристолична,Пристоличная,UA3204013,Boryspilskyi,Бориспільський,Бориспольский,UA3204,Kyivska,Київська,Киевская,UA32,Ukraine,Україна,Украина,UA,104.3512267,1,8,portrait,30.88555554,50.4054281,81400000,Council,Рада,3220800000,3220888000,UA32040130000049927
Studenykivska,Студениківська,Студениковская,UA3204015,Boryspilskyi,Бориспільський,Бориспольский,UA3204,Kyivska,Київська,Киевская,UA32,Ukraine,Україна,Украина,UA,325.2376719,1,11,landscape,31.59798403,50.21008141,81400000,Council,Рада,3220800000,3223383700,UA32040150000073245
Tashanska,Ташанська,Ташанская,UA3204017,Boryspilskyi,Бориспільський,Бориспольский,UA3204,Kyivska,Київська,Киевская,UA32,Ukraine,Україна,Украина,UA,335.7352754,1,16,landscape,31.76164808,50.04284419,81400000,Council,Рада,3220800000,3223387400,UA32040170000034173
Tsyblivska,Циблівська,Цибливская,UA3204019,Boryspilskyi,Бориспільський,Бориспольский,UA3204,Kyivska,Київська,Киевская,UA32,Ukraine,Україна,Украина,UA,389.9648626,1,7,landscape,31.55379074,49.95703737,81400000,Council,Рада,3220800000,3223388200,UA32040190000043384
Yahotynska,Яготинська,Яготинская,UA3204021,Boryspilskyi,Бориспільський,Бориспольский,UA3204,Kyivska,Київська,Киевская,UA32,Ukraine,Україна,Украина,UA,792.9309316,1,42,portrait,31.87147569,50.26754709,81400000,Council,Рада,3220800000,3225510100,UA32040210000086086
Baryshivska,Баришівська,Барышевская,UA3206001,Brovarskyi,Броварський,Броварский,UA3206,Kyivska,Київська,Киевская,UA32,Ukraine,Україна,Украина,UA,696.1740412,1,28,portrait,31.33316978,50.36857839,81400000,Council,Рада,3221200000,3220255100,UA32060010000086043
Berezanska,Березанська,Березанская,UA3206003,Brovarskyi,Броварський,Броварский,UA3206,Kyivska,Київська,Киевская,UA32,Ukraine,Україна,Украина,UA,210.4556905,1,10,portrait,31.53807158,50.35513539,81400000,Council,Рада,3221200000,3210400000,UA32060030000048241
Brovarska,Броварська,Броварская,UA3206005,Brovarskyi,Броварський,Броварский,UA3206,Kyivska,Київська,Киевская,UA32,Ukraine,Україна,Украина,UA,125.0188032,2,4,landscape,30.8253991,50.48083476,81400000,Council,Рада,3221200000,3210600000,UA32060050000030591
Velykodymerska,Великодимерська,Великодымерская,UA3206007,Brovarskyi,Броварський,Броварский,UA3206,Kyivska,Київська,Киевская,UA32,Ukraine,Україна,Украина,UA,530.7005234,1,23,landscape,31.04172683,50.58944543,81400000,Council,Рада,3221200000,3221255200,UA32060070000092009
Zazymska,Зазимська,Зазимская,UA3206009,Brovarskyi,Броварський,Броварский,UA3206,Kyivska,Київська,Киевская,UA32,Ukraine,Україна,Украина,UA,256.5098458,1,7,portrait,30.76786809,50.67777026,81400000,Council,Рада,3221200000,3221282800,UA32060090000096236
Zghurivska,Згурівська,Згуровская,UA3206011,Brovarskyi,Броварський,Броварский,UA3206,Kyivska,Київська,Киевская,UA32,Ukraine,Україна,Украина,UA,761.0691708,1,41,landscape,31.78569605,50.47868027,81400000,Council,Рада,3221200000,3221955100,UA32060110000050416
Kalynivska,Калинівська,Калиновская,UA3206013,Brovarskyi,Броварський,Броварский,UA3206,Kyivska,Київська,Киевская,UA32,Ukraine,Україна,Украина,UA,65.86347583,1,6,landscape,30.90749676,50.52995347,81400000,Council,Рада,3221200000,3221255600,UA32060130000095223
Kalytianska,Калитянська,Калитянская,UA3206015,Brovarskyi,Броварський,Броварский,UA3206,Kyivska,Київська,Киевская,UA32,Ukraine,Україна,Украина,UA,245.4603391,1,6,landscape,31.07311203,50.72572938,81400000,Council,Рада,3221200000,3221255500,UA32060150000031409
Bilohorodska,Білогородська,Белогородская,UA3208001,Buchanskyi,Бучанський,Бучанский,UA3208,Kyivska,Київська,Киевская,UA32,Ukraine,Україна,Украина,UA,151.3059903,1,10,landscape,30.23678402,50.38774153,81400000,Council,Рада,new,3222480400,UA32080010000060215
Borodianska,Бородянська,Бородянская,UA3208003,Buchanskyi,Бучанський,Бучанский,UA3208,Kyivska,Київська,Киевская,UA32,Ukraine,Україна,Украина,UA,512.8555743,1,32,portrait,29.87119145,50.67227605,81400000,Council,Рада,new,3221055100,UA32080030000070006
Borshchahivska,Борщагівська,Борщаговская,UA3208005,Buchanskyi,Бучанський,Бучанский,UA3208,Kyivska,Київська,Киевская,UA32,Ukraine,Україна,Украина,UA,38.9440309,2,3,landscape,30.34101101,50.41234589,81400000,Council,Рада,new,3222486200,UA32080050000052660
Buchanska,Бучанська,Бучанская,UA3208007,Buchanskyi,Бучанський,Бучанский,UA3208,Kyivska,Київська,Киевская,UA32,Ukraine,Україна,Украина,UA,260.924855,1,14,portrait,30.11302797,50.6471423,81400000,Council,Рада,new,3210800000,UA32080070000050759
Vyshneva,Вишнева,Вишневая,UA3208009,Buchanskyi,Бучанський,Бучанский,UA3208,Kyivska,Київська,Киевская,UA32,Ukraine,Україна,Украина,UA,17.66298999,1,2,landscape,30.36922872,50.37598907,81400000,Council,Рада,new,3222410600,UA32080090000011038
Hostomelska,Гостомельська,Гостомельская,UA3208011,Buchanskyi,Бучанський,Бучанский,UA3208,Kyivska,Київська,Киевская,UA32,Ukraine,Україна,Украина,UA,66.54341067,1,4,landscape,30.24676861,50.61081753,81400000,Council,Рада,new,3210945900,UA32080110000056605
Dmytrivska,Дмитрівська,Дмитровская,UA3208013,Buchanskyi,Бучанський,Бучанский,UA3208,Kyivska,Київська,Киевская,UA32,Ukraine,Україна,Украина,UA,138.897291,1,14,landscape,30.11455806,50.4234303,81400000,Council,Рада,new,3222484400,UA32080130000056481
Irpinska,Ірпінська,Ирпенская,UA3208015,Buchanskyi,Бучанський,Бучанский,UA3208,Kyivska,Київська,Киевская,UA32,Ukraine,Україна,Украина,UA,117.2471465,1,5,landscape,30.12341244,50.50830131,81400000,Council,Рада,new,3210900000,UA32080150000035443
Kotsiubynska,Коцюбинська,Коцюбинская,UA3208017,Buchanskyi,Бучанський,Бучанский,UA3208,Kyivska,Київська,Киевская,UA32,Ukraine,Україна,Украина,UA,2.51607431,1,1,landscape,30.33579789,50.48935232,81400000,Council,Рада,new,3210946200,UA32080170000086616
Makarivska,Макарівська,Макаровская,UA3208019,Buchanskyi,Бучанський,Бучанский,UA3208,Kyivska,Київська,Киевская,UA32,Ukraine,Україна,Украина,UA,1012.515487,1,49,landscape,29.81074091,50.45135358,81400000,Council,Рада,new,3222755100,UA32080190000081428
Nemishaivska,Немішаївська,Немешаевская,UA3208021,Buchanskyi,Бучанський,Бучанский,UA3208,Kyivska,Київська,Киевская,UA32,Ukraine,Україна,Украина,UA,80.04113417,1,4,landscape,30.03371906,50.58635775,81400000,Council,Рада,new,3221055900,UA32080210000074136
Piskivska,Пісківська,Песковская,UA3208023,Buchanskyi,Бучанський,Бучанский,UA3208,Kyivska,Київська,Киевская,UA32,Ukraine,Україна,Украина,UA,157.5573226,1,3,portrait,29.62907851,50.6842334,81400000,Council,Рада,new,3221055600,UA32080230000026180
Vyshhorodska,Вишгородська,Вышгородская,UA3210001,Vyshhorodskyi,Вишгородський,Вышгородский,UA3210,Kyivska,Київська,Киевская,UA32,Ukraine,Україна,Украина,UA,93.94677081,1,3,landscape,30.52516171,50.59141772,81400000,Council,Рада,3221800000,3221810100,UA32100010000094393
Dymerska,Димерська,Дымерская,UA3210003,Vyshhorodskyi,Вишгородський,Вышгородский,UA3210,Kyivska,Київська,Киевская,UA32,Ukraine,Україна,Украина,UA,956.4088506,1,34,portrait,30.27381283,50.86355902,81400000,Council,Рада,3221800000,3221855300,UA32100030000066252
Ivankivska,Іванківська,Иванковская,UA3210005,Vyshhorodskyi,Вишгородський,Вышгородский,UA3210,Kyivska,Київська,Киевская,UA32,Ukraine,Україна,Украина,UA,1780.616889,1,81,landscape,29.84019671,50.93351518,81400000,Council,Рада,3221800000,3222055100,UA32100050000082904
Petrivska,Петрівська,Петровская,UA3210007,Vyshhorodskyi,Вишгородський,Вышгородский,UA3210,Kyivska,Київська,Киевская,UA32,Ukraine,Україна,Украина,UA,192.5207298,1,4,portrait,30.40164956,50.66452723,81400000,Council,Рада,3221800000,3221886000,UA32100070000076283
Pirnivska,Пірнівська,Пирновская,UA3210009,Vyshhorodskyi,Вишгородський,Вышгородский,UA3210,Kyivska,Київська,Киевская,UA32,Ukraine,Україна,Украина,UA,727.2447305,1,10,portrait,30.59666889,50.8309477,81400000,Council,Рада,3221800000,3221886800,UA32100090000060111
Poliska,Поліська,Полесская,UA3210011,Vyshhorodskyi,Вишгородський,Вышгородский,UA3210,Kyivska,Київська,Киевская,UA32,Ukraine,Україна,Украина,UA,563.8553929,1,30,landscape,29.72546958,51.18811819,81400000,Council,Рада,3221800000,3223556100,UA32100110000030685
Slavutytska,Славутицька,Славутичская,UA3210013,Vyshhorodskyi,Вишгородський,Вышгородский,UA3210,Kyivska,Київська,Киевская,UA32,Ukraine,Україна,Украина,UA,20.58732865,4,1,landscape,30.74591587,51.52823194,81400000,Council,Рада,3221800000,3211500000,UA32100130000093505
Bohuslavska,Богуславська,Богуславская,UA3212001,Obukhivskyi,Обухівський,Обуховский,UA3212,Kyivska,Київська,Киевская,UA32,Ukraine,Україна,Украина,UA,492.5181298,1,26,landscape,30.8598747,49.51639603,81400000,Council,Рада,3223100000,3220610100,UA32120010000062762
Vasylkivska,Васильківська,Васильковская,UA3212003,Obukhivskyi,Обухівський,Обуховский,UA3212,Kyivska,Київська,Киевская,UA32,Ukraine,Україна,Украина,UA,356.6654043,1,20,portrait,30.34209245,50.1055306,81400000,Council,Рада,3223100000,3210700000,UA32120030000030458
Kaharlytska,Кагарлицька,Кагарлыкская,UA3212005,Obukhivskyi,Обухівський,Обуховский,UA3212,Kyivska,Київська,Киевская,UA32,Ukraine,Україна,Украина,UA,672.0519222,1,36,portrait,30.77082076,49.90843827,81400000,Council,Рада,3223100000,3222210100,UA32120050000067577
Kozynska,Козинська,Козинская,UA3212007,Obukhivskyi,Обухівський,Обуховский,UA3212,Kyivska,Київська,Киевская,UA32,Ukraine,Україна,Украина,UA,174.0535707,1,13,portrait,30.55578254,50.18602922,81400000,Council,Рада,3223100000,3223155400,UA32120070000050717
Myronivska,Миронівська,Мироновская,UA3212009,Obukhivskyi,Обухівський,Обуховский,UA3212,Kyivska,Київська,Киевская,UA32,Ukraine,Україна,Украина,UA,798.3259509,1,40,portrait,31.00201311,49.70197149,81400000,Council,Рада,3223100000,3222910100,UA32120090000034281
Obukhivska,Обухівська,Обуховская,UA3212011,Obukhivskyi,Обухівський,Обуховский,UA3212,Kyivska,Київська,Киевская,UA32,Ukraine,Україна,Украина,UA,394.6526464,1,25,portrait,30.57753817,50.04699922,81400000,Council,Рада,3223100000,3223110000,UA32120110000025177
Rzhyshchivska,Ржищівська,Ржищевская,UA3212013,Obukhivskyi,Обухівський,Обуховский,UA3212,Kyivska,Київська,Киевская,UA32,Ukraine,Україна,Украина,UA,432.3150561,1,24,landscape,31.04804655,49.93484825,81400000,Council,Рада,3223100000,3211300000,UA32120130000012946
Ukrainska,Українська,Украинская,UA3212015,Obukhivskyi,Обухівський,Обуховский,UA3212,Kyivska,Київська,Киевская,UA32,Ukraine,Україна,Украина,UA,206.8621424,1,8,portrait,30.80042783,50.09763614,81400000,Council,Рада,3223100000,3223110500,UA32120150000062718
Feodosiivska,Феодосіївська,Феодосиевская,UA3212017,Obukhivskyi,Обухівський,Обуховский,UA3212,Kyivska,Київська,Киевская,UA32,Ukraine,Україна,Украина,UA,113.3525062,1,8,portrait,30.45259542,50.26454679,81400000,Council,Рада,3223100000,3222487000,UA32120170000094084
Byshivska,Бишівська,Бышевская,UA3214001,Fastivskyi,Фастівський,Фастовский,UA3214,Kyivska,Київська,Киевская,UA32,Ukraine,Україна,Украина,UA,279.5764014,1,15,landscape,29.92311283,50.26457304,81400000,Council,Рада,3224900000,3222780600,UA32140010000049369
Boiarska,Боярська,Боярская,UA3214003,Fastivskyi,Фастівський,Фастовский,UA3214,Kyivska,Київська,Киевская,UA32,Ukraine,Україна,Украина,UA,207.9362699,1,11,landscape,30.17061312,50.30023771,81400000,Council,Рада,3224900000,3222410300,UA32140030000074165
Hatnenska,Гатненська,Гатненская,UA3214005,Fastivskyi,Фастівський,Фастовский,UA3214,Kyivska,Київська,Киевская,UA32,Ukraine,Україна,Украина,UA,36.63213509,1,3,portrait,30.38671762,50.34433308,81400000,Council,Рада,3224900000,3222481600,UA32140050000046018
Hlevakhivska,Глевахівська,Глеваховская,UA3214007,Fastivskyi,Фастівський,Фастовский,UA3214,Kyivska,Київська,Киевская,UA32,Ukraine,Україна,Украина,UA,96.7058945,1,13,landscape,30.33603004,50.25733546,81400000,Council,Рада,3224900000,3221455300,UA32140070000012102
Kalynivska,Калинівська,Калиновская,UA3214009,Fastivskyi,Фастівський,Фастовский,UA3214,Kyivska,Київська,Киевская,UA32,Ukraine,Україна,Украина,UA,193.464153,1,15,landscape,30.16469602,50.21645531,81400000,Council,Рада,3224900000,3221455800,UA32140090000085800
Kozhanska,Кожанська,Кожанская,UA3214011,Fastivskyi,Фастівський,Фастовский,UA3214,Kyivska,Київська,Киевская,UA32,Ukraine,Україна,Украина,UA,334.5981005,1,15,portrait,29.82376573,49.95220063,81400000,Council,Рада,3224900000,3224955600,UA32140110000089620
Tomashivska,Томашівська,Томашовская,UA3214013,Fastivskyi,Фастівський,Фастовский,UA3214,Kyivska,Київська,Киевская,UA32,Ukraine,Україна,Украина,UA,262.290758,1,17,landscape,29.79958269,50.1809574,81400000,Council,Рада,3224900000,3224986200,UA32140130000030648
Fastivska,Фастівська,Фастовская,UA3214015,Fastivskyi,Фастівський,Фастовский,UA3214,Kyivska,Київська,Киевская,UA32,Ukraine,Україна,Украина,UA,336.3367795,1,18,landscape,29.9903193,50.09753657,81400000,Council,Рада,3224900000,3211200000,UA32140150000040954
Chabanivska,Чабанівська,Чабановская,UA3214017,Fastivskyi,Фастівський,Фастовский,UA3214,Kyivska,Київська,Киевская,UA32,Ukraine,Україна,Украина,UA,12.83738118,1,2,portrait,30.44294127,50.34534623,81400000,Council,Рада,3224900000,3222457400,UA32140170000038368
Blahovishchenska,Благовіщенська,Благовещенская,UA3502001,Holovanivskyi,Голованівський,Голованевский,UA3502,Kirovohradska,Кіровоградська,Кировоградская,UA35,Ukraine,Україна,Украина,UA,702.9924622,1,27,portrait,30.26648448,48.26605972,81400000,Council,Рада,3521400000,3525510100,UA35020010000028961
Vilshanska,Вільшанська,Ольшанская,UA3502003,Holovanivskyi,Голованівський,Голованевский,UA3502,Kirovohradska,Кіровоградська,Кировоградская,UA35,Ukraine,Україна,Украина,UA,588.9270118,1,23,landscape,30.86843964,48.28161306,81400000,Council,Рада,3521400000,3524355100,UA35020030000022644
Haivoronska,Гайворонська,Гайворонская,UA3502005,Holovanivskyi,Голованівський,Голованевский,UA3502,Kirovohradska,Кіровоградська,Кировоградская,UA35,Ukraine,Україна,Украина,UA,439.207859,1,17,portrait,29.90504573,48.33236484,81400000,Council,Рада,3521400000,3521110100,UA35020050000014205
Holovanivska,Голованівська,Голованевская,UA3502007,Holovanivskyi,Голованівський,Голованевский,UA3502,Kirovohradska,Кіровоградська,Кировоградская,UA35,Ukraine,Україна,Украина,UA,662.1764442,1,32,landscape,30.49943469,48.36451893,81400000,Council,Рада,3521400000,3521455100,UA35020070000018243
Zavallivska,Заваллівська,Завальевская,UA3502009,Holovanivskyi,Голованівський,Голованевский,UA3502,Kirovohradska,Кіровоградська,Кировоградская,UA35,Ukraine,Україна,Украина,UA,255.9512067,1,12,portrait,30.03517284,48.27138009,81400000,Council,Рада,3521400000,3521155300,UA35020090000039429
Nadlatska,Надлацька,Надлакская,UA3502011,Holovanivskyi,Голованівський,Голованевский,UA3502,Kirovohradska,Кіровоградська,Кировоградская,UA35,Ukraine,Україна,Украина,UA,272.2284832,1,13,landscape,31.0806356,48.68666344,81400000,Council,Рада,3521400000,3523682900,UA35020110000013511
Novoarkhanhelska,Новоархангельська,Новоархангельская,UA3502013,Holovanivskyi,Голованівський,Голованевский,UA3502,Kirovohradska,Кіровоградська,Кировоградская,UA35,Ukraine,Україна,Украина,UA,487.2633321,1,21,landscape,30.86698758,48.64906278,81400000,Council,Рада,3521400000,3523655100,UA35020130000045875
Perehonivska,Перегонівська,Перегоновская,UA3502015,Holovanivskyi,Голованівський,Голованевский,UA3502,Kirovohradska,Кіровоградська,Кировоградская,UA35,Ukraine,Україна,Украина,UA,190.0329371,1,10,landscape,30.51140224,48.51746457,81400000,Council,Рада,3521400000,3521486000,UA35020150000027557
Pidvysotska,Підвисоцька,Подвысоцкая,UA3502017,Holovanivskyi,Голованівський,Голованевский,UA3502,Kirovohradska,Кіровоградська,Кировоградская,UA35,Ukraine,Україна,Украина,UA,447.1821796,1,17,landscape,30.74153166,48.49254204,81400000,Council,Рада,3521400000,3523684200,UA35020170000076448
Pobuzka,Побузька,Побугская,UA3502019,Holovanivskyi,Голованівський,Голованевский,UA3502,Kirovohradska,Кіровоградська,Кировоградская,UA35,Ukraine,Україна,Украина,UA,195.3188902,1,9,landscape,30.59540374,48.21296057,81400000,Council,Рада,3521400000,3521455500,UA35020190000025203
Adzhamska,Аджамська,Аджамская,UA3504001,Kropyvnytskyi,Кропивницький,Кропивницкий,UA3504,Kirovohradska,Кіровоградська,Кировоградская,UA35,Ukraine,Україна,Украина,UA,291.0610752,1,11,landscape,32.56042559,48.52999965,81400000,Council,Рада,3522500000,3522580300,UA35040010000022631
Bobrynetska,Бобринецька,Бобринецкая,UA3504003,Kropyvnytskyi,Кропивницький,Кропивницкий,UA3504,Kirovohradska,Кіровоградська,Кировоградская,UA35,Ukraine,Україна,Украина,UA,194.4316003,1,9,landscape,32.15217182,48.04319578,81400000,Council,Рада,3522500000,3520810100,UA35040030000074104
Velykoseverynivska,Великосеверинівська,Великосевериновская,UA3504005,Kropyvnytskyi,Кропивницький,Кропивницкий,UA3504,Kirovohradska,Кіровоградська,Кировоградская,UA35,Ukraine,Україна,Украина,UA,223.541322,1,11,landscape,32.20133691,48.64092369,81400000,Council,Рада,3522500000,3522581200,UA35040050000013889
Hurivska,Гурівська,Гуровская,UA3504007,Kropyvnytskyi,Кропивницький,Кропивницкий,UA3504,Kirovohradska,Кіровоградська,Кировоградская,UA35,Ukraine,Україна,Украина,UA,628.2279908,1,16,portrait,32.97359114,48.23345938,81400000,Council,Рада,3522500000,3521982500,UA35040070000034432
Dmytrivska,Дмитрівська,Дмитровская,UA3504009,Kropyvnytskyi,Кропивницький,Кропивницкий,UA3504,Kirovohradska,Кіровоградська,Кировоградская,UA35,Ukraine,Україна,Украина,UA,545.0732489,1,12,landscape,32.69022363,48.83699806,81400000,Council,Рада,3522500000,3522281500,UA35040090000082553
Dolynska,Долинська,Долинская,UA3504011,Kropyvnytskyi,Кропивницький,Кропивницкий,UA3504,Kirovohradska,Кіровоградська,Кировоградская,UA35,Ukraine,Україна,Украина,UA,648.7351985,1,32,landscape,32.78802195,48.11168714,81400000,Council,Рада,3522500000,3521910100,UA35040110000055821
Znamianska,Знам'янська,Знаменская,UA3504013,Kropyvnytskyi,Кропивницький,Кропивницкий,UA3504,Kirovohradska,Кіровоградська,Кировоградская,UA35,Ukraine,Україна,Украина,UA,113.4537312,1,6,landscape,32.66608001,48.69797885,81400000,Council,Рада,3522500000,3510600000,UA35040130000021732
Katerynivska,Катеринівська,Катериновская,UA3504015,Kropyvnytskyi,Кропивницький,Кропивницкий,UA3504,Kirovohradska,Кіровоградська,Кировоградская,UA35,Ukraine,Україна,Украина,UA,293.3350498,1,13,portrait,32.07003057,48.59435755,81400000,Council,Рада,3522500000,3522583700,UA35040150000097644
Ketrysanivska,Кетрисанівська,Кетрисановская,UA3504017,Kropyvnytskyi,Кропивницький,Кропивницкий,UA3504,Kirovohradska,Кіровоградська,Кировоградская,UA35,Ukraine,Україна,Украина,UA,1300.976151,1,73,portrait,32.07245713,47.90812316,81400000,Council,Рада,3522500000,3520883800,UA35040170000065192
Kompaniivska,Компаніївська,Компанеевская,UA3504019,Kropyvnytskyi,Кропивницький,Кропивницкий,UA3504,Kirovohradska,Кіровоградська,Кировоградская,UA35,Ukraine,Україна,Украина,UA,967.4282612,1,51,landscape,32.19904638,48.24336168,81400000,Council,Рада,3522500000,3522855100,UA35040190000012514
Kropyvnytskyi,Кропивницька,Кропивницкая,UA3504021,Kropyvnytskyi,Кропивницький,Кропивницкий,UA3504,Kirovohradska,Кіровоградська,Кировоградская,UA35,Ukraine,Україна,Украина,UA,104.9496236,1,2,landscape,32.2518364,48.51865673,81400000,Council,Рада,3522500000,3510100000,UA35040210000014072
Novhorodkivska,Новгородківська,Новгородковская,UA3504023,Kropyvnytskyi,Кропивницький,Кропивницкий,UA3504,Kirovohradska,Кіровоградська,Кировоградская,UA35,Ukraine,Україна,Украина,UA,995.7516282,1,27,landscape,32.68977787,48.36443456,81400000,Council,Рада,3522500000,3523455100,UA35040230000015609
Oleksandrivska,Олександрівська,Александровская,UA3504025,Kropyvnytskyi,Кропивницький,Кропивницкий,UA3504,Kirovohradska,Кіровоградська,Кировоградская,UA35,Ukraine,Україна,Украина,UA,1154.468138,1,53,landscape,32.25696319,48.86415188,81400000,Council,Рада,3522500000,3520555100,UA35040250000048915
Pervozvanivska,Первозванівська,Первозвановская,UA3504027,Kropyvnytskyi,Кропивницький,Кропивницкий,UA3504,Kirovohradska,Кіровоградська,Кировоградская,UA35,Ukraine,Україна,Украина,UA,382.3064897,1,19,landscape,32.36172592,48.42915894,81400000,Council,Рада,3522500000,3522586600,UA35040270000084621
Sokolivska,Соколівська,Соколовская,UA3504029,Kropyvnytskyi,Кропивницький,Кропивницкий,UA3504,Kirovohradska,Кіровоградська,Кировоградская,UA35,Ukraine,Україна,Украина,UA,399.8684889,1,22,landscape,32.02400607,48.42646574,81400000,Council,Рада,3522500000,3522587200,UA35040290000046019
Subottsivska,Суботцівська,Субботцевская,UA3504031,Kropyvnytskyi,Кропивницький,Кропивницкий,UA3504,Kirovohradska,Кіровоградська,Кировоградская,UA35,Ukraine,Україна,Украина,UA,532.0293274,1,23,landscape,32.41024831,48.68580869,81400000,Council,Рада,3522500000,3522286300,UA35040310000035890
Ustynivska,Устинівська,Устиновская,UA3504033,Kropyvnytskyi,Кропивницький,Кропивницкий,UA3504,Kirovohradska,Кіровоградська,Кировоградская,UA35,Ukraine,Україна,Украина,UA,941.0854622,1,36,portrait,32.50048252,47.94565042,81400000,Council,Рада,3522500000,3525855100,UA35040330000014430
Hannivska,Ганнівська,Анновская,UA3506001,Novoukrainskyi,Новоукраїнський,Новоукраинский,UA3506,Kirovohradska,Кіровоградська,Кировоградская,UA35,Ukraine,Україна,Украина,UA,294.6604844,1,14,portrait,31.86642031,48.1553749,81400000,Council,Рада,3524000000,3524080300,UA35060010000018331
Hlodoska,Глодоська,Глодосская,UA3506003,Novoukrainskyi,Новоукраїнський,Новоукраинский,UA3506,Kirovohradska,Кіровоградська,Кировоградская,UA35,Ukraine,Україна,Украина,UA,244.7566054,1,11,landscape,31.32557845,48.47210855,81400000,Council,Рада,3524000000,3524080600,UA35060030000099117
Dobrovelychkivska,Добровеличківська,Добровеличковская,UA3506005,Novoukrainskyi,Новоукраїнський,Новоукраинский,UA3506,Kirovohradska,Кіровоградська,Кировоградская,UA35,Ukraine,Україна,Украина,UA,590.2874573,1,31,portrait,31.13030488,48.4066593,81400000,Council,Рада,3524000000,3521755100,UA35060050000025668
Zlynska,Злинська,Злынская,UA3506007,Novoukrainskyi,Новоукраїнський,Новоукраинский,UA3506,Kirovohradska,Кіровоградська,Кировоградская,UA35,Ukraine,Україна,Украина,UA,273.7857792,1,6,landscape,31.55649921,48.48831358,81400000,Council,Рада,3524000000,3523181600,UA35060070000071148
Malovyskivska,Маловисківська,Маловисковская,UA3506009,Novoukrainskyi,Новоукраїнський,Новоукраинский,UA3506,Kirovohradska,Кіровоградська,Кировоградская,UA35,Ukraine,Україна,Украина,UA,384.1632418,1,16,landscape,31.62086197,48.63810038,81400000,Council,Рада,3524000000,3523110100,UA35060090000091976
Marianivska,Мар'янівська,Марьяновская,UA3506011,Novoukrainskyi,Новоукраїнський,Новоукраинский,UA3506,Kirovohradska,Кіровоградська,Кировоградская,UA35,Ukraine,Україна,Украина,UA,298.6782271,1,15,portrait,31.81101833,48.54828427,81400000,Council,Рада,3524000000,3523181200,UA35060110000056063
Novomyrhorodska,Новомиргородська,Новомиргородская,UA3506013,Novoukrainskyi,Новоукраїнський,Новоукраинский,UA3506,Kirovohradska,Кіровоградська,Кировоградская,UA35,Ukraine,Україна,Украина,UA,1005.698033,1,47,landscape,31.75154595,48.80769966,81400000,Council,Рада,3524000000,3523810100,UA35060130000087718
Novoukrainska,Новоукраїнська,Новоукраинская,UA3506015,Novoukrainskyi,Новоукраїнський,Новоукраинский,UA3506,Kirovohradska,Кіровоградська,Кировоградская,UA35,Ukraine,Україна,Украина,UA,448.2499715,1,16,landscape,31.56752786,48.33605798,81400000,Council,Рада,3524000000,3524010100,UA35060150000073710
Pishchanobridska,Піщанобрідська,Песчанобродская,UA3506017,Novoukrainskyi,Новоукраїнський,Новоукраинский,UA3506,Kirovohradska,Кіровоградська,Кировоградская,UA35,Ukraine,Україна,Украина,UA,423.1819438,1,20,portrait,31.30450137,48.19965697,81400000,Council,Рада,3524000000,3521785300,UA35060170000071056
Pomichnianska,Помічнянська,Помошнянская,UA3506019,Novoukrainskyi,Новоукраїнський,Новоукраинский,UA3506,Kirovohradska,Кіровоградська,Кировоградская,UA35,Ukraine,Україна,Украина,UA,77.84249485,1,4,landscape,31.46899203,48.20334999,81400000,Council,Рада,3524000000,3521710300,UA35060190000079777
Rivnianska,Рівнянська,Ровнянская,UA3506021,Novoukrainskyi,Новоукраїнський,Новоукраинский,UA3506,Kirovohradska,Кіровоградська,Кировоградская,UA35,Ukraine,Україна,Украина,UA,568.8392499,1,29,portrait,31.70086878,48.22849602,81400000,Council,Рада,3524000000,3524085600,UA35060210000019042
Smolinska,Смолінська,Смолинская,UA3506023,Novoukrainskyi,Новоукраїнський,Новоукраинский,UA3506,Kirovohradska,Кіровоградська,Кировоградская,UA35,Ukraine,Україна,Украина,UA,316.8650207,1,22,landscape,31.32424781,48.60331531,81400000,Council,Рада,3524000000,3523155700,UA35060230000086264
Tyshkivska,Тишківська,Тишковская,UA3506025,Novoukrainskyi,Новоукраїнський,Новоукраинский,UA3506,Kirovohradska,Кіровоградська,Кировоградская,UA35,Ukraine,Україна,Украина,UA,271.9345981,1,11,portrait,30.92607809,48.44982094,81400000,Council,Рада,3524000000,3521786000,UA35060250000057436
Velykoandrusivska,Великоандрусівська,Великоандрусовская,UA3508001,Oleksandriiskyi,Олександрійський,Александрийский,UA3508,Kirovohradska,Кіровоградська,Кировоградская,UA35,Ukraine,Україна,Украина,UA,970.3418655,1,25,portrait,33.00052306,49.03830031,81400000,Council,Рада,3520300000,3525280500,UA35080010000032386
Novoprazka,Новопразька,Новопражская,UA3508003,Oleksandriiskyi,Олександрійський,Александрийский,UA3508,Kirovohradska,Кіровоградська,Кировоградская,UA35,Ukraine,Україна,Украина,UA,380.2446818,1,12,portrait,32.88788601,48.54546467,81400000,Council,Рада,3520300000,3520355400,UA35080030000042560
Oleksandriiska,Олександрійська,Александрийская,UA3508005,Oleksandriiskyi,Олександрійський,Александрийский,UA3508,Kirovohradska,Кіровоградська,Кировоградская,UA35,Ukraine,Україна,Украина,UA,260.1124186,2,14,landscape,33.07454303,48.60699623,81400000,Council,Рада,3520300000,3510300000,UA35080050000038829
Onufriivska,Онуфріївська,Онуфриевская,UA3508007,Oleksandriiskyi,Олександрійський,Александрийский,UA3508,Kirovohradska,Кіровоградська,Кировоградская,UA35,Ukraine,Україна,Украина,UA,889.6572338,1,28,landscape,33.47856888,48.83514309,81400000,Council,Рада,3520300000,3524655100,UA35080070000016791
Pantaivska,Пантаївська,Пантаевская,UA3508009,Oleksandriiskyi,Олександрійський,Александрийский,UA3508,Kirovohradska,Кіровоградська,Кировоградская,UA35,Ukraine,Україна,Украина,UA,172.726998,1,6,landscape,32.87321097,48.75308762,81400000,Council,Рада,3520300000,3510345600,UA35080090000078673
Petrivska,Петрівська,Петровская,UA3508011,Oleksandriiskyi,Олександрійський,Александрийский,UA3508,Kirovohradska,Кіровоградська,Кировоградская,UA35,Ukraine,Україна,Украина,UA,1195.766529,1,38,portrait,33.30328914,48.35177426,81400000,Council,Рада,3520300000,3524955100,UA35080110000063919
Popelnastivska,Попельнастівська,Попельнастовская,UA3508013,Oleksandriiskyi,Олександрійський,Александрийский,UA3508,Kirovohradska,Кіровоградська,Кировоградская,UA35,Ukraine,Україна,Украина,UA,740.892818,1,30,landscape,33.46781361,48.62611924,81400000,Council,Рада,3520300000,3520385500,UA35080130000048304
Pryiutivska,Приютівська,Приютовская,UA3508015,Oleksandriiskyi,Олександрійський,Александрийский,UA3508,Kirovohradska,Кіровоградська,Кировоградская,UA35,Ukraine,Україна,Украина,UA,519.8579964,1,25,landscape,33.11799987,48.77100193,81400000,Council,Рада,3520300000,3520355800,UA35080150000074379
Svitlovodska,Світловодська,Светловодская,UA3508017,Oleksandriiskyi,Олександрійський,Александрийский,UA3508,Kirovohradska,Кіровоградська,Кировоградская,UA35,Ukraine,Україна,Украина,UA,288.2406734,1,10,portrait,33.22454768,49.01319437,81400000,Council,Рада,3520300000,3510900000,UA35080170000077673
Alchevska,Алчевська,Алчевская,UA4402001,Alchevskyi,Алчевський,Алчевский,UA4402,Luhanska,Луганська,Луганская,UA44,Ukraine,Україна,Украина,UA,765.3912974,2,35,portrait,38.74888065,48.39320891,81400000,Council,Рада,new,4411200000,UA44020010000067642
Zymohirivska,Зимогір'ївська,Зимогорьевская,UA4402003,Alchevskyi,Алчевський,Алчевский,UA4402,Luhanska,Луганська,Луганская,UA44,Ukraine,Україна,Украина,UA,441.557464,1,22,landscape,38.91927937,48.61364128,81400000,Council,Рада,new,4424510300,UA44020030000055937
Kadiivska,Кадіївська,Кадиевская,UA4402005,Alchevskyi,Алчевський,Алчевский,UA4402,Luhanska,Луганська,Луганская,UA44,Ukraine,Україна,Украина,UA,785.098497,2,34,portrait,38.58104067,48.57907106,81400000,Council,Рада,new,4413100000,UA44020050000061272
Dovzhanska,Довжанська,Должанская,UA4404001,Dovzhanskyi,Довжанський,Должанский,UA4404,Luhanska,Луганська,Луганская,UA44,Ukraine,Україна,Украина,UA,1230.0349,2,54,portrait,39.62326255,48.02197836,81400000,Council,Рада,4424200000,4412700000,UA44040010000091230
Sorokynska,Сорокинська,Сорокинская,UA4404003,Dovzhanskyi,Довжанський,Должанский,UA4404,Luhanska,Луганська,Луганская,UA44,Ukraine,Україна,Украина,UA,911.3140435,3,44,portrait,39.77844011,48.38445766,81400000,Council,Рада,4424200000,4411400000,UA44040030000034083
Luhanska,Луганська,Луганская,UA4406001,Luhanskyi,Луганський,Луганский,UA4406,Luhanska,Луганська,Луганская,UA44,Ukraine,Україна,Украина,UA,768.8826635,1,30,landscape,39.28507826,48.59855187,81400000,Council,Рада,new,4410100000,UA44060010000059164
Lutuhynska,Лутугинська,Лутугинская,UA4406003,Luhanskyi,Луганський,Луганский,UA4406,Luhanska,Луганська,Луганская,UA44,Ukraine,Україна,Украина,UA,830.6372445,1,39,landscape,39.24767292,48.34794491,81400000,Council,Рада,new,4422210100,UA44060030000019360
Molodohvardiiska,Молодогвардійська,Молодогвардейская,UA4406005,Luhanskyi,Луганський,Луганский,UA4406,Luhanska,Луганська,Луганская,UA44,Ukraine,Україна,Украина,UA,548.9784609,2,29,portrait,39.53517398,48.40590181,81400000,Council,Рада,new,4411470400,UA44060050000028333
Antratsytivska,Антрацитівська,Антрацитовская,UA4408001,Rovenkivskyi,Ровеньківський,Ровеньковский,UA4408,Luhanska,Луганська,Луганская,UA44,Ukraine,Україна,Украина,UA,638.156154,2,26,portrait,39.11588161,48.08614493,81400000,Council,Рада,new,4410300000,UA44080010000030435
Rovenkivska,Ровеньківська,Ровеньковская,UA4408003,Rovenkivskyi,Ровеньківський,Ровеньковский,UA4408,Luhanska,Луганська,Луганская,UA44,Ukraine,Україна,Украина,UA,604.5064289,2,24,portrait,39.2932916,47.99667499,81400000,Council,Рада,new,4412300000,UA44080030000048115
Khrustalnenska,Хрустальненська,Хрустальненская,UA4408005,Rovenkivskyi,Ровеньківський,Ровеньковский,UA4408,Luhanska,Луганська,Луганская,UA44,Ukraine,Україна,Украина,UA,842.8111029,1,44,portrait,38.85611226,48.20907938,81400000,Council,Рада,new,4411600000,UA44080050000055882
Bilokurakynska,Білокуракинська,Белокуракинская,UA4410001,Svativskyi,Сватівський,Сватовский,UA4410,Luhanska,Луганська,Луганская,UA44,Ukraine,Україна,Украина,UA,1124.227468,1,38,landscape,38.70977341,49.58236149,81400000,Council,Рада,4424000000,4420955100,UA44100010000048313
Kolomyichyska,Коломийчиська,Коломыйчихская,UA4410003,Svativskyi,Сватівський,Сватовский,UA4410,Luhanska,Луганська,Луганская,UA44,Ukraine,Україна,Украина,UA,389.2151072,1,21,portrait,37.95209447,49.478688,81400000,Council,Рада,4424000000,4424082000,UA44100030000094890
Krasnorichenska,Красноріченська,Краснореченская,UA4410005,Svativskyi,Сватівський,Сватовский,UA4410,Luhanska,Луганська,Луганская,UA44,Ukraine,Україна,Украина,UA,443.8545449,1,10,landscape,38.10907506,49.23089178,81400000,Council,Рада,4424000000,4421655400,UA44100050000027880
Lozno-Oleksandrivska,Лозно-Олександрівська,Лозно-Александровская,UA4410007,Svativskyi,Сватівський,Сватовский,UA4410,Luhanska,Луганська,Луганская,UA44,Ukraine,Україна,Украина,UA,531.8462859,1,25,landscape,38.67838861,49.83260885,81400000,Council,Рада,4424000000,4420955700,UA44100070000070448
Nyzhnoduvanska,Нижньодуванська,Нижнедуванская,UA4410009,Svativskyi,Сватівський,Сватовский,UA4410,Luhanska,Луганська,Луганская,UA44,Ukraine,Україна,Украина,UA,562.5983898,1,17,portrait,38.18667905,49.59946023,81400000,Council,Рада,4424000000,4424055400,UA44100090000087782
Svativska,Сватівська,Сватовская,UA4410011,Svativskyi,Сватівський,Сватовский,UA4410,Luhanska,Луганська,Луганская,UA44,Ukraine,Україна,Украина,UA,1039.832975,1,24,landscape,38.30616482,49.40384019,81400000,Council,Рада,4424000000,4424010100,UA44100110000061602
Troitska,Троїцька,Троицкая,UA4410013,Svativskyi,Сватівський,Сватовский,UA4410,Luhanska,Луганська,Луганская,UA44,Ukraine,Україна,Украина,UA,1223.120571,1,46,portrait,38.2664868,49.84886543,81400000,Council,Рада,4424000000,4425455100,UA44100130000017965
Hirska,Гірська,Горская,UA4412001,Sievierodonetskyi,Сєвєродонецький,Северодонецкий,UA4412,Luhanska,Луганська,Луганская,UA44,Ukraine,Україна,Украина,UA,170.1684086,7,11,landscape,38.78993528,48.72394709,81400000,Council,Рада,new,4423810500,UA44120010000044132
Kreminska,Кремінська,Кременская,UA4412003,Sievierodonetskyi,Сєвєродонецький,Северодонецкий,UA4412,Luhanska,Луганська,Луганская,UA44,Ukraine,Україна,Украина,UA,533.7126465,1,11,portrait,38.18683069,49.08404676,81400000,Council,Рада,new,4421610100,UA44120030000094047
Lysychanska,Лисичанська,Лисичанская,UA4412005,Sievierodonetskyi,Сєвєродонецький,Северодонецкий,UA4412,Luhanska,Луганська,Луганская,UA44,Ukraine,Україна,Украина,UA,409.4343474,1,17,landscape,38.3668736,48.87573675,81400000,Council,Рада,new,4411800000,UA44120050000066819
Popasnianska,Попаснянська,Попаснянская,UA4412007,Sievierodonetskyi,Сєвєродонецький,Северодонецкий,UA4412,Luhanska,Луганська,Луганская,UA44,Ukraine,Україна,Украина,UA,468.9000702,1,14,portrait,38.34404464,48.61712692,81400000,Council,Рада,new,4423810100,UA44120070000073915
Rubizhanska,Рубіжанська,Рубежанская,UA4412009,Sievierodonetskyi,Сєвєродонецький,Северодонецкий,UA4412,Luhanska,Луганська,Луганская,UA44,Ukraine,Україна,Украина,UA,401.302908,1,14,portrait,38.45857308,49.16529187,81400000,Council,Рада,new,4412500000,UA44120090000062828
Sievierodonetska,Сєвєродонецька,Северодонецкая,UA4412011,Sievierodonetskyi,Сєвєродонецький,Северодонецкий,UA4412,Luhanska,Луганська,Луганская,UA44,Ukraine,Україна,Украина,UA,713.0907932,1,20,portrait,38.6239319,48.96046942,81400000,Council,Рада,new,4412900000,UA44120110000010163
Bilovodska,Біловодська,Беловодская,UA4414001,Starobilskyi,Старобільський,Старобельский,UA4414,Luhanska,Луганська,Луганская,UA44,Ukraine,Україна,Украина,UA,1596.182873,1,33,landscape,39.57793042,49.19334637,81400000,Council,Рада,4425100000,4420655100,UA44140010000036188
Bilolutska,Білолуцька,Белолуцкая,UA4414003,Starobilskyi,Старобільський,Старобельский,UA4414,Luhanska,Луганська,Луганская,UA44,Ukraine,Україна,Украина,UA,640.6593572,1,18,landscape,39.09563335,49.73080895,81400000,Council,Рада,4425100000,4423355300,UA44140030000070201
Markivska,Марківська,Марковская,UA4414005,Starobilskyi,Старобільський,Старобельский,UA4414,Luhanska,Луганська,Луганская,UA44,Ukraine,Україна,Украина,UA,1166.696509,1,34,portrait,39.55618287,49.4869175,81400000,Council,Рада,4425100000,4422555100,UA44140050000026566
Milovska,Міловська,Меловская,UA4414007,Starobilskyi,Старобільський,Старобельский,UA4414,Luhanska,Луганська,Луганская,UA44,Ukraine,Україна,Украина,UA,973.1170862,1,29,portrait,39.97952575,49.3298317,81400000,Council,Рада,4425100000,4422855100,UA44140070000058445
Novopskovska,Новопсковська,Новопсковская,UA4414009,Starobilskyi,Старобільський,Старобельский,UA4414,Luhanska,Луганська,Луганская,UA44,Ukraine,Україна,Украина,UA,982.4504352,1,21,portrait,39.12594609,49.52004784,81400000,Council,Рада,4425100000,4423355100,UA44140090000072167
Starobilska,Старобільська,Старобельская,UA4414011,Starobilskyi,Старобільський,Старобельский,UA4414,Luhanska,Луганська,Луганская,UA44,Ukraine,Україна,Украина,UA,731.9128092,1,25,landscape,38.73933808,49.27039332,81400000,Council,Рада,4425100000,4425110100,UA44140110000056578
Chmyrivska,Чмирівська,Чмыровская,UA4414013,Starobilskyi,Старобільський,Старобельский,UA4414,Luhanska,Луганська,Луганская,UA44,Ukraine,Україна,Украина,UA,512.7853518,1,22,portrait,39.12896055,49.2686186,81400000,Council,Рада,4425100000,4425186500,UA44140130000089782
Shulhynska,Шульгинська,Шульгинская,UA4414015,Starobilskyi,Старобільський,Старобельский,UA4414,Luhanska,Луганська,Луганская,UA44,Ukraine,Україна,Украина,UA,337.7302739,1,12,landscape,38.86604503,49.15389394,81400000,Council,Рада,4425100000,4425187500,UA44140150000072734
Nyzhnoteplivska,Нижньотеплівська,Нижнетепловская,UA4416001,Shchastynskyi,Щастинський,Счастьинский,UA4416,Luhanska,Луганська,Луганская,UA44,Ukraine,Україна,Украина,UA,492.4856029,1,12,portrait,39.41353306,48.90204368,81400000,Council,Рада,new,4424883500,UA44160010000053248
Novoaidarska,Новоайдарська,Новоайдарская,UA4416003,Shchastynskyi,Щастинський,Счастьинский,UA4416,Luhanska,Луганська,Луганская,UA44,Ukraine,Україна,Украина,UA,1311.472512,1,32,portrait,39.02373017,48.97747673,81400000,Council,Рада,new,4423155100,UA44160030000020916
Stanychno-Luhanska,Станично-Луганська,Станично-Луганская,UA4416005,Shchastynskyi,Щастинський,Счастьинский,UA4416,Luhanska,Луганська,Луганская,UA44,Ukraine,Україна,Украина,UA,513.4951395,1,14,landscape,39.54309794,48.70850786,81400000,Council,Рада,new,4424855100,UA44160050000040019
Shyrokivska,Широківська,Широковская,UA4416007,Shchastynskyi,Щастинський,Счастьинский,UA4416,Luhanska,Луганська,Луганская,UA44,Ukraine,Україна,Украина,UA,581.5853254,1,14,landscape,39.6925082,48.87290249,81400000,Council,Рада,new,4424887000,UA44160070000013725
Shchastynska,Щастинська,Счастьенская,UA4416009,Shchastynskyi,Щастинський,Счастьинский,UA4416,Luhanska,Луганська,Луганская,UA44,Ukraine,Україна,Украина,UA,468.6987512,1,11,landscape,39.11308595,48.72937229,81400000,Council,Рада,new,4423110100,UA44160090000075695
Boryslavska,Бориславська,Бориславская,UA4602001,Drohobytskyi,Дрогобицький,Дрогобычский,UA4602,Lvivska,Львівська,Львовская,UA46,Ukraine,Україна,Украина,UA,159.9467808,1,7,portrait,23.40547661,49.28363598,81400000,Council,Рада,4621200000,4610300000,UA46020010000073886
Drohobytska,Дрогобицька,Дрогобычская,UA4602003,Drohobytskyi,Дрогобицький,Дрогобычский,UA4602,Lvivska,Львівська,Львовская,UA46,Ukraine,Україна,Украина,UA,420.4039752,1,34,landscape,23.49280269,49.39349853,81400000,Council,Рада,4621200000,4610600000,UA46020030000019252
Medenytska,Меденицька,Меденичская,UA4602005,Drohobytskyi,Дрогобицький,Дрогобычский,UA4602,Lvivska,Львівська,Львовская,UA46,Ukraine,Україна,Украина,UA,284.8950749,1,18,landscape,23.67546922,49.43218313,81400000,Council,Рада,4621200000,4621255400,UA46020050000037271
Skhidnytska,Східницька,Сходницкая,UA4602007,Drohobytskyi,Дрогобицький,Дрогобычский,UA4602,Lvivska,Львівська,Львовская,UA46,Ukraine,Україна,Украина,UA,415.9453545,1,22,portrait,23.24783511,49.24840999,81400000,Council,Рада,4621200000,4610345400,UA46020070000056149
Truskavetska,Трускавецька,Трускавецкая,UA4602009,Drohobytskyi,Дрогобицький,Дрогобычский,UA4602,Lvivska,Львівська,Львовская,UA46,Ukraine,Україна,Украина,UA,207.7297848,1,8,portrait,23.55241979,49.23972231,81400000,Council,Рада,4621200000,4611500000,UA46020090000057315
Brodivska,Бродівська,Бродовская,UA4604001,Zolochivskyi,Золочівський,Золочевский,UA4604,Lvivska,Львівська,Львовская,UA46,Ukraine,Україна,Украина,UA,637.8978047,1,51,landscape,25.08476476,50.12000669,81400000,Council,Рада,4621800000,4620310100,UA46040010000033885
Buska,Буська,Бусская,UA4604003,Zolochivskyi,Золочівський,Золочевский,UA4604,Lvivska,Львівська,Львовская,UA46,Ukraine,Україна,Украина,UA,670.8368795,1,68,landscape,24.70317276,50.0243831,81400000,Council,Рада,4621800000,4620610100,UA46040030000058332
Zabolottsivska,Заболотцівська,Заболотцевская,UA4604005,Zolochivskyi,Золочівський,Золочевский,UA4604,Lvivska,Львівська,Львовская,UA46,Ukraine,Україна,Украина,UA,238.1281157,1,19,portrait,25.02700578,49.94570026,81400000,Council,Рада,4621800000,4620382000,UA46040050000062043
Zolochivska,Золочівська,Золочевская,UA4604007,Zolochivskyi,Золочівський,Золочевский,UA4604,Lvivska,Львівська,Львовская,UA46,Ukraine,Україна,Украина,UA,630.1219865,1,67,landscape,24.86323865,49.81877591,81400000,Council,Рада,4621800000,4621810100,UA46040070000032075
Krasnenska,Красненська,Красненская,UA4604009,Zolochivskyi,Золочівський,Золочевский,UA4604,Lvivska,Львівська,Львовская,UA46,Ukraine,Україна,Украина,UA,214.5392792,1,18,landscape,24.59524346,49.8843363,81400000,Council,Рада,4621800000,4620655300,UA46040090000012087
Pidkaminska,Підкамінська,Подкаменская,UA4604011,Zolochivskyi,Золочівський,Золочевский,UA4604,Lvivska,Львівська,Львовская,UA46,Ukraine,Україна,Украина,UA,320.701837,1,33,landscape,25.27269087,49.91851314,81400000,Council,Рада,4621800000,4620355400,UA46040110000093394
Pomorianska,Поморянська,Поморянская,UA4604013,Zolochivskyi,Золочівський,Золочевский,UA4604,Lvivska,Львівська,Львовская,UA46,Ukraine,Україна,Украина,UA,207.9379133,1,21,portrait,24.92654098,49.69650968,81400000,Council,Рада,4621800000,4621855600,UA46040130000035029
Bibrska,Бібрська,Бобркская,UA4606001,Lvivskyi,Львівський,Львовский,UA4606,Lvivska,Львівська,Львовская,UA46,Ukraine,Україна,Украина,UA,431.2257305,1,46,landscape,24.33684881,49.60975128,81400000,Council,Рада,new,4623310300,UA46060010000049728
Velykoliubinska,Великолюбінська,Великолюбенская,UA4606003,Lvivskyi,Львівський,Львовский,UA4606,Lvivska,Львівська,Львовская,UA46,Ukraine,Україна,Украина,UA,133.7941463,1,16,landscape,23.69545375,49.70178465,81400000,Council,Рада,new,4620955300,UA46060030000020652
Hlynianska,Глинянська,Глинянская,UA4606005,Lvivskyi,Львівський,Львовский,UA4606,Lvivska,Львівська,Львовская,UA46,Ukraine,Україна,Украина,UA,222.2693007,1,19,landscape,24.49165629,49.79524294,81400000,Council,Рада,new,4621810200,UA46060050000016451
Horodotska,Городоцька,Городокская,UA4606007,Lvivskyi,Львівський,Львовский,UA4606,Lvivska,Львівська,Львовская,UA46,Ukraine,Україна,Украина,UA,384.4373605,1,39,landscape,23.62389434,49.77783758,81400000,Council,Рада,new,4620910100,UA46060070000047720
Davydivska,Давидівська,Давыдовская,UA4606009,Lvivskyi,Львівський,Львовский,UA4606,Lvivska,Львівська,Львовская,UA46,Ukraine,Україна,Украина,UA,227.9445962,1,23,landscape,24.21344588,49.71651459,81400000,Council,Рада,new,4623682400,UA46060090000017373
Dobrosynsko-Maherivska,Добросинсько-Магерівська,Добросинско-Магеровская,UA4606011,Lvivskyi,Львівський,Львовский,UA4606,Lvivska,Львівська,Львовская,UA46,Ukraine,Україна,Украина,UA,232.0359874,1,35,landscape,23.77686385,50.12664522,81400000,Council,Рада,new,4622783200,UA46060110000011684
Zhovkivska,Жовківська,Жолковская,UA4606013,Lvivskyi,Львівський,Львовский,UA4606,Lvivska,Львівська,Львовская,UA46,Ukraine,Україна,Украина,UA,454.2978513,1,49,landscape,23.99259769,50.07838962,81400000,Council,Рада,new,4622710100,UA46060130000059055
Zhovtanetska,Жовтанецька,Жовтанецкая,UA4606015,Lvivskyi,Львівський,Львовский,UA4606,Lvivska,Львівська,Львовская,UA46,Ukraine,Україна,Украина,UA,150.4200158,1,14,portrait,24.29843212,50.00786057,81400000,Council,Рада,new,4622183300,UA46060150000060045
Zymnovodivska,Зимноводівська,Зимноводовская,UA4606017,Lvivskyi,Львівський,Львовский,UA4606,Lvivska,Львівська,Львовская,UA46,Ukraine,Україна,Украина,UA,33.90521987,1,5,landscape,23.83413411,49.83057219,81400000,Council,Рада,new,4623681600,UA46060170000014754
Kamianka-Buzka,Кам'янка-Бузька,Каменка-Бугская,UA4606019,Lvivskyi,Львівський,Львовский,UA4606,Lvivska,Львівська,Львовская,UA46,Ukraine,Україна,Украина,UA,345.1098161,1,29,landscape,24.31103204,50.10717789,81400000,Council,Рада,new,4622110100,UA46060190000038354
Komarnivska,Комарнівська,Комарновская,UA4606021,Lvivskyi,Львівський,Львовский,UA4606,Lvivska,Львівська,Львовская,UA46,Ukraine,Україна,Украина,UA,182.3316371,1,22,portrait,23.70871355,49.59147284,81400000,Council,Рада,new,4620910400,UA46060210000047788
Kulykivska,Куликівська,Куликовская,UA4606023,Lvivskyi,Львівський,Львовский,UA4606,Lvivska,Львівська,Львовская,UA46,Ukraine,Україна,Украина,UA,111.8707567,1,17,landscape,24.09837421,49.97553097,81400000,Council,Рада,new,4622755600,UA46060230000093092
Lvivska,Львівська,Львовская,UA4606025,Lvivskyi,Львівський,Львовский,UA4606,Lvivska,Львівська,Львовская,UA46,Ukraine,Україна,Украина,UA,312.6789372,1,20,landscape,24.00729597,49.89502949,81400000,Council,Рада,new,4610100000,UA46060250000025047
Murovanska,Мурованська,Мурованская,UA4606027,Lvivskyi,Львівський,Львовский,UA4606,Lvivska,Львівська,Львовская,UA46,Ukraine,Україна,Украина,UA,43.08527686,1,5,landscape,24.15769771,49.88039447,81400000,Council,Рада,new,4623686900,UA46060270000027170
Novoiarychivska,Новояричівська,Новоярычевская,UA4606029,Lvivskyi,Львівський,Львовский,UA4606,Lvivska,Львівська,Львовская,UA46,Ukraine,Україна,Украина,UA,220.1420914,1,18,portrait,24.32802483,49.92378067,81400000,Council,Рада,new,4622155600,UA46060290000052876
Obroshynska,Оброшинська,Оброшинская,UA4606031,Lvivskyi,Львівський,Львовский,UA4606,Lvivska,Львівська,Львовская,UA46,Ukraine,Україна,Украина,UA,43.9499575,1,6,portrait,23.84746058,49.76672279,81400000,Council,Рада,new,4623684900,UA46060310000086550
Peremyshlianska,Перемишлянська,Перемышлянская,UA4606033,Lvivskyi,Львівський,Львовский,UA4606,Lvivska,Львівська,Львовская,UA46,Ukraine,Україна,Украина,UA,571.8743298,1,59,landscape,24.64316752,49.62982545,81400000,Council,Рада,new,4623310100,UA46060330000065074
Pidberiztsivska,Підберізцівська,Подберезцевская,UA4606035,Lvivskyi,Львівський,Львовский,UA4606,Lvivska,Львівська,Львовская,UA46,Ukraine,Україна,Украина,UA,122.875409,1,11,landscape,24.27943783,49.82339368,81400000,Council,Рада,new,4623685300,UA46060350000036006
Pustomytivska,Пустомитівська,Пустомытовская,UA4606037,Lvivskyi,Львівський,Львовский,UA4606,Lvivska,Львівська,Львовская,UA46,Ukraine,Україна,Украина,UA,96.31089924,1,10,landscape,23.89111982,49.70511038,81400000,Council,Рада,new,4623610100,UA46060370000065608
Rava-Ruska,Рава-Руська,Рава-Русская,UA4606039,Lvivskyi,Львівський,Львовский,UA4606,Lvivska,Львівська,Львовская,UA46,Ukraine,Україна,Украина,UA,315.8684244,1,46,landscape,23.68691623,50.23673019,81400000,Council,Рада,new,4622710400,UA46060390000035967
Sokilnytska,Сокільницька,Сокольникская,UA4606041,Lvivskyi,Львівський,Львовский,UA4606,Lvivska,Львівська,Львовская,UA46,Ukraine,Україна,Украина,UA,34.03691798,1,3,landscape,23.92666155,49.77667951,81400000,Council,Рада,new,4623686400,UA46060410000052681
Solonkivska,Солонківська,Солонковская,UA4606043,Lvivskyi,Львівський,Львовский,UA4606,Lvivska,Львівська,Львовская,UA46,Ukraine,Україна,Украина,UA,184.3292799,1,21,portrait,24.04762358,49.69203132,81400000,Council,Рада,new,4623686600,UA46060430000091455
Shchyretska,Щирецька,Щирецкая,UA4606045,Lvivskyi,Львівський,Львовский,UA4606,Lvivska,Львівська,Львовская,UA46,Ukraine,Україна,Украина,UA,114.4780251,1,17,landscape,23.82421067,49.64189056,81400000,Council,Рада,new,4623655500,UA46060450000037997
Biskovytska,Бісковицька,Бисковичская,UA4608001,Sambirskyi,Самбірський,Самборский,UA4608,Lvivska,Львівська,Львовская,UA46,Ukraine,Україна,Украина,UA,216.2099765,1,32,landscape,23.11323229,49.58554741,81400000,Council,Рада,4624200000,4624280600,UA46080010000010628
Borynska,Боринська,Борынская,UA4608003,Sambirskyi,Самбірський,Самборский,UA4608,Lvivska,Львівська,Львовская,UA46,Ukraine,Україна,Украина,UA,638.3006893,1,33,portrait,23.01129816,49.01316381,81400000,Council,Рада,4624200000,4625555300,UA46080030000048662
Dobromylska,Добромильська,Добромильская,UA4608005,Sambirskyi,Самбірський,Самборский,UA4608,Lvivska,Львівська,Львовская,UA46,Ukraine,Україна,Украина,UA,295.7158197,1,37,portrait,22.86711017,49.62559976,81400000,Council,Рада,4624200000,4625110300,UA46080050000015399
Novokalynivska,Новокалинівська,Новокалиновская,UA4608007,Sambirskyi,Самбірський,Самборский,UA4608,Lvivska,Львівська,Львовская,UA46,Ukraine,Україна,Украина,UA,257.2076684,1,25,landscape,23.40218882,49.53191223,81400000,Council,Рада,4624200000,4624210300,UA46080070000035761
Ralivska,Ралівська,Ралевская,UA4608009,Sambirskyi,Самбірський,Самборский,UA4608,Lvivska,Львівська,Львовская,UA46,Ukraine,Україна,Украина,UA,229.5865928,1,23,portrait,23.203425,49.44275401,81400000,Council,Рада,4624200000,4624287200,UA46080090000029798
Rudkivska,Рудківська,Рудковская,UA4608011,Sambirskyi,Самбірський,Самборский,UA4608,Lvivska,Львівська,Львовская,UA46,Ukraine,Україна,Украина,UA,295.1871661,1,34,landscape,23.47806033,49.62990632,81400000,Council,Рада,4624200000,4624210400,UA46080110000050484
Sambirska,Самбірська,Самборская,UA4608013,Sambirskyi,Самбірський,Самборский,UA4608,Lvivska,Львівська,Львовская,UA46,Ukraine,Україна,Украина,UA,43.64305138,2,5,landscape,23.12857674,49.50036141,81400000,Council,Рада,4624200000,4610900000,UA46080130000077112
Starosambirska,Старосамбірська,Старосамборская,UA4608015,Sambirskyi,Самбірський,Самборский,UA4608,Lvivska,Львівська,Львовская,UA46,Ukraine,Україна,Украина,UA,336.9621321,1,26,landscape,22.95253581,49.43034141,81400000,Council,Рада,4624200000,4625110100,UA46080150000050321
Strilkivska,Стрілківська,Стрелковская,UA4608017,Sambirskyi,Самбірський,Самборский,UA4608,Lvivska,Львівська,Львовская,UA46,Ukraine,Україна,Украина,UA,320.1103276,1,21,landscape,22.96434763,49.30568274,81400000,Council,Рада,4624200000,4625185700,UA46080170000064605
Turkivska,Турківська,Турковская,UA4608019,Sambirskyi,Самбірський,Самборский,UA4608,Lvivska,Львівська,Львовская,UA46,Ukraine,Україна,Украина,UA,398.0215325,1,25,landscape,23.05008622,49.18233839,81400000,Council,Рада,4624200000,4625510100,UA46080190000096121
Khyrivska,Хирівська,Хыровская,UA4608021,Sambirskyi,Самбірський,Самборский,UA4608,Lvivska,Львівська,Львовская,UA46,Ukraine,Україна,Украина,UA,218.9866674,1,25,landscape,22.84314113,49.50963454,81400000,Council,Рада,4624200000,4625110700,UA46080210000051983
Hnizdychivska,Гніздичівська,Гнездычевская,UA4610001,Stryiskyi,Стрийський,Стрыйский,UA4610,Lvivska,Львівська,Львовская,UA46,Ukraine,Україна,Украина,UA,104.9636142,1,13,portrait,24.11195719,49.28968015,81400000,Council,Рада,4625300000,4621555300,UA46100010000066018
Hrabovetsko-Dulibivska,Грабовецько-Дулібівська,Грабовецко-Дулибовская,UA4610003,Stryiskyi,Стрийський,Стрыйский,UA4610,Lvivska,Львівська,Львовская,UA46,Ukraine,Україна,Украина,UA,153.27368,1,12,landscape,23.6857365,49.18084803,81400000,Council,Рада,4625300000,4625382000,UA46100030000016064
Zhydachivska,Жидачівська,Жидачовская,UA4610005,Stryiskyi,Стрийський,Стрыйский,UA4610,Lvivska,Львівська,Львовская,UA46,Ukraine,Україна,Украина,UA,180.1056709,2,18,landscape,24.12533537,49.39085143,81400000,Council,Рада,4625300000,4621510100,UA46100050000053848
Zhuravnenska,Журавненська,Журавненская,UA4610007,Stryiskyi,Стрийський,Стрыйский,UA4610,Lvivska,Львівська,Львовская,UA46,Ukraine,Україна,Украина,UA,278.4093021,1,27,landscape,24.25076218,49.22484846,81400000,Council,Рада,4625300000,4621555600,UA46100070000076013
Kozivska,Козівська,Козевская,UA4610009,Stryiskyi,Стрийський,Стрыйский,UA4610,Lvivska,Львівська,Львовская,UA46,Ukraine,Україна,Украина,UA,415.2813104,1,24,portrait,23.23154801,48.93296029,81400000,Council,Рада,4625300000,4624583000,UA46100090000076723
Mykolaivska,Миколаївська,Николаевская,UA4610011,Stryiskyi,Стрийський,Стрыйский,UA4610,Lvivska,Львівська,Львовская,UA46,Ukraine,Україна,Украина,UA,305.2745716,1,24,portrait,23.85655318,49.4560802,81400000,Council,Рада,4625300000,4623010100,UA46100110000018989
Morshynska,Моршинська,Моршинская,UA4610013,Stryiskyi,Стрийський,Стрыйский,UA4610,Lvivska,Львівська,Львовская,UA46,Ukraine,Україна,Украина,UA,121.2321542,1,14,landscape,23.86097777,49.15574001,81400000,Council,Рада,4625300000,4610700000,UA46100130000048262
Novorozdilska,Новороздільська,Новороздольская,UA4610015,Stryiskyi,Стрийський,Стрыйский,UA4610,Lvivska,Львівська,Львовская,UA46,Ukraine,Україна,Украина,UA,100.9983565,1,10,landscape,24.14802895,49.46385356,81400000,Council,Рада,4625300000,4610800000,UA46100150000087495
Rozvadivska,Розвадівська,Розвадовская,UA4610017,Stryiskyi,Стрийський,Стрыйский,UA4610,Lvivska,Львівська,Львовская,UA46,Ukraine,Україна,Украина,UA,108.1061973,1,9,portrait,23.99749759,49.44873862,81400000,Council,Рада,4625300000,4623086800,UA46100170000077437
Skolivska,Сколівська,Сколевская,UA4610019,Stryiskyi,Стрийський,Стрыйский,UA4610,Lvivska,Львівська,Львовская,UA46,Ukraine,Україна,Украина,UA,582.7728837,1,17,portrait,23.46877152,49.06060332,81400000,Council,Рада,4625300000,4624510100,UA46100190000081766
Slavska,Славська,Славская,UA4610021,Stryiskyi,Стрийський,Стрыйский,UA4610,Lvivska,Львівська,Львовская,UA46,Ukraine,Україна,Украина,UA,437.0476634,1,16,portrait,23.44270818,48.81922495,81400000,Council,Рада,4625300000,4624555700,UA46100210000027970
Stryiska,Стрийська,Стрыйская,UA4610023,Stryiskyi,Стрийський,Стрыйский,UA4610,Lvivska,Львівська,Львовская,UA46,Ukraine,Україна,Украина,UA,549.0095548,1,47,portrait,23.91658415,49.28600929,81400000,Council,Рада,4625300000,4611200000,UA46100230000047305
Trostianetska,Тростянецька,Тростянецкая,UA4610025,Stryiskyi,Стрийський,Стрыйский,UA4610,Lvivska,Львівська,Львовская,UA46,Ukraine,Україна,Украина,UA,188.0908663,1,17,landscape,24.04806601,49.57070108,81400000,Council,Рада,4625300000,4623088400,UA46100250000088835
Khodorivska,Ходорівська,Ходоровская,UA4610027,Stryiskyi,Стрийський,Стрыйский,UA4610,Lvivska,Львівська,Львовская,UA46,Ukraine,Україна,Украина,UA,327.9657472,3,44,portrait,24.28836637,49.41658564,81400000,Council,Рада,4625300000,4621510500,UA46100270000094052
Belzka,Белзька,Белзская,UA4612001,Chervonohradskyi,Червоноградський,Червоноградский,UA4612,Lvivska,Львівська,Львовская,UA46,Ukraine,Україна,Украина,UA,461.0755279,1,24,landscape,23.94477675,50.34687114,81400000,Council,Рада,new,4624810300,UA46120010000054878
Velykomostivska,Великомостівська,Великомостовская,UA4612003,Chervonohradskyi,Червоноградський,Червоноградский,UA4612,Lvivska,Львівська,Львовская,UA46,Ukraine,Україна,Украина,UA,318.2457976,2,17,landscape,24.11892143,50.23452543,81400000,Council,Рада,new,4624810600,UA46120030000069375
Dobrotvirska,Добротвірська,Добротворская,UA4612005,Chervonohradskyi,Червоноградський,Червоноградский,UA4612,Lvivska,Львівська,Львовская,UA46,Ukraine,Україна,Украина,UA,199.4896893,2,20,landscape,24.54449605,50.15787602,81400000,Council,Рада,new,4622155300,UA46120050000027080
Lopatynska,Лопатинська,Лопатинская,UA4612007,Chervonohradskyi,Червоноградський,Червоноградский,UA4612,Lvivska,Львівська,Львовская,UA46,Ukraine,Україна,Украина,UA,374.8894151,1,28,portrait,24.91627798,50.2632353,81400000,Council,Рада,new,4623955400,UA46120070000071541
Radekhivska,Радехівська,Радеховская,UA4612009,Chervonohradskyi,Червоноградський,Червоноградский,UA4612,Lvivska,Львівська,Львовская,UA46,Ukraine,Україна,Украина,UA,708.7173706,1,42,landscape,24.56209662,50.30016205,81400000,Council,Рада,new,4623910100,UA46120090000051307
Sokalska,Сокальська,Сокальская,UA4612011,Chervonohradskyi,Червоноградський,Червоноградский,UA4612,Lvivska,Львівська,Львовская,UA46,Ukraine,Україна,Украина,UA,676.4763661,1,60,landscape,24.32197429,50.49349447,81400000,Council,Рада,new,4624810100,UA46120110000062257
Chervonohradska,Червоноградська,Червоноградская,UA4612013,Chervonohradskyi,Червоноградський,Червоноградский,UA4612,Lvivska,Львівська,Львовская,UA46,Ukraine,Україна,Украина,UA,226.1062916,1,14,portrait,24.23559956,50.33374865,81400000,Council,Рада,new,4611845300,UA46120130000026331
Ivano-Frankivska,Івано-Франківська,Ивано-Франковская,UA4614001,Yavorivskyi,Яворівський,Яворовский,UA4614,Lvivska,Львівська,Львовская,UA46,Ukraine,Україна,Украина,UA,425.393602,1,32,portrait,23.75658183,49.94479046,81400000,Council,Рада,4625800000,4625855300,UA46140010000081849
Mostyska,Мостиська,Мостисская,UA4614003,Yavorivskyi,Яворівський,Яворовский,UA4614,Lvivska,Львівська,Львовская,UA46,Ukraine,Україна,Украина,UA,439.1082585,1,63,portrait,23.20386495,49.76801348,81400000,Council,Рада,4625800000,4622410100,UA46140030000023506
Novoiavorivska,Новояворівська,Новояворовская,UA4614005,Yavorivskyi,Яворівський,Яворовский,UA4614,Lvivska,Львівська,Львовская,UA46,Ukraine,Україна,Украина,UA,270.0074965,1,22,portrait,23.54679661,49.91493616,81400000,Council,Рада,4625800000,4625810500,UA46140050000054478
Sudovovyshnianska,Судововишнянська,Судововишнянская,UA4614007,Yavorivskyi,Яворівський,Яворовский,UA4614,Lvivska,Львівська,Львовская,UA46,Ukraine,Україна,Украина,UA,142.6744147,1,19,portrait,23.34229698,49.73828984,81400000,Council,Рада,4625800000,4622410500,UA46140070000010135
Shehynivska,Шегинівська,Шегиновская,UA4614009,Yavorivskyi,Яворівський,Яворовский,UA4614,Lvivska,Львівська,Львовская,UA46,Ukraine,Україна,Украина,UA,261.1857904,1,30,portrait,22.97101281,49.73936448,81400000,Council,Рада,4625800000,4622487900,UA46140090000079730
Yavorivska,Яворівська,Яворовская,UA4614011,Yavorivskyi,Яворівський,Яворовский,UA4614,Lvivska,Львівська,Львовская,UA46,Ukraine,Україна,Украина,UA,839.7271719,1,82,portrait,23.36287693,50.01309544,81400000,Council,Рада,4625800000,4625810100,UA46140110000063568
Bashtanska,Баштанська,Баштанская,UA4802001,Bashtanskyi,Баштанський,Баштанский,UA4802,Mykolaivska,Миколаївська,Николаевская,UA48,Ukraine,Україна,Украина,UA,761.2174737,1,26,portrait,32.50524594,47.37358209,81400000,Council,Рада,4820600000,4820610100,UA48020010000091496
Bereznehuvatska,Березнегуватська,Березнеговатская,UA4802003,Bashtanskyi,Баштанський,Баштанский,UA4802,Mykolaivska,Миколаївська,Николаевская,UA48,Ukraine,Україна,Украина,UA,1264.027248,1,41,landscape,32.86933216,47.32559655,81400000,Council,Рада,4820600000,4821155100,UA48020030000061219
Vilnozaporizka,Вільнозапорізька,Вольнозапорожская,UA4802005,Bashtanskyi,Баштанський,Баштанский,UA4802,Mykolaivska,Миколаївська,Николаевская,UA48,Ukraine,Україна,Украина,UA,367.4633115,1,22,portrait,32.63232979,47.58721565,81400000,Council,Рада,4820600000,4824581200,UA48020050000023194
Volodymyrivska,Володимирівська,Владимировская,UA4802007,Bashtanskyi,Баштанський,Баштанский,UA4802,Mykolaivska,Миколаївська,Николаевская,UA48,Ukraine,Україна,Украина,UA,346.9307023,1,17,landscape,32.95506731,47.53491767,81400000,Council,Рада,4820600000,4823681400,UA48020070000050731
Horokhivska,Горохівська,Гороховская,UA4802009,Bashtanskyi,Баштанський,Баштанский,UA4802,Mykolaivska,Миколаївська,Николаевская,UA48,Ukraine,Україна,Украина,UA,298.9309319,1,19,landscape,32.72511048,46.90887569,81400000,Council,Рада,4820600000,4825781400,UA48020090000069919
Inhulska,Інгульська,Ингульская,UA4802011,Bashtanskyi,Баштанський,Баштанский,UA4802,Mykolaivska,Миколаївська,Николаевская,UA48,Ukraine,Україна,Украина,UA,476.7340592,1,15,landscape,32.34228241,47.20293205,81400000,Council,Рада,4820600000,4820681200,UA48020110000020969
Kazankivska,Казанківська,Казанковская,UA4802013,Bashtanskyi,Баштанський,Баштанский,UA4802,Mykolaivska,Миколаївська,Николаевская,UA48,Ukraine,Україна,Украина,UA,1001.363261,1,54,portrait,32.88886449,47.83112961,81400000,Council,Рада,4820600000,4823655100,UA48020130000080862
Novobuzka,Новобузька,Новобугская,UA4802015,Bashtanskyi,Баштанський,Баштанский,UA4802,Mykolaivska,Миколаївська,Николаевская,UA48,Ukraine,Україна,Украина,UA,448.8411904,1,12,landscape,32.53720221,47.72833452,81400000,Council,Рада,4820600000,4824510100,UA48020150000051082
Pryvilnenska,Привільненська,Привольненская,UA4802017,Bashtanskyi,Баштанський,Баштанский,UA4802,Mykolaivska,Миколаївська,Николаевская,UA48,Ukraine,Україна,Украина,UA,463.9674127,1,19,portrait,32.21822744,47.44823871,81400000,Council,Рада,4820600000,4820685300,UA48020170000082529
Snihurivska,Снігурівська,Снигиревская,UA4802019,Bashtanskyi,Баштанський,Баштанский,UA4802,Mykolaivska,Миколаївська,Николаевская,UA48,Ukraine,Україна,Украина,UA,637.4495055,1,23,landscape,32.82109954,47.07084671,81400000,Council,Рада,4820600000,4825710100,UA48020190000083597
Sofiivska,Софіївська,Софиевская,UA4802021,Bashtanskyi,Баштанський,Баштанский,UA4802,Mykolaivska,Миколаївська,Николаевская,UA48,Ukraine,Україна,Украина,UA,427.241442,1,24,portrait,32.32037877,47.63503752,81400000,Council,Рада,4820600000,4824585000,UA48020210000024814
Shyrokivska,Широківська,Широковская,UA4802023,Bashtanskyi,Баштанський,Баштанский,UA4802,Mykolaivska,Миколаївська,Николаевская,UA48,Ukraine,Україна,Украина,UA,216.8791854,1,7,portrait,32.64286027,47.14203198,81400000,Council,Рада,4820600000,4825786000,UA48020230000095751
Bratska,Братська,Братская,UA4804001,Voznesenskyi,Вознесенський,Вознесенский,UA4804,Mykolaivska,Миколаївська,Николаевская,UA48,Ukraine,Україна,Украина,UA,706.9666913,1,34,portrait,31.65167528,47.839736,81400000,Council,Рада,4822000000,4821455100,UA48040010000016403
Buzka,Бузька,Бугская,UA4804003,Voznesenskyi,Вознесенський,Вознесенский,UA4804,Mykolaivska,Миколаївська,Николаевская,UA48,Ukraine,Україна,Украина,UA,310.2650623,2,9,landscape,31.5603181,47.62044039,81400000,Council,Рада,4822000000,4822080800,UA48040030000013036
Veselynivska,Веселинівська,Веселиновская,UA4804005,Voznesenskyi,Вознесенський,Вознесенский,UA4804,Mykolaivska,Миколаївська,Николаевская,UA48,Ukraine,Україна,Украина,UA,910.863198,1,44,landscape,31.26940742,47.31974479,81400000,Council,Рада,4822000000,4821755100,UA48040050000011284
Voznesenska,Вознесенська,Вознесенская,UA4804007,Voznesenskyi,Вознесенський,Вознесенский,UA4804,Mykolaivska,Миколаївська,Николаевская,UA48,Ukraine,Україна,Украина,UA,93.38693708,3,3,landscape,31.43723646,47.54889288,81400000,Council,Рада,4822000000,4810200000,UA48040070000056126
Domanivska,Доманівська,Доманевская,UA4804009,Voznesenskyi,Вознесенський,Вознесенский,UA4804,Mykolaivska,Миколаївська,Николаевская,UA48,Ukraine,Україна,Украина,UA,728.594026,1,31,portrait,30.92600353,47.6915838,81400000,Council,Рада,4822000000,4822755100,UA48040090000070960
Doroshivska,Дорошівська,Дорошовская,UA4804011,Voznesenskyi,Вознесенський,Вознесенский,UA4804,Mykolaivska,Миколаївська,Николаевская,UA48,Ukraine,Україна,Украина,UA,356.9869692,1,8,portrait,31.61736833,47.49834108,81400000,Council,Рада,4822000000,4822082600,UA48040110000015580
Yelanetska,Єланецька,Еланецкая,UA4804013,Voznesenskyi,Вознесенський,Вознесенский,UA4804,Mykolaivska,Миколаївська,Николаевская,UA48,Ukraine,Україна,Украина,UA,1018.698887,1,34,landscape,31.92748823,47.67016714,81400000,Council,Рада,4822000000,4823055100,UA48040130000074078
Mostivska,Мостівська,Мостовская,UA4804015,Voznesenskyi,Вознесенський,Вознесенский,UA4804,Mykolaivska,Миколаївська,Николаевская,UA48,Ukraine,Україна,Украина,UA,427.7156485,1,18,portrait,30.99482387,47.49805681,81400000,Council,Рада,4822000000,4822783500,UA48040150000011861
Novomarivska,Новомар'ївська,Новомарьевская,UA4804017,Voznesenskyi,Вознесенський,Вознесенский,UA4804,Mykolaivska,Миколаївська,Николаевская,UA48,Ukraine,Україна,Украина,UA,422.4909497,1,26,landscape,31.62774542,48.0241975,81400000,Council,Рада,4822000000,4821483900,UA48040170000057262
Oleksandrivska,Олександрівська,Александровская,UA4804019,Voznesenskyi,Вознесенський,Вознесенский,UA4804,Mykolaivska,Миколаївська,Николаевская,UA48,Ukraine,Україна,Украина,UA,287.7244826,1,8,landscape,31.39091402,47.70723619,81400000,Council,Рада,4822000000,4822055200,UA48040190000026236
Prybuzhanivska,Прибужанівська,Прибужановская,UA4804021,Voznesenskyi,Вознесенський,Вознесенский,UA4804,Mykolaivska,Миколаївська,Николаевская,UA48,Ukraine,Україна,Украина,UA,367.9799284,1,20,landscape,31.30620378,47.47641588,81400000,Council,Рада,4822000000,4822083800,UA48040210000049987
Prybuzka,Прибузька,Прибужская,UA4804023,Voznesenskyi,Вознесенський,Вознесенский,UA4804,Mykolaivska,Миколаївська,Николаевская,UA48,Ukraine,Україна,Украина,UA,298.442272,1,13,portrait,31.08063203,47.79663313,81400000,Council,Рада,4822000000,4822784000,UA48040230000012964
Yuzhnoukrainska,Южноукраїнська,Южноукраинская,UA4804025,Voznesenskyi,Вознесенський,Вознесенский,UA4804,Mykolaivska,Миколаївська,Николаевская,UA48,Ukraine,Україна,Украина,UA,158.7649362,1,5,portrait,31.19252705,47.8597601,81400000,Council,Рада,4822000000,4810800000,UA48040250000044166
Berezanska,Березанська,Березанская,UA4806001,Mykolaivskyi,Миколаївський,Николаевский,UA4806,Mykolaivska,Миколаївська,Николаевская,UA48,Ukraine,Україна,Украина,UA,895.4428765,1,35,landscape,31.42163527,46.87512282,81400000,Council,Рада,4824200000,4820955100,UA48060010000061913
Vesnianska,Веснянська,Веснянская,UA4806003,Mykolaivskyi,Миколаївський,Николаевский,UA4806,Mykolaivska,Миколаївська,Николаевская,UA48,Ukraine,Україна,Украина,UA,352.0941882,1,17,portrait,31.82015622,46.93302732,81400000,Council,Рада,4824200000,4824280400,UA48060030000055210
Voskresenska,Воскресенська,Воскресенская,UA4806005,Mykolaivskyi,Миколаївський,Николаевский,UA4806,Mykolaivska,Миколаївська,Николаевская,UA48,Ukraine,Україна,Украина,UA,328.7699394,1,9,landscape,32.25116269,47.08721813,81400000,Council,Рада,4824200000,4823355300,UA48060050000074873
Halytsynivska,Галицинівська,Галицыновская,UA4806007,Mykolaivskyi,Миколаївський,Николаевский,UA4806,Mykolaivska,Миколаївська,Николаевская,UA48,Ukraine,Україна,Украина,UA,286.2932569,1,6,portrait,32.0280724,46.7698294,81400000,Council,Рада,4824200000,4823380600,UA48060070000087404
Koblivska,Коблівська,Коблевская,UA4806009,Mykolaivskyi,Миколаївський,Николаевский,UA4806,Mykolaivska,Миколаївська,Николаевская,UA48,Ukraine,Україна,Украина,UA,421.6493652,2,12,portrait,31.26854422,46.71256903,81400000,Council,Рада,4824200000,4820982200,UA48060090000097375
Kostiantynivska,Костянтинівська,Константиновская,UA4806011,Mykolaivskyi,Миколаївський,Николаевский,UA4806,Mykolaivska,Миколаївська,Николаевская,UA48,Ukraine,Україна,Украина,UA,448.1897625,1,11,portrait,31.94343474,47.20231087,81400000,Council,Рада,4824200000,4824883400,UA48060110000055792
Kutsurubska,Куцурубська,Куцурубская,UA4806013,Mykolaivskyi,Миколаївський,Николаевский,UA4806,Mykolaivska,Миколаївська,Николаевская,UA48,Ukraine,Україна,Украина,UA,346.4505304,1,12,landscape,31.78040866,46.68439288,81400000,Council,Рада,4824200000,4825182200,UA48060130000035572
Mykolaivska,Миколаївська,Николаевская,UA4806015,Mykolaivskyi,Миколаївський,Николаевский,UA4806,Mykolaivska,Миколаївська,Николаевская,UA48,Ukraine,Україна,Украина,UA,338.4434347,1,1,portrait,31.99039139,46.96791578,81400000,Council,Рада,4824200000,4810100000,UA48060150000071713
Mishkovo-Pohorilivska,Мішково-Погорілівська,Мешково-Погореловская,UA4806017,Mykolaivskyi,Миколаївський,Николаевский,UA4806,Mykolaivska,Миколаївська,Николаевская,UA48,Ukraine,Україна,Украина,UA,125.4796491,1,7,landscape,32.08395412,47.05435798,81400000,Council,Рада,4824200000,4823383000,UA48060170000025778
Nechaianska,Нечаянська,Нечаянская,UA4806019,Mykolaivskyi,Миколаївський,Николаевский,UA4806,Mykolaivska,Миколаївська,Николаевская,UA48,Ukraine,Україна,Украина,UA,403.9261899,1,13,landscape,31.54636616,46.99907242,81400000,Council,Рада,4824200000,4824282700,UA48060190000070297
Novoodeska,Новоодеська,Новоодесская,UA4806021,Mykolaivskyi,Миколаївський,Николаевский,UA4806,Mykolaivska,Миколаївська,Николаевская,UA48,Ukraine,Україна,Украина,UA,613.1688376,1,16,portrait,31.79335957,47.38699344,81400000,Council,Рада,4824200000,4824810100,UA48060210000081533
Olshanska,Ольшанська,Ольшанская,UA4806023,Mykolaivskyi,Миколаївський,Николаевский,UA4806,Mykolaivska,Миколаївська,Николаевская,UA48,Ukraine,Україна,Украина,UA,245.2183733,1,13,landscape,31.6873195,47.24323912,81400000,Council,Рада,4824200000,4824255600,UA48060230000098265
Ochakivska,Очаківська,Очаковская,UA4806025,Mykolaivskyi,Миколаївський,Николаевский,UA4806,Mykolaivska,Миколаївська,Николаевская,UA48,Ukraine,Україна,Украина,UA,139.5437241,5,4,landscape,31.54845158,46.60886039,81400000,Council,Рада,4824200000,4810300000,UA48060250000061313
Pervomaiska,Первомайська,Первомайская,UA4806027,Mykolaivskyi,Миколаївський,Николаевский,UA4806,Mykolaivska,Миколаївська,Николаевская,UA48,Ukraine,Україна,Украина,UA,390.3718835,1,11,portrait,32.43424557,47.01076663,81400000,Council,Рада,4824200000,4823355700,UA48060270000044708
Radsadivska,Радсадівська,Радсадовская,UA4806029,Mykolaivskyi,Миколаївський,Николаевский,UA4806,Mykolaivska,Миколаївська,Николаевская,UA48,Ukraine,Україна,Украина,UA,163.7736743,1,6,portrait,31.8686995,46.82267945,81400000,Council,Рада,4824200000,4824283800,UA48060290000080246
Stepivska,Степівська,Степовская,UA4806031,Mykolaivskyi,Миколаївський,Николаевский,UA4806,Mykolaivska,Миколаївська,Николаевская,UA48,Ukraine,Україна,Украина,UA,707.3856037,1,16,landscape,31.4882811,47.17209118,81400000,Council,Рада,4824200000,4824284000,UA48060310000084930
Sukhoielanetska,Сухоєланецька,Сухоеланецкая,UA4806033,Mykolaivskyi,Миколаївський,Николаевский,UA4806,Mykolaivska,Миколаївська,Николаевская,UA48,Ukraine,Україна,Украина,UA,373.7981671,1,15,portrait,32.02468166,47.37292766,81400000,Council,Рада,4824200000,4824885200,UA48060330000083035
Chornomorska,Чорноморська,Черноморская,UA4806035,Mykolaivskyi,Миколаївський,Николаевский,UA4806,Mykolaivska,Миколаївська,Николаевская,UA48,Ukraine,Україна,Украина,UA,340.5971848,1,13,portrait,31.67788611,46.81576176,81400000,Council,Рада,4824200000,4825184800,UA48060350000011218
Shevchenkivska,Шевченківська,Шевченковская,UA4806037,Mykolaivskyi,Миколаївський,Николаевский,UA4806,Mykolaivska,Миколаївська,Николаевская,UA48,Ukraine,Україна,Украина,UA,503.304719,1,21,landscape,32.31630044,46.87988298,81400000,Council,Рада,4824200000,4823384700,UA48060370000016130
Arbuzynska,Арбузинська,Арбузинская,UA4808001,Pervomaiskyi,Первомайський,Первомайский,UA4808,Mykolaivska,Миколаївська,Николаевская,UA48,Ukraine,Україна,Украина,UA,429.3424065,1,13,portrait,31.35924251,47.90825836,81400000,Council,Рада,6324500000,4820355100,UA48080010000048763
Blahodatnenska,Благодатненська,Благодатненская,UA4808003,Pervomaiskyi,Первомайський,Первомайский,UA4808,Mykolaivska,Миколаївська,Николаевская,UA48,Ukraine,Україна,Украина,UA,403.9240418,1,12,portrait,31.17291292,47.99049049,81400000,Council,Рада,6324500000,4820380400,UA48080030000050927
Vradiivska,Врадіївська,Врадиевская,UA4808005,Pervomaiskyi,Первомайський,Первомайский,UA4808,Mykolaivska,Миколаївська,Николаевская,UA48,Ukraine,Україна,Украина,UA,800.4163769,1,37,portrait,30.58924245,47.74441696,81400000,Council,Рада,6324500000,4822355100,UA48080050000053070
Kamianomostivska,Кам'яномостівська,Каменномостовская,UA4808007,Pervomaiskyi,Первомайський,Первомайский,UA4808,Mykolaivska,Миколаївська,Николаевская,UA48,Ukraine,Україна,Украина,UA,328.8073031,1,15,landscape,30.82805528,47.89436192,81400000,Council,Рада,6324500000,4825482200,UA48080070000061107
Kryvoozerska,Кривоозерська,Кривоозерская,UA4808009,Pervomaiskyi,Первомайський,Первомайский,UA4808,Mykolaivska,Миколаївська,Николаевская,UA48,Ukraine,Україна,Украина,UA,813.5291495,1,27,portrait,30.46041312,48.02014348,81400000,Council,Рада,6324500000,4823955100,UA48080090000029942
Myhiivska,Мигіївська,Мигиевская,UA4808011,Pervomaiskyi,Первомайський,Первомайский,UA4808,Mykolaivska,Миколаївська,Николаевская,UA48,Ukraine,Україна,Украина,UA,391.1009528,2,13,portrait,31.08864601,48.10009826,81400000,Council,Рада,6324500000,4825485100,UA48080110000010732
Pervomaiska,Первомайська,Первомайская,UA4808013,Pervomaiskyi,Первомайський,Первомайский,UA4808,Mykolaivska,Миколаївська,Николаевская,UA48,Ukraine,Україна,Украина,UA,282.2423535,1,7,landscape,30.8422556,48.03764435,81400000,Council,Рада,6324500000,4810400000,UA48080130000028458
Syniukhynobridska,Синюхинобрідська,Синюхинобродская,UA4808015,Pervomaiskyi,Первомайський,Первомайский,UA4808,Mykolaivska,Миколаївська,Николаевская,UA48,Ukraine,Україна,Украина,UA,343.5273524,1,17,landscape,30.79608474,48.13349252,81400000,Council,Рада,6324500000,4825486300,UA48080150000083195
Andriievo-Ivanivska,Андрієво-Іванівська,Андреево-Ивановская,UA5102001,Berezivskyi,Березівський,Березовский,UA5102,Odeska,Одеська,Одесская,UA51,Ukraine,Україна,Украина,UA,298.5498131,1,12,landscape,30.46191661,47.52666835,81400000,Council,Рада,5121200000,5123581000,UA51020010000012094
Berezivska,Березівська,Березовская,UA5102003,Berezivskyi,Березівський,Березовский,UA5102,Odeska,Одеська,Одесская,UA51,Ukraine,Україна,Украина,UA,683.2495715,1,27,landscape,30.95522977,47.13735734,81400000,Council,Рада,5121200000,5121210100,UA51020030000095942
Velykobuialytska,Великобуялицька,Великобуялицкая,UA5102005,Berezivskyi,Березівський,Березовский,UA5102,Odeska,Одеська,Одесская,UA51,Ukraine,Україна,Украина,UA,165.6696923,1,3,landscape,30.66617141,46.93034288,81400000,Council,Рада,5121200000,5121881000,UA51020050000075980
Znamianska,Знам'янська,Знаменская,UA5102007,Berezivskyi,Березівський,Березовский,UA5102,Odeska,Одеська,Одесская,UA51,Ukraine,Україна,Украина,UA,411.6373495,1,17,portrait,30.23774868,47.05813758,81400000,Council,Рада,5121200000,5121884200,UA51020070000019684
Ivanivska,Іванівська,Ивановская,UA5102009,Berezivskyi,Березівський,Березовский,UA5102,Odeska,Одеська,Одесская,UA51,Ukraine,Україна,Украина,UA,438.6777156,1,19,landscape,30.44974006,46.91304441,81400000,Council,Рада,5121200000,5121855100,UA51020090000073639
Konoplianska,Коноплянська,Коноплянская,UA5102011,Berezivskyi,Березівський,Березовский,UA5102,Odeska,Одеська,Одесская,UA51,Ukraine,Україна,Украина,UA,449.4719514,1,20,landscape,30.51683508,47.06719736,81400000,Council,Рада,5121200000,5121882000,UA51020110000041005
Kurisovska,Курісовська,Курисовская,UA5102013,Berezivskyi,Березівський,Березовский,UA5102,Odeska,Одеська,Одесская,UA51,Ukraine,Україна,Украина,UA,258.4787258,1,8,landscape,30.93153065,46.9751281,81400000,Council,Рада,5121200000,5122784600,UA51020130000060117
Mykolaivska,Миколаївська,Николаевская,UA5102015,Berezivskyi,Березівський,Березовский,UA5102,Odeska,Одеська,Одесская,UA51,Ukraine,Україна,Украина,UA,542.8542179,1,23,portrait,30.71875999,47.47440301,81400000,Council,Рада,5121200000,5123555100,UA51020150000090298
Novokalchevska,Новокальчевська,Новокальчевская,UA5102017,Berezivskyi,Березівський,Березовский,UA5102,Odeska,Одеська,Одесская,UA51,Ukraine,Україна,Украина,UA,432.1980616,1,12,portrait,31.19496345,47.08866047,81400000,Council,Рада,5121200000,5121285600,UA51020170000041393
Petrovirivska,Петровірівська,Петроверовская,UA5102019,Berezivskyi,Березівський,Березовский,UA5102,Odeska,Одеська,Одесская,UA51,Ukraine,Україна,Украина,UA,292.3541667,1,10,landscape,30.26878126,47.23475615,81400000,Council,Рада,5121200000,5125481000,UA51020190000074479
Raukhivska,Раухівська,Рауховская,UA5102021,Berezivskyi,Березівський,Березовский,UA5102,Odeska,Одеська,Одесская,UA51,Ukraine,Україна,Украина,UA,283.5943321,1,11,portrait,30.80190753,47.21518494,81400000,Council,Рада,5121200000,5121255600,UA51020210000019597
Rozkvitivska,Розквітівська,Розквитовская,UA5102023,Berezivskyi,Березівський,Березовский,UA5102,Odeska,Одеська,Одесская,UA51,Ukraine,Україна,Украина,UA,230.5201893,1,14,landscape,30.64904941,47.15351284,81400000,Council,Рада,5121200000,5121283600,UA51020230000068053
Staromaiakivska,Старомаяківська,Старомаяковская,UA5102025,Berezivskyi,Березівський,Березовский,UA5102,Odeska,Одеська,Одесская,UA51,Ukraine,Україна,Украина,UA,304.1527241,1,18,portrait,30.38291699,47.38419603,81400000,Council,Рада,5121200000,5125485600,UA51020250000084082
Striukivska,Стрюківська,Стрюковская,UA5102027,Berezivskyi,Березівський,Березовский,UA5102,Odeska,Одеська,Одесская,UA51,Ukraine,Україна,Украина,UA,252.6317889,1,11,landscape,30.55085388,47.34682756,81400000,Council,Рада,5121200000,5123584500,UA51020270000068435
Chohodarivska,Чогодарівська,Чегодаровская,UA5102029,Berezivskyi,Березівський,Березовский,UA5102,Odeska,Одеська,Одесская,UA51,Ukraine,Україна,Украина,UA,183.9921607,1,9,landscape,29.97625118,47.37669766,81400000,Council,Рада,5121200000,5125485900,UA51020290000017926
Shyriaivska,Ширяївська,Ширяевская,UA5102031,Berezivskyi,Березівський,Березовский,UA5102,Odeska,Одеська,Одесская,UA51,Ukraine,Україна,Украина,UA,323.2016087,1,12,portrait,30.18910833,47.3806047,81400000,Council,Рада,5121200000,5125455100,UA51020310000020019
Bilhorod-Dnistrovska,Білгород-Дністровська,Белгород-Днестровская,UA5104001,Bilhorod-Dnistrovskyi,Білгород-Дністровський,Белгород-Днестровский,UA5104,Odeska,Одеська,Одесская,UA51,Ukraine,Україна,Украина,UA,277.1488522,1,1,landscape,30.19463498,46.31474927,81400000,Council,Рада,5120800000,5110300000,UA51040010000016896
Dyviziiska,Дивізійська,Дивизийская,UA5104003,Bilhorod-Dnistrovskyi,Білгород-Дністровський,Белгород-Днестровский,UA5104,Odeska,Одеська,Одесская,UA51,Ukraine,Україна,Украина,UA,350.4625468,1,11,portrait,29.85339909,45.81725376,81400000,Council,Рада,5120800000,5125081600,UA51040030000095700
Karolino-Buhazka,Кароліно-Бугазька,Каролино-Бугазская,UA5104005,Bilhorod-Dnistrovskyi,Білгород-Дністровський,Белгород-Днестровский,UA5104,Odeska,Одеська,Одесская,UA51,Ukraine,Україна,Украина,UA,21.68194267,1,2,portrait,30.53211303,46.15335671,81400000,Council,Рада,5120800000,5123781500,UA51040050000073907
Kulevchanska,Кулевчанська,Кулевчанская,UA5104007,Bilhorod-Dnistrovskyi,Білгород-Дністровський,Белгород-Днестровский,UA5104,Odeska,Одеська,Одесская,UA51,Ukraine,Україна,Украина,UA,209.5455641,1,4,portrait,29.92915162,46.02079307,81400000,Council,Рада,5120800000,5124581700,UA51040070000074000
Lymanska,Лиманська,Лиманская,UA5104009,Bilhorod-Dnistrovskyi,Білгород-Дністровський,Белгород-Днестровский,UA5104,Odeska,Одеська,Одесская,UA51,Ukraine,Україна,Украина,UA,650.8279963,1,6,portrait,29.72773257,45.67732528,81400000,Council,Рада,5120800000,5125082700,UA51040090000096249
Marazliivska,Маразліївська,Маразлиевская,UA5104011,Bilhorod-Dnistrovskyi,Білгород-Дністровський,Белгород-Днестровский,UA5104,Odeska,Одеська,Одесская,UA51,Ukraine,Україна,Украина,UA,297.0977742,1,9,portrait,30.09571237,46.03868816,81400000,Council,Рада,5120800000,5120884200,UA51040110000040346
Molohivska,Мологівська,Мологовская,UA5104013,Bilhorod-Dnistrovskyi,Білгород-Дністровський,Белгород-Днестровский,UA5104,Odeska,Одеська,Одесская,UA51,Ukraine,Україна,Украина,UA,209.8319724,1,8,portrait,30.15891615,46.18764209,81400000,Council,Рада,5120800000,5120884400,UA51040130000049323
Petropavlivska,Петропавлівська,Петропавловская,UA5104015,Bilhorod-Dnistrovskyi,Білгород-Дністровський,Белгород-Днестровский,UA5104,Odeska,Одеська,Одесская,UA51,Ukraine,Україна,Украина,UA,273.0630101,1,8,landscape,29.53249736,46.33325468,81400000,Council,Рада,5120800000,5124584600,UA51040150000087491
Plakhtiivska,Плахтіївська,Плахтиевская,UA5104017,Bilhorod-Dnistrovskyi,Білгород-Дністровський,Белгород-Днестровский,UA5104,Odeska,Одеська,Одесская,UA51,Ukraine,Україна,Украина,UA,318.9253811,1,8,landscape,29.74497894,46.11693767,81400000,Council,Рада,5120800000,5124584900,UA51040170000036391
Saratska,Саратська,Саратская,UA5104019,Bilhorod-Dnistrovskyi,Білгород-Дністровський,Белгород-Днестровский,UA5104,Odeska,Одеська,Одесская,UA51,Ukraine,Україна,Украина,UA,452.3168365,1,11,landscape,29.66206894,45.97999526,81400000,Council,Рада,5120800000,5124555100,UA51040190000058077
Serhiivska,Сергіївська,Сергеевская,UA5104021,Bilhorod-Dnistrovskyi,Білгород-Дністровський,Белгород-Днестровский,UA5104,Odeska,Одеська,Одесская,UA51,Ukraine,Україна,Украина,UA,182.4030172,1,8,portrait,30.23941176,45.94074396,81400000,Council,Рада,5120800000,5110345700,UA51040210000057879
Starokozatska,Старокозацька,Староказацкая,UA5104023,Bilhorod-Dnistrovskyi,Білгород-Дністровський,Белгород-Днестровский,UA5104,Odeska,Одеська,Одесская,UA51,Ukraine,Україна,Украина,UA,631.7332037,1,18,landscape,29.95838785,46.29533654,81400000,Council,Рада,5120800000,5120886800,UA51040230000018414
Tatarbunarska,Татарбунарська,Татарбунарская,UA5104025,Bilhorod-Dnistrovskyi,Білгород-Дністровський,Белгород-Днестровский,UA5104,Odeska,Одеська,Одесская,UA51,Ukraine,Україна,Украина,UA,616.1592339,1,10,portrait,29.55955299,45.80664001,81400000,Council,Рада,5120800000,5125010100,UA51040250000099866
Tuzlivska,Тузлівська,Тузловская,UA5104027,Bilhorod-Dnistrovskyi,Білгород-Дністровський,Белгород-Днестровский,UA5104,Odeska,Одеська,Одесская,UA51,Ukraine,Україна,Украина,UA,125.7393788,2,8,landscape,30.05416863,45.88390958,81400000,Council,Рада,5120800000,5125085600,UA51040270000028361
Uspenivska,Успенівська,Успеновская,UA5104029,Bilhorod-Dnistrovskyi,Білгород-Дністровський,Белгород-Днестровский,UA5104,Odeska,Одеська,Одесская,UA51,Ukraine,Україна,Украина,UA,290.8693262,1,8,landscape,29.87174388,46.17361903,81400000,Council,Рада,5120800000,5124586800,UA51040290000011852
Shabivska,Шабівська,Шабовская,UA5104031,Bilhorod-Dnistrovskyi,Білгород-Дністровський,Белгород-Днестровский,UA5104,Odeska,Одеська,Одесская,UA51,Ukraine,Україна,Украина,UA,278.6179718,1,14,portrait,30.30026474,46.10316792,81400000,Council,Рада,5120800000,5120887700,UA51040310000071545
Artsyzka,Арцизька,Арцизская,UA5106001,Bolhradskyi,Болградський,Болградский,UA5106,Odeska,Одеська,Одесская,UA51,Ukraine,Україна,Украина,UA,759.7280893,1,13,landscape,29.26513333,45.85179126,81400000,Council,Рада,5121400000,5120410100,UA51060010000033212
Bolhradska,Болградська,Болградская,UA5106003,Bolhradskyi,Болградський,Болградский,UA5106,Odeska,Одеська,Одесская,UA51,Ukraine,Україна,Украина,UA,296.0088493,1,7,portrait,28.58210217,45.6796731,81400000,Council,Рада,5121400000,5121410100,UA51060030000044366
Borodinska,Бородінська,Бородинская,UA5106005,Bolhradskyi,Болградський,Болградский,UA5106,Odeska,Одеська,Одесская,UA51,Ukraine,Україна,Украина,UA,925.4967559,1,34,landscape,29.28900052,46.31916624,81400000,Council,Рада,5121400000,5124755500,UA51060050000061243
Vasylivska,Василівська,Василевская,UA5106007,Bolhradskyi,Болградський,Болградский,UA5106,Odeska,Одеська,Одесская,UA51,Ukraine,Україна,Украина,UA,406.3752959,1,6,portrait,28.86964694,45.68480355,81400000,Council,Рада,5121400000,5121481000,UA51060070000052726
Horodnenska,Городненська,Городненская,UA5106009,Bolhradskyi,Болградський,Болградский,UA5106,Odeska,Одеська,Одесская,UA51,Ukraine,Україна,Украина,UA,297.0368289,1,4,landscape,28.8917819,45.91385302,81400000,Council,Рада,5121400000,5121482700,UA51060090000014997
Krynychnenska,Криничненська,Крынычненская,UA5106011,Bolhradskyi,Болградський,Болградский,UA5106,Odeska,Одеська,Одесская,UA51,Ukraine,Україна,Украина,UA,125.1839695,1,3,portrait,28.70721654,45.51305658,81400000,Council,Рада,5121400000,5121484700,UA51060110000077844
Kubeiska,Кубейська,Кубейская,UA5106013,Bolhradskyi,Болградський,Болградский,UA5106,Odeska,Одеська,Одесская,UA51,Ukraine,Україна,Украина,UA,268.9667941,1,3,landscape,28.93185548,45.81135577,81400000,Council,Рада,5121400000,5121487000,UA51060130000042133
Pavlivska,Павлівська,Павловская,UA5106015,Bolhradskyi,Болградський,Болградский,UA5106,Odeska,Одеська,Одесская,UA51,Ukraine,Україна,Украина,UA,287.2169862,1,8,portrait,29.50462241,45.94996991,81400000,Council,Рада,5121400000,5120485200,UA51060150000016544
Tarutynska,Тарутинська,Тарутинская,UA5106017,Bolhradskyi,Болградський,Болградский,UA5106,Odeska,Одеська,Одесская,UA51,Ukraine,Україна,Украина,UA,870.771423,1,16,portrait,29.12360724,46.0945299,81400000,Council,Рада,5121400000,5124755100,UA51060170000068967
Teplytska,Теплицька,Теплицкая,UA5106019,Bolhradskyi,Болградський,Болградский,UA5106,Odeska,Одеська,Одесская,UA51,Ukraine,Україна,Украина,UA,268.8684036,1,5,portrait,29.34973719,46.04384924,81400000,Council,Рада,5121400000,5120485900,UA51060190000067242
Vylkivska,Вилківська,Вилковская,UA5108001,Izmailskyi,Ізмаїльський,Измаильский,UA5108,Odeska,Одеська,Одесская,UA51,Ukraine,Україна,Украина,UA,553.432635,3,6,landscape,29.52132113,45.55299553,81400000,Council,Рада,5122000000,5122310300,UA51080010000087690
Izmailska,Ізмаїльська,Измаильская,UA5108003,Izmailskyi,Ізмаїльський,Измаильский,UA5108,Odeska,Одеська,Одесская,UA51,Ukraine,Україна,Украина,UA,54.02192007,1,1,portrait,28.83932712,45.35757125,81400000,Council,Рада,5122000000,5110600000,UA51080030000048246
Kiliiska,Кілійська,Килийская,UA5108005,Izmailskyi,Ізмаїльський,Измаильский,UA5108,Odeska,Одеська,Одесская,UA51,Ukraine,Україна,Украина,UA,698.1194726,1,11,portrait,29.27737727,45.522873,81400000,Council,Рада,5122000000,5122310100,UA51080050000022808
Reniiska,Ренійська,Ренийская,UA5108007,Izmailskyi,Ізмаїльський,Измаильский,UA5108,Odeska,Одеська,Одесская,UA51,Ukraine,Україна,Украина,UA,869.4174958,1,8,landscape,28.50834137,45.3884451,81400000,Council,Рада,5122000000,5124110100,UA51080070000040493
Safianivska,Саф'янівська,Сафьяновская,UA5108009,Izmailskyi,Ізмаїльський,Измаильский,UA5108,Odeska,Одеська,Одесская,UA51,Ukraine,Україна,Украина,UA,975.901687,1,19,portrait,28.97705647,45.43956708,81400000,Council,Рада,5122000000,5122085900,UA51080090000065506
Suvorovska,Суворовська,Суворовская,UA5108011,Izmailskyi,Ізмаїльський,Измаильский,UA5108,Odeska,Одеська,Одесская,UA51,Ukraine,Україна,Украина,UA,375.5210902,1,7,portrait,29.0900323,45.66074223,81400000,Council,Рада,5122000000,5122055400,UA51080110000079212
Avanhardivska,Авангардівська,Авангардская,UA5110001,Odeskyi,Одеський,Одесский,UA5110,Odeska,Одеська,Одесская,UA51,Ukraine,Україна,Украина,UA,65.71749705,1,5,portrait,30.6217059,46.44053671,81400000,Council,Рада,new,5123755200,UA51100010000023950
Biliaivska,Біляївська,Беляевская,UA5110003,Odeskyi,Одеський,Одесский,UA5110,Odeska,Одеська,Одесская,UA51,Ukraine,Україна,Украина,UA,395.9841504,2,7,landscape,30.26461074,46.54207796,81400000,Council,Рада,new,5110500000,UA51100030000027628
Velykodalnytska,Великодальницька,Великодальникская,UA5110005,Odeskyi,Одеський,Одесский,UA5110,Odeska,Одеська,Одесская,UA51,Ukraine,Україна,Украина,UA,147.34284,1,3,landscape,30.50761898,46.48934332,81400000,Council,Рада,new,5121081400,UA51100050000066202
Velykodolynska,Великодолинська,Великодолинская,UA5110007,Odeskyi,Одеський,Одесский,UA5110,Odeska,Одеська,Одесская,UA51,Ukraine,Україна,Украина,UA,128.7669739,1,2,portrait,30.57860559,46.28857261,81400000,Council,Рада,new,5123755300,UA51100070000063635
Vyhodianska,Вигодянська,Выгодянская,UA5110009,Odeskyi,Одеський,Одесский,UA5110,Odeska,Одеська,Одесская,UA51,Ukraine,Україна,Украина,UA,288.7341541,1,15,landscape,30.38487481,46.58718818,81400000,Council,Рада,new,5121081700,UA51100090000094901
Vyzyrska,Визирська,Визирская,UA5110011,Odeskyi,Одеський,Одесский,UA5110,Odeska,Одеська,Одесская,UA51,Ukraine,Україна,Украина,UA,429.5264874,1,19,portrait,31.02585476,46.74576149,81400000,Council,Рада,new,5122780500,UA51100110000098468
Dalnytska,Дальницька,Дальникская,UA5110013,Odeskyi,Одеський,Одесский,UA5110,Odeska,Одеська,Одесская,UA51,Ukraine,Україна,Украина,UA,207.8866914,1,9,portrait,30.46100317,46.35622305,81400000,Council,Рада,new,5123781300,UA51100130000021533
Dachnenska,Дачненська,Дачненская,UA5110015,Odeskyi,Одеський,Одесский,UA5110,Odeska,Одеська,Одесская,UA51,Ukraine,Україна,Украина,UA,175.5543462,1,8,portrait,30.51184071,46.56696814,81400000,Council,Рада,new,5121082400,UA51100150000090671
Dobroslavska,Доброславська,Доброславская,UA5110017,Odeskyi,Одеський,Одесский,UA5110,Odeska,Одеська,Одесская,UA51,Ukraine,Україна,Украина,UA,310.0922381,1,17,portrait,30.83882959,46.8437425,81400000,Council,Рада,new,5122755100,UA51100170000087238
Krasnosilska,Красносільська,Красносельская,UA5110019,Odeskyi,Одеський,Одесский,UA5110,Odeska,Одеська,Одесская,UA51,Ukraine,Україна,Украина,UA,361.8147594,1,14,portrait,30.76132791,46.67318559,81400000,Council,Рада,new,5122782600,UA51100190000060999
Maiakivska,Маяківська,Маяковская,UA5110021,Odeskyi,Одеський,Одесский,UA5110,Odeska,Одеська,Одесская,UA51,Ukraine,Україна,Украина,UA,153.2680182,2,5,landscape,30.30253958,46.39954842,81400000,Council,Рада,new,5121083900,UA51100210000074534
Nerubaiska,Нерубайська,Нерубайская,UA5110023,Odeskyi,Одеський,Одесский,UA5110,Odeska,Одеська,Одесская,UA51,Ukraine,Україна,Украина,UA,97.63379695,1,5,portrait,30.61878349,46.56286343,81400000,Council,Рада,new,5121084200,UA51100230000045500
Ovidiopolska,Овідіопольська,Овидиопольская,UA5110025,Odeskyi,Одеський,Одесский,UA5110,Odeska,Одеська,Одесская,UA51,Ukraine,Україна,Украина,UA,238.338499,1,3,landscape,30.38827351,46.27813329,81400000,Council,Рада,new,5123755100,UA51100250000055079
Odeska,Одеська,Одесская,UA5110027,Odeskyi,Одеський,Одесский,UA5110,Odeska,Одеська,Одесская,UA51,Ukraine,Україна,Украина,UA,157.5062214,1,1,portrait,30.70959788,46.44950037,81400000,Council,Рада,new,5110100000,UA51100270000073549
Tairovska,Таїровська,Таировская,UA5110029,Odeskyi,Одеський,Одесский,UA5110,Odeska,Одеська,Одесская,UA51,Ukraine,Україна,Украина,UA,42.98704748,1,4,portrait,30.66761503,46.37301827,81400000,Council,Рада,new,5123755800,UA51100290000027993
Teplodarska,Теплодарська,Теплодарская,UA5110031,Odeskyi,Одеський,Одесский,UA5110,Odeska,Одеська,Одесская,UA51,Ukraine,Україна,Украина,UA,13.40349988,1,1,portrait,30.32810248,46.51605825,81400000,Council,Рада,new,5111500000,UA51100310000010196
Usativska,Усатівська,Усатовская,UA5110033,Odeskyi,Одеський,Одесский,UA5110,Odeska,Одеська,Одесская,UA51,Ukraine,Україна,Украина,UA,248.2619005,2,15,portrait,30.56341984,46.69345918,81400000,Council,Рада,new,5121085200,UA51100330000051757
Fontanska,Фонтанська,Фонтанская,UA5110035,Odeskyi,Одеський,Одесский,UA5110,Odeska,Одеська,Одесская,UA51,Ukraine,Україна,Украина,UA,96.3191666,1,7,portrait,30.87238447,46.60181016,81400000,Council,Рада,new,5122786400,UA51100350000087099
Chornomorska,Чорноморська,Черноморская,UA5110037,Odeskyi,Одеський,Одесский,UA5110,Odeska,Одеська,Одесская,UA51,Ukraine,Україна,Украина,UA,25.36896687,1,4,portrait,30.64692627,46.3334783,81400000,Council,Рада,new,5110800000,UA51100370000040590
Chornomorska,Чорноморська,Черноморская,UA5110039,Odeskyi,Одеський,Одесский,UA5110,Odeska,Одеська,Одесская,UA51,Ukraine,Україна,Украина,UA,42.55885801,1,2,portrait,30.94746568,46.63070555,81400000,Council,Рада,new,5122755900,UA51100390000087217
Yuzhnenska,Южненська,Южненская,UA5110041,Odeskyi,Одеський,Одесский,UA5110,Odeska,Одеська,Одесская,UA51,Ukraine,Україна,Украина,UA,110.437102,1,7,landscape,31.11236761,46.65172093,81400000,Council,Рада,new,5111700000,UA51100410000059549
Yaskivska,Яськівська,Яськовская,UA5110043,Odeskyi,Одеський,Одесский,UA5110,Odeska,Одеська,Одесская,UA51,Ukraine,Україна,Украина,UA,214.1735141,1,2,landscape,30.07111067,46.51816285,81400000,Council,Рада,new,5121085600,UA51100430000081326
Ananivska,Ананьївська,Ананьевская,UA5112001,Podilskyi,Подільський,Подольский,UA5112,Odeska,Одеська,Одесская,UA51,Ukraine,Україна,Украина,UA,830.9985339,1,30,landscape,29.98401742,47.68732486,81400000,Council,Рада,5122900000,5120210100,UA51120010000025020
Baltska,Балтська,Балтская,UA5112003,Podilskyi,Подільський,Подольский,UA5112,Odeska,Одеська,Одесская,UA51,Ukraine,Україна,Украина,UA,1041.701441,1,34,landscape,29.62196409,47.94553117,81400000,Council,Рада,5122900000,5110200000,UA51120030000075494
Dolynska,Долинська,Долинская,UA5112005,Podilskyi,Подільський,Подольский,UA5112,Odeska,Одеська,Одесская,UA51,Ukraine,Україна,Украина,UA,305.134251,1,8,landscape,29.91728278,47.52811534,81400000,Council,Рада,5122900000,5120281400,UA51120050000071748
Zelenohirska,Зеленогірська,Зеленогорская,UA5112007,Podilskyi,Подільський,Подольский,UA5112,Odeska,Одеська,Одесская,UA51,Ukraine,Україна,Украина,UA,265.6033925,1,12,landscape,30.02537801,47.89218403,81400000,Council,Рада,5122900000,5123355300,UA51120070000097161
Kodymska,Кодимська,Кодымская,UA5112009,Podilskyi,Подільський,Подольский,UA5112,Odeska,Одеська,Одесская,UA51,Ukraine,Україна,Украина,UA,704.4902012,1,21,landscape,29.10350413,48.05358001,81400000,Council,Рада,5122900000,5122510100,UA51120090000035170
Kuialnytska,Куяльницька,Куяльникская,UA5112011,Podilskyi,Подільський,Подольский,UA5112,Odeska,Одеська,Одесская,UA51,Ukraine,Україна,Украина,UA,921.3945577,1,58,landscape,29.38660743,47.73771715,81400000,Council,Рада,5122900000,5122983800,UA51120110000047677
Liubashivska,Любашівська,Любашевская,UA5112013,Podilskyi,Подільський,Подольский,UA5112,Odeska,Одеська,Одесская,UA51,Ukraine,Україна,Украина,UA,838.6969196,1,43,portrait,30.27475479,47.74247928,81400000,Council,Рада,5122900000,5123355100,UA51120130000064324
Oknianska,Окнянська,Окнянская,UA5112015,Podilskyi,Подільський,Подольский,UA5112,Odeska,Одеська,Одесская,UA51,Ukraine,Україна,Украина,UA,1018.455472,1,55,landscape,29.42937612,47.52409285,81400000,Council,Рада,5122900000,5123155100,UA51120150000080138
Pishchanska,Піщанська,Песчанская,UA5112017,Podilskyi,Подільський,Подольский,UA5112,Odeska,Одеська,Одесская,UA51,Ukraine,Україна,Украина,UA,275.1739365,1,8,portrait,29.77153443,48.11754906,81400000,Council,Рада,5122900000,5120686900,UA51120170000076247
Podilska,Подільська,Подольская,UA5112019,Podilskyi,Подільський,Подольский,UA5112,Odeska,Одеська,Одесская,UA51,Ukraine,Україна,Украина,UA,127.7723875,2,4,landscape,29.72060579,47.72974362,81400000,Council,Рада,5122900000,5111200000,UA51120190000044451
Savranska,Савранська,Савранская,UA5112021,Podilskyi,Подільський,Подольский,UA5112,Odeska,Одеська,Одесская,UA51,Ukraine,Україна,Украина,UA,618.1227672,1,21,landscape,30.02215533,48.06346313,81400000,Council,Рада,5122900000,5124355100,UA51120210000054996
Slobidska,Слобідська,Слободская,UA5112023,Podilskyi,Подільський,Подольский,UA5112,Odeska,Одеська,Одесская,UA51,Ukraine,Україна,Украина,UA,114.8710856,1,5,portrait,29.32861155,47.89984561,81400000,Council,Рада,5122900000,5122555500,UA51120230000084853
Velykomykhailivska,Великомихайлівська,Великомихайловская,UA5114001,Rozdilnianskyi,Роздільнянський,Раздельнянский,UA5114,Odeska,Одеська,Одесская,UA51,Ukraine,Україна,Украина,UA,583.8002972,1,29,landscape,29.80691304,47.13485161,81400000,Council,Рада,5123900000,5121655100,UA51140010000090773
Velykoploskivska,Великоплосківська,Великоплосковская,UA5114003,Rozdilnianskyi,Роздільнянський,Раздельнянский,UA5114,Odeska,Одеська,Одесская,UA51,Ukraine,Україна,Украина,UA,244.2288811,1,12,portrait,29.70562194,46.99354552,81400000,Council,Рада,5123900000,5121680800,UA51140030000062458
Zatyshanska,Затишанська,Затишанская,UA5114005,Rozdilnianskyi,Роздільнянський,Раздельнянский,UA5114,Odeska,Одеська,Одесская,UA51,Ukraine,Україна,Украина,UA,226.9330502,1,16,portrait,29.94804714,47.23399103,81400000,Council,Рада,5123900000,5125255400,UA51140050000054980
Zakharivska,Захарівська,Захаровская,UA5114007,Rozdilnianskyi,Роздільнянський,Раздельнянский,UA5114,Odeska,Одеська,Одесская,UA51,Ukraine,Україна,Украина,UA,720.4090351,1,37,portrait,29.68787359,47.34933401,81400000,Council,Рада,5123900000,5125255100,UA51140070000052649
Lymanska,Лиманська,Лиманская,UA5114009,Rozdilnianskyi,Роздільнянський,Раздельнянский,UA5114,Odeska,Одеська,Одесская,UA51,Ukraine,Україна,Украина,UA,252.0656331,1,7,landscape,30.07752066,46.70229535,81400000,Council,Рада,5123900000,5123955400,UA51140090000048720
Novoborysivska,Новоборисівська,Новоборисовская,UA5114011,Rozdilnianskyi,Роздільнянський,Раздельнянский,UA5114,Odeska,Одеська,Одесская,UA51,Ukraine,Україна,Украина,UA,229.7334588,1,21,portrait,30.04677289,47.03495954,81400000,Council,Рада,5123900000,5121683000,UA51140110000053825
Rozdilnianska,Роздільнянська,Раздельнянская,UA5114013,Rozdilnianskyi,Роздільнянський,Раздельнянский,UA5114,Odeska,Одеська,Одесская,UA51,Ukraine,Україна,Украина,UA,766.7097666,1,51,landscape,30.230173,46.85238274,81400000,Council,Рада,5123900000,5123910100,UA51140130000082333
Stepanivska,Степанівська,Степановская,UA5114015,Rozdilnianskyi,Роздільнянський,Раздельнянский,UA5114,Odeska,Одеська,Одесская,UA51,Ukraine,Україна,Украина,UA,250.8370117,1,21,portrait,29.9663697,46.89255525,81400000,Council,Рада,5123900000,5123985400,UA51140150000095416
Tsebrykivska,Цебриківська,Цебриковская,UA5114017,Rozdilnianskyi,Роздільнянський,Раздельнянский,UA5114,Odeska,Одеська,Одесская,UA51,Ukraine,Україна,Украина,UA,290.0128075,1,15,portrait,30.0800268,47.16470223,81400000,Council,Рада,5123900000,5121655500,UA51140170000019764
Hlobynska,Глобинська,Глобинская,UA5302001,Kremenchutskyi,Кременчуцький,Кременчугский,UA5302,Poltavska,Полтавська,Полтавская,UA53,Ukraine,Україна,Украина,UA,1198.961648,1,65,landscape,33.44411723,49.39974001,81400000,Council,Рада,5322400000,5320610100,UA53020010000035494
Horishnoplavnivska,Горішньоплавнівська,Горишнеплавневская,UA5302003,Kremenchutskyi,Кременчуцький,Кременчугский,UA5302,Poltavska,Полтавська,Полтавская,UA53,Ukraine,Україна,Украина,UA,366.5459323,1,15,landscape,33.80660795,48.98080548,81400000,Council,Рада,5322400000,5310200000,UA53020030000081709
Hradyzka,Градизька,Градижская,UA5302005,Kremenchutskyi,Кременчуцький,Кременчугский,UA5302,Poltavska,Полтавська,Полтавская,UA53,Ukraine,Україна,Украина,UA,1260.310321,1,28,landscape,32.8984221,49.36838509,81400000,Council,Рада,5322400000,5320655400,UA53020050000041411
Kamianopotokivska,Кам'янопотоківська,Каменнопотоковская,UA5302007,Kremenchutskyi,Кременчуцький,Кременчугский,UA5302,Poltavska,Полтавська,Полтавская,UA53,Ukraine,Україна,Украина,UA,238.9327409,1,11,landscape,33.49633728,48.98047817,81400000,Council,Рада,5322400000,5322481700,UA53020070000049284
Kozelshchynska,Козельщинська,Козельщинская,UA5302009,Kremenchutskyi,Кременчуцький,Кременчугский,UA5302,Poltavska,Полтавська,Полтавская,UA53,Ukraine,Україна,Украина,UA,732.6644199,1,63,portrait,33.91302203,49.20771445,81400000,Council,Рада,5322400000,5322055100,UA53020090000045206
Kremenchutska,Кременчуцька,Кременчугская,UA5302011,Kremenchutskyi,Кременчуцький,Кременчугский,UA5302,Poltavska,Полтавська,Полтавская,UA53,Ukraine,Україна,Украина,UA,166.1862855,1,5,portrait,33.47763322,49.06812228,81400000,Council,Рада,5322400000,5310400000,UA53020110000092487
Novohaleshchynska,Новогалещинська,Новогалещинская,UA5302013,Kremenchutskyi,Кременчуцький,Кременчугский,UA5302,Poltavska,Полтавська,Полтавская,UA53,Ukraine,Україна,Украина,UA,193.5064951,1,17,portrait,33.71703997,49.24158364,81400000,Council,Рада,5322400000,5322055500,UA53020130000091122
Obolonska,Оболонська,Оболонская,UA5302015,Kremenchutskyi,Кременчуцький,Кременчугский,UA5302,Poltavska,Полтавська,Полтавская,UA53,Ukraine,Україна,Украина,UA,463.2006048,1,21,portrait,32.82951908,49.64308739,81400000,Council,Рада,5322400000,5324585100,UA53020150000098867
Omelnytska,Омельницька,Омельникская,UA5302017,Kremenchutskyi,Кременчуцький,Кременчугский,UA5302,Poltavska,Полтавська,Полтавская,UA53,Ukraine,Україна,Украина,UA,225.1972725,1,20,portrait,33.56468174,49.20063358,81400000,Council,Рада,5322400000,5322483200,UA53020170000049108
Pishchanska,Піщанська,Песчанская,UA5302019,Kremenchutskyi,Кременчуцький,Кременчугский,UA5302,Poltavska,Полтавська,Полтавская,UA53,Ukraine,Україна,Украина,UA,284.0064473,1,23,portrait,33.34351095,49.17261436,81400000,Council,Рада,5322400000,5322483800,UA53020190000090557
Pryshybska,Пришибська,Пришибская,UA5302021,Kremenchutskyi,Кременчуцький,Кременчугский,UA5302,Poltavska,Полтавська,Полтавская,UA53,Ukraine,Україна,Украина,UA,170.8372595,1,13,landscape,33.84477312,49.04723942,81400000,Council,Рада,5322400000,5322484800,UA53020210000023587
Semenivska,Семенівська,Семеновская,UA5302023,Kremenchutskyi,Кременчуцький,Кременчугский,UA5302,Poltavska,Полтавська,Полтавская,UA53,Ukraine,Україна,Украина,UA,801.2753787,1,44,landscape,33.17786196,49.56707566,81400000,Council,Рада,5322400000,5324555100,UA53020230000086353
Hrebinkivska,Гребінківська,Гребенковская,UA5304001,Lubenskyi,Лубенський,Лубенский,UA5304,Poltavska,Полтавська,Полтавская,UA53,Ukraine,Україна,Украина,UA,595.0225369,1,42,landscape,32.45716191,50.1008686,81400000,Council,Рада,5322800000,5320810100,UA53040010000091190
Lubenska,Лубенська,Лубенская,UA5304003,Lubenskyi,Лубенський,Лубенский,UA5304,Poltavska,Полтавська,Полтавская,UA53,Ukraine,Україна,Украина,UA,1074.922806,1,63,portrait,33.08801533,50.02469469,81400000,Council,Рада,5322800000,5310700000,UA53040030000088898
Novoorzhytska,Новооржицька,Новооржицкая,UA5304005,Lubenskyi,Лубенський,Лубенский,UA5304,Poltavska,Полтавська,Полтавская,UA53,Ukraine,Україна,Украина,UA,452.8387529,1,31,portrait,32.72379883,50.05340878,81400000,Council,Рада,5322800000,5323655600,UA53040050000091161
Orzhytska,Оржицька,Оржицкая,UA5304007,Lubenskyi,Лубенський,Лубенский,UA5304,Poltavska,Полтавська,Полтавская,UA53,Ukraine,Україна,Украина,UA,759.4674015,1,33,landscape,32.67409624,49.82730138,81400000,Council,Рада,5322800000,5323655100,UA53040070000083099
Pyriatynska,Пирятинська,Пирятинская,UA5304009,Lubenskyi,Лубенський,Лубенский,UA5304,Poltavska,Полтавська,Полтавская,UA53,Ukraine,Україна,Украина,UA,922.7149029,1,46,landscape,32.47050335,50.29000243,81400000,Council,Рада,5322800000,5323810100,UA53040090000048649
Khorolska,Хорольська,Хорольская,UA5304011,Lubenskyi,Лубенський,Лубенский,UA5304,Poltavska,Полтавська,Полтавская,UA53,Ukraine,Україна,Украина,UA,1062.698855,1,93,landscape,33.25960643,49.77132928,81400000,Council,Рада,5322800000,5324810100,UA53040110000034949
Chornukhynska,Чорнухинська,Чернухинская,UA5304013,Lubenskyi,Лубенський,Лубенский,UA5304,Poltavska,Полтавська,Полтавская,UA53,Ukraine,Україна,Украина,UA,621.5073934,1,37,portrait,32.92883678,50.26827813,81400000,Council,Рада,5322800000,5325155100,UA53040130000097690
Bilotserkivska,Білоцерківська,Белоцерковская,UA5306001,Myrhorodskyi,Миргородський,Миргородский,UA5306,Poltavska,Полтавська,Полтавская,UA53,Ukraine,Україна,Украина,UA,312.7476733,1,29,portrait,33.76310441,49.65057918,81400000,Council,Рада,5323200000,5320281200,UA53060010000060316
Velykobahachanska,Великобагачанська,Великобагачанская,UA5306003,Myrhorodskyi,Миргородський,Миргородский,UA5306,Poltavska,Полтавська,Полтавская,UA53,Ukraine,Україна,Украина,UA,415.5979396,1,29,portrait,33.68023563,49.7773911,81400000,Council,Рада,5323200000,5320255100,UA53060030000045288
Velykobudyshchanska,Великобудищанська,Великобудищанская,UA5306005,Myrhorodskyi,Миргородський,Миргородский,UA5306,Poltavska,Полтавська,Полтавская,UA53,Ukraine,Україна,Украина,UA,383.5751791,1,20,portrait,34.1809922,50.39567978,81400000,Council,Рада,5323200000,5320481400,UA53060050000024229
Velykosorochynska,Великосорочинська,Великосорочинская,UA5306007,Myrhorodskyi,Миргородський,Миргородский,UA5306,Poltavska,Полтавська,Полтавская,UA53,Ukraine,Україна,Украина,UA,432.0427593,1,21,landscape,33.91053009,50.05474933,81400000,Council,Рада,5323200000,5323281000,UA53060070000077527
Hadiatska,Гадяцька,Гадячская,UA5306009,Myrhorodskyi,Миргородський,Миргородский,UA5306,Poltavska,Полтавська,Полтавская,UA53,Ukraine,Україна,Украина,UA,203.0676056,1,21,portrait,33.89257657,50.33279189,81400000,Council,Рада,5323200000,5310300000,UA53060090000098426
Hoholivska,Гоголівська,Гоголевская,UA5306011,Myrhorodskyi,Миргородський,Миргородский,UA5306,Poltavska,Полтавська,Полтавская,UA53,Ukraine,Україна,Украина,UA,193.009233,1,10,landscape,33.78310152,49.87812234,81400000,Council,Рада,5323200000,5320255400,UA53060110000084138
Zavodska,Заводська,Заводская,UA5306013,Myrhorodskyi,Миргородський,Миргородский,UA5306,Poltavska,Полтавська,Полтавская,UA53,Ukraine,Україна,Украина,UA,201.7380691,1,11,landscape,33.49361347,50.33045782,81400000,Council,Рада,5323200000,5322610600,UA53060130000040567
Komyshnianska,Комишнянська,Камышнянская,UA5306015,Myrhorodskyi,Миргородський,Миргородский,UA5306,Poltavska,Полтавська,Полтавская,UA53,Ukraine,Україна,Украина,UA,522.9530514,1,36,landscape,33.62237696,50.18514323,81400000,Council,Рада,5323200000,5323255400,UA53060150000093603
Krasnolutska,Краснолуцька,Краснолукская,UA5306017,Myrhorodskyi,Миргородський,Миргородский,UA5306,Poltavska,Полтавська,Полтавская,UA53,Ukraine,Україна,Украина,UA,253.8757606,1,19,landscape,33.95231615,50.45989445,81400000,Council,Рада,5323200000,5320483600,UA53060170000064030
Lokhvytska,Лохвицька,Лохвицкая,UA5306019,Myrhorodskyi,Миргородський,Миргородский,UA5306,Poltavska,Полтавська,Полтавская,UA53,Ukraine,Україна,Украина,UA,819.5780948,1,50,landscape,33.19714801,50.40942145,81400000,Council,Рада,5323200000,5322610100,UA53060190000015369
Liutenska,Лютенська,Лютенская,UA5306021,Myrhorodskyi,Миргородський,Миргородский,UA5306,Poltavska,Полтавська,Полтавская,UA53,Ukraine,Україна,Украина,UA,359.6741116,1,12,landscape,33.98989842,50.21530841,81400000,Council,Рада,5323200000,5320484400,UA53060210000044776
Myrhorodska,Миргородська,Миргородская,UA5306023,Myrhorodskyi,Миргородський,Миргородский,UA5306,Poltavska,Полтавська,Полтавская,UA53,Ukraine,Україна,Украина,UA,617.880358,1,37,portrait,33.56494148,49.96553756,81400000,Council,Рада,5323200000,5310900000,UA53060230000098362
Petrivsko-Romenska,Петрівсько-Роменська,Петровско-Роменская,UA5306025,Myrhorodskyi,Миргородський,Миргородский,UA5306,Poltavska,Полтавська,Полтавская,UA53,Ukraine,Україна,Украина,UA,213.1720118,1,10,landscape,33.71261947,50.33417591,81400000,Council,Рада,5323200000,5320485200,UA53060250000043118
Romodanivska,Ромоданівська,Ромодановская,UA5306027,Myrhorodskyi,Миргородський,Миргородский,UA5306,Poltavska,Полтавська,Полтавская,UA53,Ukraine,Україна,Украина,UA,88.45731344,2,7,portrait,33.36816078,49.99911678,81400000,Council,Рада,5323200000,5323255700,UA53060270000016329
Senchanska,Сенчанська,Сенчанская,UA5306029,Myrhorodskyi,Миргородський,Миргородский,UA5306,Poltavska,Полтавська,Полтавская,UA53,Ukraine,Україна,Украина,UA,352.3338424,1,23,landscape,33.31114849,50.23481245,81400000,Council,Рада,5323200000,5322686600,UA53060290000047345
Serhiivska,Сергіївська,Сергеевская,UA5306031,Myrhorodskyi,Миргородський,Миргородский,UA5306,Poltavska,Полтавська,Полтавская,UA53,Ukraine,Україна,Украина,UA,162.5734395,1,13,landscape,33.74737957,50.42443129,81400000,Council,Рада,5323200000,5320483400,UA53060310000047988
Shyshatska,Шишацька,Шишацкая,UA5306033,Myrhorodskyi,Миргородський,Миргородский,UA5306,Poltavska,Полтавська,Полтавская,UA53,Ukraine,Україна,Украина,UA,742.2916566,1,75,portrait,34.09049206,49.88439067,81400000,Council,Рада,5323200000,5325755100,UA53060330000036503
Bilytska,Білицька,Беликская,UA5308001,Poltavskyi,Полтавський,Полтавский,UA5308,Poltavska,Полтавська,Полтавская,UA53,Ukraine,Україна,Украина,UA,390.3841617,1,27,landscape,34.18675071,49.27564273,81400000,Council,Рада,5324000000,5321855300,UA53080010000088479
Velykorublivska,Великорублівська,Великорублевская,UA5308003,Poltavskyi,Полтавський,Полтавский,UA5308,Poltavska,Полтавська,Полтавская,UA53,Ukraine,Україна,Украина,UA,392.7273335,1,29,portrait,34.7862053,49.86319259,81400000,Council,Рада,5324000000,5322280800,UA53080030000061078
Dykanska,Диканська,Диканьская,UA5308005,Poltavskyi,Полтавський,Полтавский,UA5308,Poltavska,Полтавська,Полтавская,UA53,Ukraine,Україна,Украина,UA,681.8533688,1,58,landscape,34.39482004,49.81733635,81400000,Council,Рада,5324000000,5321055100,UA53080050000011754
Drabynivska,Драбинівська,Драбиновская,UA5308007,Poltavskyi,Полтавський,Полтавский,UA5308,Poltavska,Полтавська,Полтавская,UA53,Ukraine,Україна,Украина,UA,245.715812,1,16,portrait,34.58241598,49.28596265,81400000,Council,Рада,5324000000,5323481000,UA53080070000036333
Zinkivska,Зіньківська,Зеньковская,UA5308009,Poltavskyi,Полтавський,Полтавский,UA5308,Poltavska,Полтавська,Полтавская,UA53,Ukraine,Україна,Украина,UA,1069.565335,1,84,portrait,34.33283239,50.15739793,81400000,Council,Рада,5324000000,5321310100,UA53080090000014431
Karlivska,Карлівська,Карловская,UA5308011,Poltavskyi,Полтавський,Полтавский,UA5308,Poltavska,Полтавська,Полтавская,UA53,Ukraine,Україна,Украина,UA,333.0579696,1,17,portrait,35.13566242,49.4623312,81400000,Council,Рада,5324000000,5321610100,UA53080110000062015
Kobeliatska,Кобеляцька,Кобелякская,UA5308013,Poltavskyi,Полтавський,Полтавский,UA5308,Poltavska,Полтавська,Полтавская,UA53,Ukraine,Україна,Украина,UA,1219.320482,1,63,portrait,34.1772593,49.00488999,81400000,Council,Рада,5324000000,5321810100,UA53080130000014699
Kolomatska,Коломацька,Коломакская,UA5308015,Poltavskyi,Полтавський,Полтавский,UA5308,Poltavska,Полтавська,Полтавская,UA53,Ukraine,Україна,Украина,UA,191.0990344,1,11,landscape,34.87052787,49.58658562,81400000,Council,Рада,5324000000,5324082700,UA53080150000085889
Kotelevska,Котелевська,Котелевская,UA5308017,Poltavskyi,Полтавський,Полтавский,UA5308,Poltavska,Полтавська,Полтавская,UA53,Ukraine,Україна,Украина,UA,401.0813117,1,10,landscape,34.80236583,50.07386499,81400000,Council,Рада,5324000000,5322255100,UA53080170000047487
Lannivska,Ланнівська,Ланновская,UA5308019,Poltavskyi,Полтавський,Полтавский,UA5308,Poltavska,Полтавська,Полтавская,UA53,Ukraine,Україна,Украина,UA,267.8520386,1,11,portrait,35.20030773,49.35123933,81400000,Council,Рада,5324000000,5321682500,UA53080190000081150
Martynivska,Мартинівська,Мартыновская,UA5308021,Poltavskyi,Полтавський,Полтавский,UA5308,Poltavska,Полтавська,Полтавская,UA53,Ukraine,Україна,Украина,UA,252.8814035,1,9,landscape,35.30795014,49.53969179,81400000,Council,Рада,5324000000,5321685600,UA53080210000072644
Machukhivska,Мачухівська,Мачеховская,UA5308023,Poltavskyi,Полтавський,Полтавский,UA5308,Poltavska,Полтавська,Полтавская,UA53,Ukraine,Україна,Украина,UA,243.8407604,1,27,landscape,34.34238937,49.51385112,81400000,Council,Рада,5324000000,5324083200,UA53080230000047239
Mashivska,Машівська,Машевская,UA5308025,Poltavskyi,Полтавський,Полтавский,UA5308,Poltavska,Полтавська,Полтавская,UA53,Ukraine,Україна,Украина,UA,390.6824488,1,21,portrait,34.91018344,49.46847113,81400000,Council,Рада,5324000000,5323055100,UA53080250000097618
Mykhailivska,Михайлівська,Михайловская,UA5308027,Poltavskyi,Полтавський,Полтавский,UA5308,Poltavska,Полтавська,Полтавская,UA53,Ukraine,Україна,Украина,UA,443.5666795,1,14,landscape,34.84398629,49.26873387,81400000,Council,Рада,5324000000,5323083800,UA53080270000062586
Nekhvoroshchanska,Нехворощанська,Нехворощанская,UA5308029,Poltavskyi,Полтавський,Полтавский,UA5308,Poltavska,Полтавська,Полтавская,UA53,Ukraine,Україна,Украина,UA,288.230558,1,10,portrait,34.60197184,49.16901598,81400000,Council,Рада,5324000000,5323484200,UA53080290000024637
Novosanzharska,Новосанжарська,Новосанжарская,UA5308031,Poltavskyi,Полтавський,Полтавский,UA5308,Poltavska,Полтавська,Полтавская,UA53,Ukraine,Україна,Украина,UA,673.9798117,1,47,landscape,34.37576343,49.36486754,81400000,Council,Рада,5324000000,5323455100,UA53080310000072384
Novoselivska,Новоселівська,Новоселовская,UA5308033,Poltavskyi,Полтавський,Полтавский,UA5308,Poltavska,Полтавська,Полтавская,UA53,Ukraine,Україна,Украина,UA,254.4367778,1,34,landscape,34.75436072,49.69658989,81400000,Council,Рада,5324000000,5324084000,UA53080330000062155
Opishnianska,Опішнянська,Опошнянская,UA5308035,Poltavskyi,Полтавський,Полтавский,UA5308,Poltavska,Полтавська,Полтавская,UA53,Ukraine,Україна,Украина,UA,307.4657363,1,31,landscape,34.5753339,49.98764873,81400000,Council,Рада,5324000000,5321355400,UA53080350000070563
Poltavska,Полтавська,Полтавская,UA5308037,Poltavskyi,Полтавський,Полтавский,UA5308,Poltavska,Полтавська,Полтавская,UA53,Ukraine,Україна,Украина,UA,550.0208093,1,56,landscape,34.43701329,49.62721189,81400000,Council,Рада,5324000000,5310100000,UA53080370000025447
Reshetylivska,Решетилівська,Решетиловская,UA5308039,Poltavskyi,Полтавський,Полтавский,UA5308,Poltavska,Полтавська,Полтавская,UA53,Ukraine,Україна,Украина,UA,1099.861045,1,85,portrait,34.01573302,49.54768061,81400000,Council,Рада,5324000000,5324210100,UA53080390000027656
Skorokhodivska,Скороходівська,Скороходовская,UA5308041,Poltavskyi,Полтавський,Полтавский,UA5308,Poltavska,Полтавська,Полтавская,UA53,Ukraine,Україна,Украина,UA,326.2388607,1,22,portrait,35.0161176,49.80388694,81400000,Council,Рада,5324000000,5325455300,UA53080410000094938
Tereshkivska,Терешківська,Терешковская,UA5308043,Poltavskyi,Полтавський,Полтавский,UA5308,Poltavska,Полтавська,Полтавская,UA53,Ukraine,Україна,Украина,UA,197.1365215,1,20,portrait,34.6666913,49.51606161,81400000,Council,Рада,5324000000,5324085900,UA53080430000085474
Chutivska,Чутівська,Чутовская,UA5308045,Poltavskyi,Полтавський,Полтавский,UA5308,Poltavska,Полтавська,Полтавская,UA53,Ukraine,Україна,Украина,UA,535.725974,1,29,landscape,35.14770771,49.68417555,81400000,Council,Рада,5324000000,5325455100,UA53080450000087891
Shcherbanivska,Щербанівська,Щербаневская,UA5308047,Poltavskyi,Полтавський,Полтавский,UA5308,Poltavska,Полтавська,Полтавская,UA53,Ukraine,Україна,Украина,UA,100.9058917,1,15,portrait,34.52845576,49.49879913,81400000,Council,Рада,5324000000,5324087700,UA53080470000053547
Antonivska,Антонівська,Антоновская,UA5602001,Varaskyi,Вараський,Варашский,UA5602,Rivnenska,Рівненська,Ровенская,UA56,Ukraine,Україна,Украина,UA,116.946732,1,4,portrait,26.31758659,51.38474831,81400000,Council,Рада,new,5620880300,UA56020010000027956
Varaska,Вараська,Варашская,UA5602003,Varaskyi,Вараський,Варашский,UA5602,Rivnenska,Рівненська,Ровенская,UA56,Ukraine,Україна,Украина,UA,608.9287667,1,18,landscape,25.80037039,51.48340202,81400000,Council,Рада,new,5610700000,UA56020030000068439
Volodymyretska,Володимирецька,Владимирецкая,UA5602005,Varaskyi,Вараський,Варашский,UA5602,Rivnenska,Рівненська,Ровенская,UA56,Ukraine,Україна,Украина,UA,702.6531529,1,22,portrait,26.07872466,51.53610028,81400000,Council,Рада,new,5620855100,UA56020050000087443
Zarichnenska,Зарічненська,Заречненская,UA5602007,Varaskyi,Вараський,Варашский,UA5602,Rivnenska,Рівненська,Ровенская,UA56,Ukraine,Україна,Украина,UA,1088.655491,1,31,landscape,26.09341602,51.78669221,81400000,Council,Рада,new,5622255100,UA56020070000060676
Kanonytska,Каноницька,Каноничская,UA5602009,Varaskyi,Вараський,Варашский,UA5602,Rivnenska,Рівненська,Ровенская,UA56,Ukraine,Україна,Украина,UA,165.4482831,1,5,portrait,26.2334066,51.46741332,81400000,Council,Рада,new,5620884900,UA56020090000066575
Loknytska,Локницька,Локницкая,UA5602011,Varaskyi,Вараський,Варашский,UA5602,Rivnenska,Рівненська,Ровенская,UA56,Ukraine,Україна,Украина,UA,356.2099065,1,20,portrait,25.75651935,51.81136503,81400000,Council,Рада,new,5622282700,UA56020110000024586
Polytska,Полицька,Полицкая,UA5602013,Varaskyi,Вараський,Варашский,UA5602,Rivnenska,Рівненська,Ровенская,UA56,Ukraine,Україна,Украина,UA,176.911378,1,8,landscape,26.06664119,51.23923531,81400000,Council,Рада,new,5620888000,UA56020130000066130
Rafalivska,Рафалівська,Рафаловская,UA5602015,Varaskyi,Вараський,Варашский,UA5602,Rivnenska,Рівненська,Ровенская,UA56,Ukraine,Україна,Украина,UA,111.2786475,1,8,landscape,26.07907176,51.32966941,81400000,Council,Рада,new,5620855400,UA56020150000079107
Bokiimivska,Бокіймівська,Бокиймовская,UA5604001,Dubenskyi,Дубенський,Дубенский,UA5604,Rivnenska,Рівненська,Ровенская,UA56,Ukraine,Україна,Украина,UA,193.296324,1,14,landscape,25.50531436,50.44566307,81400000,Council,Рада,5621600000,5623880500,UA56040010000048910
Boremelska,Боремельська,Боремельская,UA5604003,Dubenskyi,Дубенський,Дубенский,UA5604,Rivnenska,Рівненська,Ровенская,UA56,Ukraine,Україна,Украина,UA,104.0144633,1,11,landscape,25.20987992,50.51022134,81400000,Council,Рада,5621600000,5621480700,UA56040030000031906
Varkovytska,Варковицька,Варковичская,UA5604005,Dubenskyi,Дубенський,Дубенский,UA5604,Rivnenska,Рівненська,Ровенская,UA56,Ukraine,Україна,Украина,UA,148.1072531,1,12,landscape,25.99265331,50.48371601,81400000,Council,Рада,5621600000,5621680800,UA56040050000074861
Verbska,Вербська,Вербская,UA5604007,Dubenskyi,Дубенський,Дубенский,UA5604,Rivnenska,Рівненська,Ровенская,UA56,Ukraine,Україна,Украина,UA,116.0043801,1,9,portrait,25.59626614,50.26619238,81400000,Council,Рада,5621600000,5621681200,UA56040070000046270
Demydivska,Демидівська,Демидовская,UA5604009,Dubenskyi,Дубенський,Дубенский,UA5604,Rivnenska,Рівненська,Ровенская,UA56,Ukraine,Україна,Украина,UA,309.7868189,1,23,portrait,25.31501391,50.41636522,81400000,Council,Рада,5621600000,5621455300,UA56040090000093293
Dubenska,Дубенська,Дубновская,UA5604011,Dubenskyi,Дубенський,Дубенский,UA5604,Rivnenska,Рівненська,Ровенская,UA56,Ukraine,Україна,Украина,UA,26.792751,1,1,portrait,25.74509264,50.40507925,81400000,Council,Рада,5621600000,5610300000,UA56040110000061997
Kozynska,Козинська,Козинская,UA5604013,Dubenskyi,Дубенський,Дубенский,UA5604,Rivnenska,Рівненська,Ровенская,UA56,Ukraine,Україна,Украина,UA,179.1866041,1,22,landscape,25.46042648,50.25439144,81400000,Council,Рада,5621600000,5625883900,UA56040130000011543
Krupetska,Крупецька,Крупецкая,UA5604015,Dubenskyi,Дубенський,Дубенский,UA5604,Rivnenska,Рівненська,Ровенская,UA56,Ukraine,Україна,Украина,UA,297.8177709,1,25,landscape,25.3139253,50.23047766,81400000,Council,Рада,5621600000,5625884800,UA56040150000039275
Myrohoshchanska,Мирогощанська,Мирогощанская,UA5604017,Dubenskyi,Дубенський,Дубенский,UA5604,Rivnenska,Рівненська,Ровенская,UA56,Ukraine,Україна,Украина,UA,114.4089789,1,14,landscape,25.95681653,50.42345256,81400000,Council,Рада,5621600000,5621684200,UA56040170000050651
Mlynivska,Млинівська,Млиновская,UA5604019,Dubenskyi,Дубенський,Дубенский,UA5604,Rivnenska,Рівненська,Ровенская,UA56,Ukraine,Україна,Украина,UA,398.0284074,1,41,landscape,25.65097521,50.56085815,81400000,Council,Рада,5621600000,5623855100,UA56040190000045841
Ostrozhetska,Острожецька,Острожецкая,UA5604021,Dubenskyi,Дубенський,Дубенский,UA5604,Rivnenska,Рівненська,Ровенская,UA56,Ukraine,Україна,Украина,UA,137.3516664,1,14,landscape,25.62335336,50.6665782,81400000,Council,Рада,5621600000,5623885800,UA56040210000047101
Pidloztsivska,Підлозцівська,Подлозцовская,UA5604023,Dubenskyi,Дубенський,Дубенский,UA5604,Rivnenska,Рівненська,Ровенская,UA56,Ukraine,Україна,Украина,UA,64.88138612,1,9,landscape,25.37273134,50.56534075,81400000,Council,Рада,5621600000,5623886700,UA56040230000032182
Povchanska,Повчанська,Повчанская,UA5604025,Dubenskyi,Дубенський,Дубенский,UA5604,Rivnenska,Рівненська,Ровенская,UA56,Ukraine,Україна,Украина,UA,92.69362724,2,9,landscape,25.49714131,50.37619239,81400000,Council,Рада,5621600000,5621685400,UA56040250000064519
Pryvilnenska,Привільненська,Привольненская,UA5604027,Dubenskyi,Дубенський,Дубенский,UA5604,Rivnenska,Рівненська,Ровенская,UA56,Ukraine,Україна,Украина,UA,150.6470483,1,16,landscape,25.78086365,50.46998676,81400000,Council,Рада,5621600000,5621685600,UA56040270000014394
Radyvylivska,Радивилівська,Радивиловская,UA5604029,Dubenskyi,Дубенський,Дубенский,UA5604,Rivnenska,Рівненська,Ровенская,UA56,Ukraine,Україна,Украина,UA,228.4727329,1,24,landscape,25.33049128,50.08665669,81400000,Council,Рада,5621600000,5625810100,UA56040290000025511
Semydubska,Семидубська,Семидубовская,UA5604031,Dubenskyi,Дубенський,Дубенский,UA5604,Rivnenska,Рівненська,Ровенская,UA56,Ukraine,Україна,Украина,UA,215.878716,1,17,landscape,25.89671842,50.31438147,81400000,Council,Рада,5621600000,5621687400,UA56040310000052028
Smyzka,Смизька,Смигская,UA5604033,Dubenskyi,Дубенський,Дубенский,UA5604,Rivnenska,Рівненська,Ровенская,UA56,Ukraine,Україна,Украина,UA,192.9796956,1,14,landscape,25.74331492,50.21916524,81400000,Council,Рада,5621600000,5621655900,UA56040330000091100
Tarakanivska,Тараканівська,Таракановская,UA5604035,Dubenskyi,Дубенський,Дубенский,UA5604,Rivnenska,Рівненська,Ровенская,UA56,Ukraine,Україна,Украина,UA,217.1909872,1,18,portrait,25.70666991,50.31833997,81400000,Council,Рада,5621600000,5621689100,UA56040350000014945
Yaroslavytska,Ярославицька,Ярославичская,UA5604037,Dubenskyi,Дубенський,Дубенский,UA5604,Rivnenska,Рівненська,Ровенская,UA56,Ukraine,Україна,Украина,UA,107.6648245,1,10,landscape,25.45224542,50.62872031,81400000,Council,Рада,5621600000,5623889800,UA56040370000063056
Babynska,Бабинська,Бабинская,UA5606001,Rivnenskyi,Рівненський,Ровенский,UA5606,Rivnenska,Рівненська,Ровенская,UA56,Ukraine,Україна,Украина,UA,120.9941117,1,11,landscape,26.54131452,50.6076718,81400000,Council,Рада,5624600000,5621280400,UA56060010000018261
Bereznivska,Березнівська,Березновская,UA5606003,Rivnenskyi,Рівненський,Ровенский,UA5606,Rivnenska,Рівненська,Ровенская,UA56,Ukraine,Україна,Украина,UA,1184.53615,1,37,landscape,26.87684276,50.99653083,81400000,Council,Рада,5624600000,5620410100,UA56060030000057923
Bilokrynytska,Білокриницька,Белокриницкая,UA5606005,Rivnenskyi,Рівненський,Ровенский,UA5606,Rivnenska,Рівненська,Ровенская,UA56,Ukraine,Україна,Украина,UA,122.0819953,1,11,portrait,26.40224634,50.62048694,81400000,Council,Рада,5624600000,5624680700,UA56060050000010769
Buhrynska,Бугринська,Бугринская,UA5606007,Rivnenskyi,Рівненський,Ровенский,UA5606,Rivnenska,Рівненська,Ровенская,UA56,Ukraine,Україна,Украина,UA,90.08138822,1,12,landscape,26.51734976,50.52830664,81400000,Council,Рада,5624600000,5621281200,UA56060070000034529
Velykomezhyritska,Великомежиріцька,Великомежиричская,UA5606009,Rivnenskyi,Рівненський,Ровенский,UA5606,Rivnenska,Рівненська,Ровенская,UA56,Ukraine,Україна,Украина,UA,191.7426993,1,16,portrait,26.8756309,50.65609695,81400000,Council,Рада,5624600000,5623081000,UA56060090000066065
Velykoomelianska,Великоомелянська,Великоомелянская,UA5606011,Rivnenskyi,Рівненський,Ровенский,UA5606,Rivnenska,Рівненська,Ровенская,UA56,Ukraine,Україна,Украина,UA,100.7089781,2,6,landscape,26.04641791,50.54380963,81400000,Council,Рада,5624600000,5624682000,UA56060110000087064
Holovynska,Головинська,Головинская,UA5606013,Rivnenskyi,Рівненський,Ровенский,UA5606,Rivnenska,Рівненська,Ровенская,UA56,Ukraine,Україна,Украина,UA,201.2932254,1,12,landscape,26.23428325,50.89548237,81400000,Council,Рада,5624600000,5623480800,UA56060130000072276
Horodotska,Городоцька,Городокская,UA5606015,Rivnenskyi,Рівненський,Ровенский,UA5606,Rivnenska,Рівненська,Ровенская,UA56,Ukraine,Україна,Украина,UA,131.90234,1,12,portrait,26.13807653,50.67664669,81400000,Council,Рада,5624600000,5624683300,UA56060150000079268
Hoshchanska,Гощанська,Гощанская,UA5606017,Rivnenskyi,Рівненський,Ровенский,UA5606,Rivnenska,Рівненська,Ровенская,UA56,Ukraine,Україна,Украина,UA,480.1604699,1,40,portrait,26.72239403,50.6108092,81400000,Council,Рада,5624600000,5621255100,UA56060170000073171
Derazhnenska,Деражненська,Деражненская,UA5606019,Rivnenskyi,Рівненський,Ровенский,UA5606,Rivnenska,Рівненська,Ровенская,UA56,Ukraine,Україна,Украина,UA,225.3710383,1,9,portrait,26.07730609,50.87827568,81400000,Council,Рада,5624600000,5623481600,UA56060190000073111
Diadkovytska,Дядьковицька,Дядьковичская,UA5606021,Rivnenskyi,Рівненський,Ровенский,UA5606,Rivnenska,Рівненська,Ровенская,UA56,Ukraine,Україна,Украина,UA,157.0888334,1,17,landscape,25.99581179,50.60566218,81400000,Council,Рада,5624600000,5624684100,UA56060210000017052
Zdovbytska,Здовбицька,Здолбицкая,UA5606023,Rivnenskyi,Рівненський,Ровенский,UA5606,Rivnenska,Рівненська,Ровенская,UA56,Ukraine,Україна,Украина,UA,149.138288,1,15,landscape,26.24305375,50.45768715,81400000,Council,Рада,5624600000,5622682000,UA56060230000076543
Zdolbunivska,Здолбунівська,Здолбуновская,UA5606025,Rivnenskyi,Рівненський,Ровенский,UA5606,Rivnenska,Рівненська,Ровенская,UA56,Ukraine,Україна,Украина,UA,152.1418657,1,14,landscape,26.18383636,50.52890317,81400000,Council,Рада,5624600000,5622610100,UA56060250000052338
Zorianska,Зорянська,Зарянская,UA5606027,Rivnenskyi,Рівненський,Ровенский,UA5606,Rivnenska,Рівненська,Ровенская,UA56,Ukraine,Україна,Украина,UA,192.8769201,1,15,portrait,25.93203456,50.70560945,81400000,Council,Рада,5624600000,5624684900,UA56060270000047362
Klevanska,Клеванська,Клеванская,UA5606029,Rivnenskyi,Рівненський,Ровенский,UA5606,Rivnenska,Рівненська,Ровенская,UA56,Ukraine,Україна,Украина,UA,111.0104859,1,6,landscape,26.03656407,50.77763911,81400000,Council,Рада,5624600000,5624655400,UA56060290000044465
Koretska,Корецька,Корецкая,UA5606031,Rivnenskyi,Рівненський,Ровенский,UA5606,Rivnenska,Рівненська,Ровенская,UA56,Ukraine,Україна,Украина,UA,527.5603057,1,34,portrait,27.09490367,50.67431593,81400000,Council,Рада,5624600000,5623010100,UA56060310000066585
Kornynska,Корнинська,Корнинская,UA5606033,Rivnenskyi,Рівненський,Ровенский,UA5606,Rivnenska,Рівненська,Ровенская,UA56,Ukraine,Україна,Украина,UA,68.75966752,1,5,landscape,26.32978497,50.56485857,81400000,Council,Рада,5624600000,5624685900,UA56060330000075139
Kostopilska,Костопільська,Костопольская,UA5606035,Rivnenskyi,Рівненський,Ровенский,UA5606,Rivnenska,Рівненська,Ровенская,UA56,Ukraine,Україна,Украина,UA,656.1916781,1,30,landscape,26.27335033,51.01313247,81400000,Council,Рада,5624600000,5623410100,UA56060350000045909
Malynska,Малинська,Малинская,UA5606037,Rivnenskyi,Рівненський,Ровенский,UA5606,Rivnenska,Рівненська,Ровенская,UA56,Ukraine,Україна,Украина,UA,210.8330188,1,6,portrait,26.58169295,51.08586798,81400000,Council,Рада,5624600000,5620486200,UA56060370000023028
Maloliubashanska,Малолюбашанська,Малолюбашанская,UA5606039,Rivnenskyi,Рівненський,Ровенский,UA5606,Rivnenska,Рівненська,Ровенская,UA56,Ukraine,Україна,Украина,UA,417.0525312,1,11,landscape,26.56979608,50.81904894,81400000,Council,Рада,5624600000,5623483900,UA56060390000090915
Mizotska,Мізоцька,Мизочская,UA5606041,Rivnenskyi,Рівненський,Ровенский,UA5606,Rivnenska,Рівненська,Ровенская,UA56,Ukraine,Україна,Украина,UA,356.7606953,1,26,landscape,26.14321905,50.33984103,81400000,Council,Рада,5624600000,5622655400,UA56060410000055190
Oleksandriiska,Олександрійська,Александрийская,UA5606043,Rivnenskyi,Рівненський,Ровенский,UA5606,Rivnenska,Рівненська,Ровенская,UA56,Ukraine,Україна,Украина,UA,207.8186348,1,15,landscape,26.3091097,50.74745241,81400000,Council,Рада,5624600000,5624680400,UA56060430000081857
Ostrozka,Острозька,Острожская,UA5606045,Rivnenskyi,Рівненський,Ровенский,UA5606,Rivnenska,Рівненська,Ровенская,UA56,Ukraine,Україна,Украина,UA,703.7011669,1,56,portrait,26.46051173,50.38849622,81400000,Council,Рада,5624600000,5610900000,UA56060450000083945
Rivnenska,Рівненська,Ровенская,UA5606047,Rivnenskyi,Рівненський,Ровенский,UA5606,Rivnenska,Рівненська,Ровенская,UA56,Ukraine,Україна,Украина,UA,62.5736106,4,2,landscape,26.25436635,50.61474225,81400000,Council,Рада,5624600000,5610100000,UA56060470000086729
Sosnivska,Соснівська,Сосновская,UA5606049,Rivnenskyi,Рівненський,Ровенский,UA5606,Rivnenska,Рівненська,Ровенская,UA56,Ukraine,Україна,Украина,UA,316.6111551,1,12,landscape,27.07156259,50.82335022,81400000,Council,Рада,5624600000,5620455700,UA56060490000031684
Shpanivska,Шпанівська,Шпановская,UA5606051,Rivnenskyi,Рівненський,Ровенский,UA5606,Rivnenska,Рівненська,Ровенская,UA56,Ukraine,Україна,Украина,UA,80.11789224,1,9,landscape,26.28170506,50.66274122,81400000,Council,Рада,5624600000,5624689500,UA56060510000062151
Berezivska,Березівська,Березовская,UA5608001,Sarnenskyi,Сарненський,Сарненский,UA5608,Rivnenska,Рівненська,Ровенская,UA56,Ukraine,Україна,Украина,UA,506.9083382,1,10,landscape,27.39552808,51.55322184,81400000,Council,Рада,5625400000,5625080800,UA56080010000083302
Vyrivska,Вирівська,Вировская,UA5608003,Sarnenskyi,Сарненський,Сарненский,UA5608,Rivnenska,Рівненська,Ровенская,UA56,Ukraine,Україна,Украина,UA,390.4382599,1,11,landscape,26.91417508,51.22166313,81400000,Council,Рада,5625400000,5625480900,UA56080030000069650
Vysotska,Висоцька,Высоцкая,UA5608005,Sarnenskyi,Сарненський,Сарненский,UA5608,Rivnenska,Рівненська,Ровенская,UA56,Ukraine,Україна,Украина,UA,299.4884943,1,10,landscape,26.59265925,51.73994116,81400000,Council,Рада,5625400000,5621882000,UA56080050000068593
Dubrovytska,Дубровицька,Дубровицкая,UA5608007,Sarnenskyi,Сарненський,Сарненский,UA5608,Rivnenska,Рівненська,Ровенская,UA56,Ukraine,Україна,Украина,UA,1094.174934,1,40,landscape,26.56877692,51.56409575,81400000,Council,Рада,5625400000,5621810100,UA56080070000040721
Klesivska,Клесівська,Клесовская,UA5608009,Sarnenskyi,Сарненський,Сарненский,UA5608,Rivnenska,Рівненська,Ровенская,UA56,Ukraine,Україна,Украина,UA,338.8309367,1,7,landscape,26.86193317,51.38324526,81400000,Council,Рада,5625400000,5625455400,UA56080090000098391
Myliatska,Миляцька,Милячская,UA5608011,Sarnenskyi,Сарненський,Сарненский,UA5608,Rivnenska,Рівненська,Ровенская,UA56,Ukraine,Україна,Украина,UA,422.5933908,1,9,landscape,26.82575362,51.69227557,81400000,Council,Рада,5625400000,5621885000,UA56080110000056503
Nemovytska,Немовицька,Немовичская,UA5608013,Sarnenskyi,Сарненський,Сарненский,UA5608,Rivnenska,Рівненська,Ровенская,UA56,Ukraine,Україна,Украина,UA,277.6672715,1,6,portrait,26.6855172,51.1954084,81400000,Council,Рада,5625400000,5625485400,UA56080130000056682
Rokytnivska,Рокитнівська,Рокитновская,UA5608015,Sarnenskyi,Сарненський,Сарненский,UA5608,Rivnenska,Рівненська,Ровенская,UA56,Ukraine,Україна,Украина,UA,1572.684393,1,25,portrait,27.21715723,51.28805383,81400000,Council,Рада,5625400000,5625055100,UA56080150000069525
Sarnenska,Сарненська,Сарненская,UA5608017,Sarnenskyi,Сарненський,Сарненский,UA5608,Rivnenska,Рівненська,Ровенская,UA56,Ukraine,Україна,Украина,UA,816.0825633,1,36,portrait,26.44864754,51.28949713,81400000,Council,Рада,5625400000,5625410100,UA56080170000055864
Starosilska,Старосільська,Старосельская,UA5608019,Sarnenskyi,Сарненський,Сарненский,UA5608,Rivnenska,Рівненська,Ровенская,UA56,Ukraine,Україна,Украина,UA,274.4459377,1,4,landscape,27.09152789,51.6261735,81400000,Council,Рада,5625400000,5625086800,UA56080190000032614
Stepanska,Степанська,Степанская,UA5608021,Sarnenskyi,Сарненський,Сарненский,UA5608,Rivnenska,Рівненська,Ровенская,UA56,Ukraine,Україна,Украина,UA,222.781986,1,10,landscape,26.39634051,51.12743049,81400000,Council,Рада,5625400000,5625455700,UA56080210000074337
Bochechkivska,Бочечківська,Бочечковская,UA5902001,Konotopskyi,Конотопський,Конотопский,UA5902,Sumska,Сумська,Сумская,UA59,Ukraine,Україна,Украина,UA,374.4065207,1,13,landscape,33.51198512,51.3177008,81400000,Council,Рада,5922000000,5922080400,UA59020010000024157
Burynska,Буринська,Бурынская,UA5902003,Konotopskyi,Конотопський,Конотопский,UA5902,Sumska,Сумська,Сумская,UA59,Ukraine,Україна,Украина,UA,900.8419194,1,50,landscape,33.8255399,51.12842037,81400000,Council,Рада,5922000000,5920910100,UA59020030000072865
Duboviazivska,Дубов'язівська,Дубовязовская,UA5902005,Konotopskyi,Конотопський,Конотопский,UA5902,Sumska,Сумська,Сумская,UA59,Ukraine,Україна,Украина,UA,527.8767542,1,33,landscape,33.4640534,51.11865914,81400000,Council,Рада,5922000000,5922055300,UA59020050000012539
Konotopska,Конотопська,Конотопская,UA5902007,Konotopskyi,Конотопський,Конотопский,UA5902,Sumska,Сумська,Сумская,UA59,Ukraine,Україна,Украина,UA,99.38306697,1,4,portrait,33.2172804,51.20971829,81400000,Council,Рада,5922000000,5910400000,UA59020070000032449
Krolevetska,Кролевецька,Кролевецкая,UA5902009,Konotopskyi,Конотопський,Конотопский,UA5902,Sumska,Сумська,Сумская,UA59,Ukraine,Україна,Украина,UA,1283.747193,1,74,landscape,33.44289494,51.54900242,81400000,Council,Рада,5922000000,5922610100,UA59020090000085438
Novoslobidska,Новослобідська,Новослободская,UA5902011,Konotopskyi,Конотопський,Конотопский,UA5902,Sumska,Сумська,Сумская,UA59,Ukraine,Україна,Украина,UA,514.975022,1,36,landscape,34.09994012,51.32935689,81400000,Council,Рада,5922000000,5923886300,UA59020110000066430
Popivska,Попівська,Поповская,UA5902013,Konotopskyi,Конотопський,Конотопский,UA5902,Sumska,Сумська,Сумская,UA59,Ukraine,Україна,Украина,UA,896.1741719,1,44,portrait,33.16136171,51.092562,81400000,Council,Рада,5922000000,5922086600,UA59020130000060377
Putyvlska,Путивльська,Путивльская,UA5902015,Konotopskyi,Конотопський,Конотопский,UA5902,Sumska,Сумська,Сумская,UA59,Ukraine,Україна,Украина,UA,591.0322407,1,56,portrait,33.84317737,51.40141845,81400000,Council,Рада,5922000000,5923810100,UA59020150000078955
Boromlianska,Боромлянська,Боромлянская,UA5904001,Okhtyrskyi,Охтирський,Ахтырский,UA5904,Sumska,Сумська,Сумская,UA59,Ukraine,Україна,Украина,UA,312.2924372,1,12,portrait,35.0068443,50.62504173,81400000,Council,Рада,5920300000,5925080800,UA59040010000075530
Velykopysarivska,Великописарівська,Великописаревская,UA5904003,Okhtyrskyi,Охтирський,Ахтырский,UA5904,Sumska,Сумська,Сумская,UA59,Ukraine,Україна,Украина,UA,510.5072509,1,24,landscape,35.42643667,50.41502054,81400000,Council,Рада,5920300000,5921255100,UA59040030000060142
Hrunska,Грунська,Груньская,UA5904005,Okhtyrskyi,Охтирський,Ахтырский,UA5904,Sumska,Сумська,Сумская,UA59,Ukraine,Україна,Украина,UA,244.8188527,1,17,portrait,34.63547373,50.2056563,81400000,Council,Рада,5920300000,5920382400,UA59040050000033127
Kyrykivska,Кириківська,Кириковская,UA5904007,Okhtyrskyi,Охтирський,Ахтырский,UA5904,Sumska,Сумська,Сумская,UA59,Ukraine,Україна,Украина,UA,270.3485973,1,14,portrait,35.19703654,50.30968273,81400000,Council,Рада,5920300000,5921255400,UA59040070000045520
Komyshanska,Комишанська,Камышанская,UA5904009,Okhtyrskyi,Охтирський,Ахтырский,UA5904,Sumska,Сумська,Сумская,UA59,Ukraine,Україна,Украина,UA,131.9207025,1,15,landscape,34.51792988,50.31193583,81400000,Council,Рада,5920300000,5920383600,UA59040090000041737
Okhtyrska,Охтирська,Ахтырская,UA5904011,Okhtyrskyi,Охтирський,Ахтырский,UA5904,Sumska,Сумська,Сумская,UA59,Ukraine,Україна,Украина,UA,80.66078043,5,11,landscape,34.90010664,50.31096276,81400000,Council,Рада,5920300000,5910200000,UA59040110000026694
Trostianetska,Тростянецька,Тростянецкая,UA5904013,Okhtyrskyi,Охтирський,Ахтырский,UA5904,Sumska,Сумська,Сумская,UA59,Ukraine,Україна,Украина,UA,792.1467966,1,38,landscape,34.98778144,50.48281513,81400000,Council,Рада,5920300000,5925010100,UA59040130000041676
Chernechchynska,Чернеччинська,Чернетчинская,UA5904015,Okhtyrskyi,Охтирський,Ахтырский,UA5904,Sumska,Сумська,Сумская,UA59,Ukraine,Україна,Украина,UA,585.0430212,1,32,portrait,34.88288546,50.21660252,81400000,Council,Рада,5920300000,5920389200,UA59040150000076482
Chupakhivska,Чупахівська,Чупаховская,UA5904017,Okhtyrskyi,Охтирський,Ахтырский,UA5904,Sumska,Сумська,Сумская,UA59,Ukraine,Україна,Украина,UA,273.8230955,1,22,landscape,34.61190581,50.40197203,81400000,Council,Рада,5920300000,5920355500,UA59040170000054314
Andriiashivska,Андріяшівська,Андрияшевская,UA5906001,Romenskyi,Роменський,Роменский,UA5906,Sumska,Сумська,Сумская,UA59,Ukraine,Україна,Украина,UA,606.1574734,1,34,landscape,33.33008492,50.58972539,81400000,Council,Рада,5924100000,5924181100,UA59060010000042952
Vilshanska,Вільшанська,Ольшанская,UA5906003,Romenskyi,Роменський,Роменский,UA5906,Sumska,Сумська,Сумская,UA59,Ukraine,Україна,Украина,UA,260.381028,1,22,portrait,34.07527112,50.81038231,81400000,Council,Рада,5924100000,5923584400,UA59060030000069916
Korovynska,Коровинська,Коровинская,UA5906005,Romenskyi,Роменський,Роменский,UA5906,Sumska,Сумська,Сумская,UA59,Ukraine,Україна,Украина,UA,192.9027108,1,20,portrait,33.73553059,50.80965633,81400000,Council,Рада,5924100000,5923583400,UA59060050000060884
Lypovodolynska,Липоводолинська,Липоводолинская,UA5906007,Romenskyi,Роменський,Роменский,UA5906,Sumska,Сумська,Сумская,UA59,Ukraine,Україна,Украина,UA,587.6920961,1,40,portrait,33.80540275,50.58964095,81400000,Council,Рада,5924100000,5923255100,UA59060070000040784
Nedryhailivska,Недригайлівська,Недригайловская,UA5906009,Romenskyi,Роменський,Роменский,UA5906,Sumska,Сумська,Сумская,UA59,Ukraine,Україна,Украина,UA,584.295768,1,53,portrait,33.87735766,50.87661937,81400000,Council,Рада,5924100000,5923555100,UA59060090000012687
Romenska,Роменська,Роменская,UA5906011,Romenskyi,Роменський,Роменский,UA5906,Sumska,Сумська,Сумская,UA59,Ukraine,Україна,Украина,UA,969.7515859,1,75,landscape,33.43858344,50.74866769,81400000,Council,Рада,5924100000,5910700000,UA59060110000049734
Synivska,Синівська,Синевская,UA5906013,Romenskyi,Роменський,Роменский,UA5906,Sumska,Сумська,Сумская,UA59,Ukraine,Україна,Украина,UA,294.5081365,1,28,portrait,34.11930928,50.5829546,81400000,Council,Рада,5924100000,5923286800,UA59060130000041204
Khmelivska,Хмелівська,Хмелевская,UA5906015,Romenskyi,Роменський,Роменский,UA5906,Sumska,Сумська,Сумская,UA59,Ukraine,Україна,Украина,UA,386.9926712,1,25,landscape,33.52343908,50.92139887,81400000,Council,Рада,5924100000,5924189400,UA59060150000055022
Bezdrytska,Бездрицька,Бездрикская,UA5908001,Sumskyi,Сумський,Сумский,UA5908,Sumska,Сумська,Сумская,UA59,Ukraine,Україна,Украина,UA,79.10641699,1,4,landscape,34.94550681,50.89510123,81400000,Council,Рада,5924700000,5924780900,UA59080010000078468
Bilopilska,Білопільська,Белопольская,UA5908003,Sumskyi,Сумський,Сумский,UA5908,Sumska,Сумська,Сумская,UA59,Ukraine,Україна,Украина,UA,536.6055054,1,54,portrait,34.37767119,51.17553446,81400000,Council,Рада,5924700000,5920610100,UA59080030000075526
Verkhnosyrovatska,Верхньосироватська,Верхнесыроватская,UA5908005,Sumskyi,Сумський,Сумский,UA5908,Sumska,Сумська,Сумская,UA59,Ukraine,Україна,Украина,UA,178.1946585,1,10,landscape,34.99462123,50.79342614,81400000,Council,Рада,5924700000,5924782900,UA59080050000061215
Vorozhbianska,Ворожбянська,Ворожбянская,UA5908007,Sumskyi,Сумський,Сумский,UA5908,Sumska,Сумська,Сумская,UA59,Ukraine,Україна,Украина,UA,153.8407626,1,13,portrait,34.15364884,51.1191044,81400000,Council,Рада,5924700000,5920610300,UA59080070000062635
Krasnopilska,Краснопільська,Краснопольская,UA5908009,Sumskyi,Сумський,Сумский,UA5908,Sumska,Сумська,Сумская,UA59,Ukraine,Україна,Украина,UA,964.7672193,1,43,portrait,35.2849882,50.74489313,81400000,Council,Рада,5924700000,5922355100,UA59080090000092991
Lebedynska,Лебединська,Лебединская,UA5908011,Sumskyi,Сумський,Сумский,UA5908,Sumska,Сумська,Сумская,UA59,Ukraine,Україна,Украина,UA,1641.974088,1,125,landscape,34.46287929,50.59953555,81400000,Council,Рада,5924700000,5910500000,UA59080110000034361
Mykolaivska,Миколаївська,Николаевская,UA5908013,Sumskyi,Сумський,Сумский,UA5908,Sumska,Сумська,Сумская,UA59,Ukraine,Україна,Украина,UA,523.8233387,1,42,landscape,34.30045589,50.91982122,81400000,Council,Рада,5924700000,5920655300,UA59080130000022249
Mykolaivska,Миколаївська,Николаевская,UA5908015,Sumskyi,Сумський,Сумский,UA5908,Sumska,Сумська,Сумская,UA59,Ukraine,Україна,Украина,UA,271.1593698,2,26,portrait,34.64225021,51.06090801,81400000,Council,Рада,5924700000,5924785400,UA59080150000013842
Myropilska,Миропільська,Миропольская,UA5908017,Sumskyi,Сумський,Сумский,UA5908,Sumska,Сумська,Сумская,UA59,Ukraine,Україна,Украина,UA,300.7143666,1,10,landscape,35.19980383,50.97993533,81400000,Council,Рада,5924700000,5922383300,UA59080170000056499
Nyzhnosyrovatska,Нижньосироватська,Нижнесыроватская,UA5908019,Sumskyi,Сумський,Сумский,UA5908,Sumska,Сумська,Сумская,UA59,Ukraine,Україна,Украина,UA,160.6756551,1,5,landscape,34.86587766,50.77099912,81400000,Council,Рада,5924700000,5924785000,UA59080190000095280
Richkivska,Річківська,Речковская,UA5908021,Sumskyi,Сумський,Сумский,UA5908,Sumska,Сумська,Сумская,UA59,Ukraine,Україна,Украина,UA,228.7726561,1,17,portrait,34.44233181,51.05944863,81400000,Council,Рада,5924700000,5920687000,UA59080210000075243
Sadivska,Садівська,Садовская,UA5908023,Sumskyi,Сумський,Сумский,UA5908,Sumska,Сумська,Сумская,UA59,Ukraine,Україна,Украина,UA,331.9943904,1,33,landscape,34.58484391,50.83183015,81400000,Council,Рада,5924700000,5924786800,UA59080230000084731
Stepanivska,Степанівська,Степановская,UA5908025,Sumskyi,Сумський,Сумский,UA5908,Sumska,Сумська,Сумская,UA59,Ukraine,Україна,Украина,UA,190.9911065,1,18,landscape,34.59646274,50.92795433,81400000,Council,Рада,5924700000,5924755800,UA59080250000082875
Sumska,Сумська,Сумская,UA5908027,Sumskyi,Сумський,Сумский,UA5908,Sumska,Сумська,Сумская,UA59,Ukraine,Україна,Украина,UA,349.9810027,1,21,portrait,34.8228733,50.99060189,81400000,Council,Рада,5924700000,5910100000,UA59080270000073662
Khotinska,Хотінська,Хотенская,UA5908029,Sumskyi,Сумський,Сумский,UA5908,Sumska,Сумська,Сумская,UA59,Ukraine,Україна,Украина,UA,242.4382001,1,14,landscape,34.80995238,51.13018278,81400000,Council,Рада,5924700000,5924756200,UA59080290000021284
Yunakivska,Юнаківська,Юнаковская,UA5908031,Sumskyi,Сумський,Сумский,UA5908,Sumska,Сумська,Сумская,UA59,Ukraine,Україна,Украина,UA,341.7520037,1,15,portrait,35.030532,51.09853086,81400000,Council,Рада,5924700000,5924789500,UA59080310000049988
Berezivska,Березівська,Березовская,UA5910001,Shostkynskyi,Шосткинський,Шосткинский,UA5910,Sumska,Сумська,Сумская,UA59,Ukraine,Україна,Украина,UA,463.3688246,1,21,portrait,33.75585689,51.73333047,81400000,Council,Рада,5925300000,5921581100,UA59100010000064812
Hlukhivska,Глухівська,Глуховская,UA5910003,Shostkynskyi,Шосткинський,Шосткинский,UA5910,Sumska,Сумська,Сумская,UA59,Ukraine,Україна,Украина,UA,447.7612617,1,25,portrait,33.8588973,51.59626699,81400000,Council,Рада,5925300000,5910300000,UA59100030000078744
Druzhbivska,Дружбівська,Дружбовская,UA5910005,Shostkynskyi,Шосткинський,Шосткинский,UA5910,Sumska,Сумська,Сумская,UA59,Ukraine,Україна,Украина,UA,126.5545863,1,12,landscape,33.97358386,52.03491399,81400000,Council,Рада,5925300000,5925610300,UA59100050000059594
Esmanska,Есманьська,Эсманская,UA5910007,Shostkynskyi,Шосткинський,Шосткинский,UA5910,Sumska,Сумська,Сумская,UA59,Ukraine,Україна,Украина,UA,550.0324952,1,29,portrait,34.22668375,51.79293193,81400000,Council,Рада,5925300000,5921555500,UA59100070000019079
Znob-Novhorodska,Зноб-Новгородська,Знобь-Новгородская,UA5910009,Shostkynskyi,Шосткинський,Шосткинский,UA5910,Sumska,Сумська,Сумская,UA59,Ukraine,Україна,Украина,UA,530.1784362,1,29,portrait,33.48901675,52.23375193,81400000,Council,Рада,5925300000,5924455300,UA59100090000041284
Sveska,Свеська,Свесская,UA5910011,Shostkynskyi,Шосткинський,Шосткинский,UA5910,Sumska,Сумська,Сумская,UA59,Ukraine,Україна,Украина,UA,296.1041573,1,17,portrait,34.00736796,51.92998866,81400000,Council,Рада,5925300000,5925655700,UA59100110000012703
Seredyno-Budska,Середино-Будська,Середино-Будская,UA5910013,Shostkynskyi,Шосткинський,Шосткинский,UA5910,Sumska,Сумська,Сумская,UA59,Ukraine,Україна,Украина,UA,591.2995345,1,34,landscape,33.90422431,52.1669699,81400000,Council,Рада,5925300000,5924410100,UA59100130000041016
Shalyhynska,Шалигинська,Шалыгинская,UA5910015,Shostkynskyi,Шосткинський,Шосткинский,UA5910,Sumska,Сумська,Сумская,UA59,Ukraine,Україна,Украина,UA,282.38375,1,10,landscape,34.10606256,51.57343165,81400000,Council,Рада,5925300000,5921555800,UA59100150000074932
Shostkynska,Шосткинська,Шосткинская,UA5910017,Shostkynskyi,Шосткинський,Шосткинский,UA5910,Sumska,Сумська,Сумская,UA59,Ukraine,Україна,Украина,UA,1264.774219,1,38,portrait,33.43107281,51.82927559,81400000,Council,Рада,5925300000,5911000000,UA59100170000093676
Yampilska,Ямпільська,Ямпольская,UA5910019,Shostkynskyi,Шосткинський,Шосткинский,UA5910,Sumska,Сумська,Сумская,UA59,Ukraine,Україна,Украина,UA,520.2469051,1,32,portrait,33.73539244,51.97063132,81400000,Council,Рада,5925300000,5925655100,UA59100190000010734
Borsukivska,Борсуківська,Барсуковская,UA6102001,Kremenetskyi,Кременецький,Кременецкий,UA6102,Ternopilska,Тернопільська,Тернопольская,UA61,Ukraine,Україна,Украина,UA,152.3279637,1,11,portrait,25.9351605,49.8843923,81400000,Council,Рада,6123400000,6123880600,UA61020010000028670
Velykodederkalska,Великодедеркальська,Великодедеркальская,UA6102003,Kremenetskyi,Кременецький,Кременецкий,UA6102,Ternopilska,Тернопільська,Тернопольская,UA61,Ukraine,Україна,Украина,UA,164.4402524,1,13,portrait,26.05746401,49.99523185,81400000,Council,Рада,6123400000,6125881800,UA61020030000060484
Vyshnivetska,Вишнівецька,Вишневецкая,UA6102005,Kremenetskyi,Кременецький,Кременецкий,UA6102,Ternopilska,Тернопільська,Тернопольская,UA61,Ukraine,Україна,Украина,UA,322.3691332,1,28,landscape,25.7292924,49.89925981,81400000,Council,Рада,6123400000,6122455300,UA61020050000098539
Kremenetska,Кременецька,Кременецкая,UA6102007,Kremenetskyi,Кременецький,Кременецкий,UA6102,Ternopilska,Тернопільська,Тернопольская,UA61,Ukraine,Україна,Украина,UA,523.5094099,1,44,landscape,25.68893512,50.07803015,81400000,Council,Рада,6123400000,6110700000,UA61020070000092368
Lanovetska,Лановецька,Лановецкая,UA6102009,Kremenetskyi,Кременецький,Кременецкий,UA6102,Ternopilska,Тернопільська,Тернопольская,UA61,Ukraine,Україна,Украина,UA,478.2999328,1,41,portrait,26.05936938,49.79060809,81400000,Council,Рада,6123400000,6123810100,UA61020090000020422
Lopushnenska,Лопушненська,Лопушненская,UA6102011,Kremenetskyi,Кременецький,Кременецкий,UA6102,Ternopilska,Тернопільська,Тернопольская,UA61,Ukraine,Україна,Украина,UA,143.0842183,1,11,portrait,25.50871469,49.87473271,81400000,Council,Рада,6123400000,6123484400,UA61020110000084342
Pochaivska,Почаївська,Почаевская,UA6102013,Kremenetskyi,Кременецький,Кременецкий,UA6102,Ternopilska,Тернопільська,Тернопольская,UA61,Ukraine,Україна,Украина,UA,216.5703502,1,12,portrait,25.49018243,50.00002139,81400000,Council,Рада,6123400000,6123410500,UA61020130000037505
Shumska,Шумська,Шумская,UA6102015,Kremenetskyi,Кременецький,Кременецкий,UA6102,Ternopilska,Тернопільська,Тернопольская,UA61,Ukraine,Україна,Украина,UA,634.547634,1,44,portrait,26.00612441,50.13385797,81400000,Council,Рада,6123400000,6125810100,UA61020150000036935
Baikovetska,Байковецька,Байковецкая,UA6104001,Ternopilskyi,Тернопільський,Тернопольский,UA6104,Ternopilska,Тернопільська,Тернопольская,UA61,Ukraine,Україна,Украина,UA,158.502585,1,15,landscape,25.73153853,49.57053493,81400000,Council,Рада,6125200000,6125280600,UA61040010000042862
Berezhanska,Бережанська,Бережанская,UA6104003,Ternopilskyi,Тернопільський,Тернопольский,UA6104,Ternopilska,Тернопільська,Тернопольская,UA61,Ukraine,Україна,Украина,UA,242.1020411,1,21,portrait,24.99080215,49.44537081,81400000,Council,Рада,6125200000,6110500000,UA61040030000060956
Biletska,Білецька,Белецкая,UA6104005,Ternopilskyi,Тернопільський,Тернопольский,UA6104,Ternopilska,Тернопільська,Тернопольская,UA61,Ukraine,Україна,Украина,UA,137.2822614,1,10,portrait,25.56561507,49.62714388,81400000,Council,Рада,6125200000,6125280700,UA61040050000096355
Velykoberezovytska,Великоберезовицька,Великоберезовицкая,UA6104007,Ternopilskyi,Тернопільський,Тернопольский,UA6104,Ternopilska,Тернопільська,Тернопольская,UA61,Ukraine,Україна,Украина,UA,202.2514791,1,13,landscape,25.54714162,49.45175989,81400000,Council,Рада,6125200000,6125255200,UA61040070000079091
Velykobirkivska,Великобірківська,Великоборковская,UA6104009,Ternopilskyi,Тернопільський,Тернопольский,UA6104,Ternopilska,Тернопільська,Тернопольская,UA61,Ukraine,Україна,Украина,UA,65.39747736,1,4,landscape,25.81848946,49.49256763,81400000,Council,Рада,6125200000,6125255400,UA61040090000047241
Velykohaivska,Великогаївська,Великогаевская,UA6104011,Ternopilskyi,Тернопільський,Тернопольский,UA6104,Ternopilska,Тернопільська,Тернопольская,UA61,Ukraine,Україна,Украина,UA,142.6040133,1,15,landscape,25.73616963,49.43894846,81400000,Council,Рада,6125200000,6125281700,UA61040110000010646
Zalozetska,Залозецька,Залозецкая,UA6104013,Ternopilskyi,Тернопільський,Тернопольский,UA6104,Ternopilska,Тернопільська,Тернопольская,UA61,Ukraine,Україна,Украина,UA,247.1255653,1,18,portrait,25.38201385,49.8068429,81400000,Council,Рада,6125200000,6122655300,UA61040130000085402
Zbarazka,Збаразька,Збаражская,UA6104015,Ternopilskyi,Тернопільський,Тернопольский,UA6104,Ternopilska,Тернопільська,Тернопольская,UA61,Ukraine,Україна,Украина,UA,595.1777703,1,54,landscape,25.79433253,49.68748812,81400000,Council,Рада,6125200000,6122484800,UA61040150000098181
Zborivska,Зборівська,Зборовская,UA6104017,Ternopilskyi,Тернопільський,Тернопольский,UA6104,Ternopilska,Тернопільська,Тернопольская,UA61,Ukraine,Україна,Украина,UA,467.2218278,1,53,portrait,25.13436107,49.67477714,81400000,Council,Рада,6125200000,6122610100,UA61040170000086062
Zolotnykivska,Золотниківська,Золотниковская,UA6104019,Ternopilskyi,Тернопільський,Тернопольский,UA6104,Ternopilska,Тернопільська,Тернопольская,UA61,Ukraine,Україна,Украина,UA,284.8434434,1,21,portrait,25.38527794,49.29271504,81400000,Council,Рада,6125200000,6125083600,UA61040190000027979
Ivanivska,Іванівська,Ивановская,UA6104021,Ternopilskyi,Тернопільський,Тернопольский,UA6104,Ternopilska,Тернопільська,Тернопольская,UA61,Ukraine,Україна,Украина,UA,109.1994461,1,5,portrait,25.85418452,49.33462416,81400000,Council,Рада,6125200000,6125084100,UA61040210000084270
Kozivska,Козівська,Козовская,UA6104023,Ternopilskyi,Тернопільський,Тернопольский,UA6104,Ternopilska,Тернопільська,Тернопольская,UA61,Ukraine,Україна,Украина,UA,428.0543023,1,36,landscape,25.17201413,49.46985818,81400000,Council,Рада,6125200000,6123055100,UA61040230000060213
Kozlivska,Козлівська,Козловская,UA6104025,Ternopilskyi,Тернопільський,Тернопольский,UA6104,Ternopilska,Тернопільська,Тернопольская,UA61,Ukraine,Україна,Украина,UA,95.66383263,1,5,portrait,25.32530042,49.55043708,81400000,Council,Рада,6125200000,6123055400,UA61040250000021345
Kupchynetska,Купчинецька,Купчинецкая,UA6104027,Ternopilskyi,Тернопільський,Тернопольский,UA6104,Ternopilska,Тернопільська,Тернопольская,UA61,Ukraine,Україна,Украина,UA,97.51071201,1,8,landscape,25.33627843,49.43768715,81400000,Council,Рада,6125200000,6123085600,UA61040270000064661
Mykulynetska,Микулинецька,Микулинецкая,UA6104029,Ternopilskyi,Тернопільський,Тернопольский,UA6104,Ternopilska,Тернопільська,Тернопольская,UA61,Ukraine,Україна,Украина,UA,239.2458368,1,20,portrait,25.56655469,49.34598595,81400000,Council,Рада,6125200000,6125055400,UA61040290000047781
Naraivska,Нараївська,Нараевская,UA6104031,Ternopilskyi,Тернопільський,Тернопольский,UA6104,Ternopilska,Тернопільська,Тернопольская,UA61,Ukraine,Україна,Украина,UA,216.7874411,1,18,portrait,24.82179236,49.50379862,81400000,Council,Рада,6125200000,6120485100,UA61040310000059301
Ozernianska,Озернянська,Озернянская,UA6104033,Ternopilskyi,Тернопільський,Тернопольский,UA6104,Ternopilska,Тернопільська,Тернопольская,UA61,Ukraine,Україна,Украина,UA,167.7674319,1,13,landscape,25.35136931,49.65374072,81400000,Council,Рада,6125200000,6122686700,UA61040330000096161
Pidvolochyska,Підволочиська,Подволочисская,UA6104035,Ternopilskyi,Тернопільський,Тернопольский,UA6104,Ternopilska,Тернопільська,Тернопольская,UA61,Ukraine,Україна,Украина,UA,349.5336761,1,23,landscape,26.04974315,49.53845958,81400000,Council,Рада,6125200000,6124655100,UA61040350000078247
Pidhaietska,Підгаєцька,Подгаецкая,UA6104037,Ternopilskyi,Тернопільський,Тернопольский,UA6104,Ternopilska,Тернопільська,Тернопольская,UA61,Ukraine,Україна,Украина,UA,475.2687432,1,36,landscape,25.11761079,49.25133643,81400000,Council,Рада,6125200000,6124810100,UA61040370000060170
Pidhorodnianska,Підгороднянська,Подгороднянская,UA6104039,Ternopilskyi,Тернопільський,Тернопольский,UA6104,Ternopilska,Тернопільська,Тернопольская,UA61,Ukraine,Україна,Украина,UA,123.9095037,1,7,portrait,25.45705026,49.52882613,81400000,Council,Рада,6125200000,6125286900,UA61040390000066619
Saranchukivska,Саранчуківська,Саранчуковская,UA6104041,Ternopilskyi,Тернопільський,Тернопольский,UA6104,Ternopilska,Тернопільська,Тернопольская,UA61,Ukraine,Україна,Украина,UA,221.1586694,1,19,landscape,24.93438394,49.34320635,81400000,Council,Рада,6125200000,6120487900,UA61040410000065219
Skalatska,Скалатська,Скалатская,UA6104043,Ternopilskyi,Тернопільський,Тернопольский,UA6104,Ternopilska,Тернопільська,Тернопольская,UA61,Ukraine,Україна,Украина,UA,224.333889,1,16,landscape,25.96156294,49.43533193,81400000,Council,Рада,6125200000,6124610500,UA61040430000018305
Skorykivska,Скориківська,Скориковская,UA6104045,Ternopilskyi,Тернопільський,Тернопольский,UA6104,Ternopilska,Тернопільська,Тернопольская,UA61,Ukraine,Україна,Украина,UA,263.6080921,1,23,landscape,26.11628687,49.65135597,81400000,Council,Рада,6125200000,6124687100,UA61040450000064468
Terebovlianska,Теребовлянська,Теребовлянская,UA6104047,Ternopilskyi,Тернопільський,Тернопольский,UA6104,Ternopilska,Тернопільська,Тернопольская,UA61,Ukraine,Україна,Украина,UA,440.9675293,1,28,portrait,25.6909931,49.24687405,81400000,Council,Рада,6125200000,6125010100,UA61040470000038207
Ternopilska,Тернопільська,Тернопольская,UA6104049,Ternopilskyi,Тернопільський,Тернопольский,UA6104,Ternopilska,Тернопільська,Тернопольская,UA61,Ukraine,Україна,Украина,UA,166.8665977,1,11,portrait,25.48054499,49.67718782,81400000,Council,Рада,6125200000,6110100000,UA61040490000035010
Bilobozhnytska,Білобожницька,Белобожницкая,UA6106001,Chortkivskyi,Чортківський,Чортковский,UA6106,Ternopilska,Тернопільська,Тернопольская,UA61,Ukraine,Україна,Украина,UA,271.1886275,2,18,portrait,25.62194977,49.05578837,81400000,Council,Рада,6125500000,6125580700,UA61060010000070653
Bilche-Zolotetska,Більче-Золотецька,Бильче-Золотецкая,UA6106003,Chortkivskyi,Чортківський,Чортковский,UA6106,Ternopilska,Тернопільська,Тернопольская,UA61,Ukraine,Україна,Украина,UA,107.7680062,1,7,landscape,25.85714398,48.78304218,81400000,Council,Рада,6125500000,6120880900,UA61060030000070527
Borshchivska,Борщівська,Борщевская,UA6106005,Chortkivskyi,Чортківський,Чортковский,UA6106,Ternopilska,Тернопільська,Тернопольская,UA61,Ukraine,Україна,Украина,UA,409.7194026,1,26,portrait,26.03267634,48.7838077,81400000,Council,Рада,6125500000,6120810100,UA61060050000068464
Buchatska,Бучацька,Бучачская,UA6106007,Chortkivskyi,Чортківський,Чортковский,UA6106,Ternopilska,Тернопільська,Тернопольская,UA61,Ukraine,Україна,Украина,UA,527.6350845,1,37,portrait,25.32694893,49.03258088,81400000,Council,Рада,6125500000,6121210100,UA61060070000098188
Vasylkovetska,Васильковецька,Васильковецкая,UA6106009,Chortkivskyi,Чортківський,Чортковский,UA6106,Ternopilska,Тернопільська,Тернопольская,UA61,Ukraine,Україна,Украина,UA,169.2483981,1,9,portrait,26.02775381,49.09692986,81400000,Council,Рада,6125500000,6121680400,UA61060090000060396
Hrymailivska,Гримайлівська,Гримайловская,UA6106011,Chortkivskyi,Чортківський,Чортковский,UA6106,Ternopilska,Тернопільська,Тернопольская,UA61,Ukraine,Україна,Украина,UA,331.4244591,1,25,landscape,26.1054322,49.29749832,81400000,Council,Рада,6125500000,6121655400,UA61060110000078824
Husiatynska,Гусятинська,Гусятинская,UA6106013,Chortkivskyi,Чортківський,Чортковский,UA6106,Ternopilska,Тернопільська,Тернопольская,UA61,Ukraine,Україна,Украина,UA,246.8345974,1,17,portrait,26.1457142,49.13706056,81400000,Council,Рада,6125500000,6121655100,UA61060130000045755
Zavodska,Заводська,Заводская,UA6106015,Chortkivskyi,Чортківський,Чортковский,UA6106,Ternopilska,Тернопільська,Тернопольская,UA61,Ukraine,Україна,Украина,UA,90.5346829,1,6,portrait,25.88614569,48.97353322,81400000,Council,Рада,6125500000,6125555700,UA61060150000032895
Zalishchytska,Заліщицька,Залещицкая,UA6106017,Chortkivskyi,Чортківський,Чортковский,UA6106,Ternopilska,Тернопільська,Тернопольская,UA61,Ukraine,Україна,Украина,UA,350.9896737,1,30,landscape,25.80676864,48.70286234,81400000,Council,Рада,6125500000,6122010100,UA61060170000051011
Zolotopotitska,Золотопотіцька,Золотопотокская,UA6106019,Chortkivskyi,Чортківський,Чортковский,UA6106,Ternopilska,Тернопільська,Тернопольская,UA61,Ukraine,Україна,Украина,UA,161.6499607,1,15,landscape,25.32579673,48.9025662,81400000,Council,Рада,6125500000,6121255500,UA61060190000016283
Ivane-Pustenska,Іване-Пустенська,Иване-Пустенская,UA6106021,Chortkivskyi,Чортківський,Чортковский,UA6106,Ternopilska,Тернопільська,Тернопольская,UA61,Ukraine,Україна,Украина,UA,80.23552845,1,4,landscape,26.18304236,48.66776682,81400000,Council,Рада,6125500000,6120883200,UA61060210000021722
Kolyndianska,Колиндянська,Колындянская,UA6106023,Chortkivskyi,Чортківський,Чортковский,UA6106,Ternopilska,Тернопільська,Тернопольская,UA61,Ukraine,Україна,Украина,UA,155.8438921,1,8,portrait,26.01844745,48.98900263,81400000,Council,Рада,6125500000,6125584500,UA61060230000067504
Kopychynetska,Копичинецька,Копычинская,UA6106025,Chortkivskyi,Чортківський,Чортковский,UA6106,Ternopilska,Тернопільська,Тернопольская,UA61,Ukraine,Україна,Украина,UA,170.7524132,2,12,portrait,25.87248274,49.11427733,81400000,Council,Рада,6125500000,6121610400,UA61060250000062700
Koropetska,Коропецька,Коропецкая,UA6106027,Chortkivskyi,Чортківський,Чортковский,UA6106,Ternopilska,Тернопільська,Тернопольская,UA61,Ukraine,Україна,Украина,UA,86.45090662,1,8,portrait,25.17580913,48.96369588,81400000,Council,Рада,6125500000,6124255500,UA61060270000084790
Melnytse-Podilska,Мельнице-Подільська,Мельнице-Подольская,UA6106029,Chortkivskyi,Чортківський,Чортковский,UA6106,Ternopilska,Тернопільська,Тернопольская,UA61,Ukraine,Україна,Украина,UA,245.3782942,1,22,landscape,26.23836462,48.5874101,81400000,Council,Рада,6125500000,6120855400,UA61060290000038953
Monastyryska,Монастириська,Монастырисская,UA6106031,Chortkivskyi,Чортківський,Чортковский,UA6106,Ternopilska,Тернопільська,Тернопольская,UA61,Ukraine,Україна,Украина,UA,473.9058141,2,40,landscape,25.10715907,49.0940408,81400000,Council,Рада,6125500000,6124210100,UA61060310000061998
Nahirianska,Нагірянська,Нагорянская,UA6106033,Chortkivskyi,Чортківський,Чортковский,UA6106,Ternopilska,Тернопільська,Тернопольская,UA61,Ukraine,Україна,Украина,UA,180.5694657,1,12,landscape,25.75977988,48.91912995,81400000,Council,Рада,6125500000,6125585900,UA61060330000041227
Skala-Podilska,Скала-Подільська,Скала-Подольская,UA6106035,Chortkivskyi,Чортківський,Чортковский,UA6106,Ternopilska,Тернопільська,Тернопольская,UA61,Ukraine,Україна,Украина,UA,184.8480487,1,15,portrait,26.17544069,48.82710976,81400000,Council,Рада,6125500000,6120855700,UA61060350000024021
Tovstenska,Товстенська,Толстенская,UA6106037,Chortkivskyi,Чортківський,Чортковский,UA6106,Ternopilska,Тернопільська,Тернопольская,UA61,Ukraine,Україна,Украина,UA,339.599418,1,26,landscape,25.63348695,48.8396418,81400000,Council,Рада,6125500000,6122055500,UA61060370000081851
Trybukhivska,Трибухівська,Трибуховская,UA6106039,Chortkivskyi,Чортківський,Чортковский,UA6106,Ternopilska,Тернопільська,Тернопольская,UA61,Ukraine,Україна,Украина,UA,115.4601443,1,7,portrait,25.48619819,49.07003881,81400000,Council,Рада,6125500000,6121282000,UA61060390000013361
Khorostkivska,Хоростківська,Хоростковская,UA6106041,Chortkivskyi,Чортківський,Чортковский,UA6106,Ternopilska,Тернопільська,Тернопольская,UA61,Ukraine,Україна,Украина,UA,184.5966497,1,10,portrait,25.92380216,49.22905295,81400000,Council,Рада,6125500000,6121611000,UA61060410000092242
Chortkivska,Чортківська,Чортковская,UA6106043,Chortkivskyi,Чортківський,Чортковский,UA6106,Ternopilska,Тернопільська,Тернопольская,UA61,Ukraine,Україна,Украина,UA,151.2355285,1,8,portrait,25.79445126,49.03513089,81400000,Council,Рада,6125500000,6110300000,UA61060430000094264
Bohodukhivska,Богодухівська,Богодуховская,UA6302001,Bohodukhivskyi,Богодухівський,Богодуховский,UA6302,Kharkivska,Харківська,Харьковская,UA63,Ukraine,Україна,Украина,UA,1157.306886,1,78,landscape,35.53418756,50.17222306,81400000,Council,Рада,6320800000,6320810100,UA63020010000079018
Valkivska,Валківська,Валковская,UA6302003,Bohodukhivskyi,Богодухівський,Богодуховский,UA6302,Kharkivska,Харківська,Харьковская,UA63,Ukraine,Україна,Украина,UA,1018.047113,1,102,portrait,35.63461363,49.90186807,81400000,Council,Рада,6320800000,6321210100,UA63020030000094096
Zolochivska,Золочівська,Золочевская,UA6302005,Bohodukhivskyi,Богодухівський,Богодуховский,UA6302,Kharkivska,Харківська,Харьковская,UA63,Ukraine,Україна,Украина,UA,971.8193774,1,73,portrait,35.92297813,50.2752034,81400000,Council,Рада,6320800000,6322655100,UA63020050000045982
Kolomatska,Коломацька,Коломакская,UA6302007,Bohodukhivskyi,Богодухівський,Богодуховский,UA6302,Kharkivska,Харківська,Харьковская,UA63,Ukraine,Україна,Украина,UA,321.8904682,1,34,landscape,35.31402638,49.83091583,81400000,Council,Рада,6320800000,6323255100,UA63020070000090466
Krasnokutska,Краснокутська,Краснокутская,UA6302009,Bohodukhivskyi,Богодухівський,Богодуховский,UA6302,Kharkivska,Харківська,Харьковская,UA63,Ukraine,Україна,Украина,UA,1040.834072,1,66,portrait,35.14342159,50.03947724,81400000,Council,Рада,6320800000,6323555100,UA63020090000096294
Balakliiska,Балаклійська,Балаклейская,UA6304001,Iziumskyi,Ізюмський,Изюмский,UA6304,Kharkivska,Харківська,Харьковская,UA63,Ukraine,Україна,Украина,UA,1295.805697,3,37,portrait,36.77019164,49.34507287,81400000,Council,Рада,6322800000,6320210100,UA63040010000010092
Barvinkivska,Барвінківська,Барвенковская,UA6304003,Iziumskyi,Ізюмський,Изюмский,UA6304,Kharkivska,Харківська,Харьковская,UA63,Ukraine,Україна,Украина,UA,1362.595097,1,60,landscape,36.95698683,48.93108594,81400000,Council,Рада,6322800000,6320410100,UA63040030000052515
Borivska,Борівська,Боровская,UA6304005,Iziumskyi,Ізюмський,Изюмский,UA6304,Kharkivska,Харківська,Харьковская,UA63,Ukraine,Україна,Украина,UA,878.3404686,1,38,landscape,37.70013822,49.34003974,81400000,Council,Рада,6322800000,6321055100,UA63040050000042831
Donetska,Донецька,Донецкая,UA6304007,Iziumskyi,Ізюмський,Изюмский,UA6304,Kharkivska,Харківська,Харьковская,UA63,Ukraine,Україна,Украина,UA,345.6467497,1,14,portrait,36.63462952,49.51647707,81400000,Council,Рада,6322800000,6320256000,UA63040070000092606
Iziumska,Ізюмська,Изюмская,UA6304009,Iziumskyi,Ізюмський,Изюмский,UA6304,Kharkivska,Харківська,Харьковская,UA63,Ukraine,Україна,Украина,UA,416.0731344,2,16,landscape,37.28198151,49.2715505,81400000,Council,Рада,6322800000,6310400000,UA63040090000021240
Kunievska,Куньєвська,Куньевская,UA6304011,Iziumskyi,Ізюмський,Изюмский,UA6304,Kharkivska,Харківська,Харьковская,UA63,Ukraine,Україна,Украина,UA,332.7877071,1,18,portrait,37.32336815,49.42131478,81400000,Council,Рада,6322800000,6322886000,UA63040110000053205
Oskilska,Оскільська,Оскольская,UA6304013,Iziumskyi,Ізюмський,Изюмский,UA6304,Kharkivska,Харківська,Харьковская,UA63,Ukraine,Україна,Украина,UA,855.8143654,1,27,landscape,37.16000451,49.07922795,81400000,Council,Рада,6322800000,6322888000,UA63040130000098894
Savynska,Савинська,Савинская,UA6304015,Iziumskyi,Ізюмський,Изюмский,UA6304,Kharkivska,Харківська,Харьковская,UA63,Ukraine,Україна,Украина,UA,424.2987331,1,18,portrait,37.06661138,49.40668694,81400000,Council,Рада,6322800000,6320255700,UA63040150000053402
Zachepylivska,Зачепилівська,Зачепиловская,UA6306001,Krasnohradskyi,Красноградський,Красноградский,UA6306,Kharkivska,Харківська,Харьковская,UA63,Ukraine,Україна,Украина,UA,793.7083332,1,38,landscape,35.31434025,49.17595958,81400000,Council,Рада,6323300000,6322255100,UA63060010000015783
Kehychivska,Кегичівська,Кегичевская,UA6306003,Krasnohradskyi,Красноградський,Красноградский,UA6306,Kharkivska,Харківська,Харьковская,UA63,Ukraine,Україна,Украина,UA,782.7333515,1,40,portrait,35.82754773,49.31115476,81400000,Council,Рада,6323300000,6323155100,UA63060030000041642
Krasnohradska,Красноградська,Красноградская,UA6306005,Krasnohradskyi,Красноградський,Красноградский,UA6306,Kharkivska,Харківська,Харьковская,UA63,Ukraine,Україна,Украина,UA,483.6379901,1,26,portrait,35.49607606,49.44360718,81400000,Council,Рада,6323300000,6323310100,UA63060050000033240
Natalynska,Наталинська,Наталинская,UA6306007,Krasnohradskyi,Красноградський,Красноградский,UA6306,Kharkivska,Харківська,Харьковская,UA63,Ukraine,Україна,Украина,UA,502.5072132,1,30,portrait,35.50134381,49.2879376,81400000,Council,Рада,6323300000,6323383000,UA63060070000031032
Sakhnovshchynska,Сахновщинська,Сахновщиниская,UA6306009,Krasnohradskyi,Красноградський,Красноградский,UA6306,Kharkivska,Харківська,Харьковская,UA63,Ukraine,Україна,Украина,UA,1168.438942,1,64,landscape,35.89955832,49.11351331,81400000,Council,Рада,6323300000,6324855100,UA63060090000041888
Starovirivska,Старовірівська,Староверовская,UA6306011,Krasnohradskyi,Красноградський,Красноградский,UA6306,Kharkivska,Харківська,Харьковская,UA63,Ukraine,Україна,Украина,UA,602.9412362,1,22,landscape,35.8120933,49.54237231,81400000,Council,Рада,6323300000,6324285500,UA63060110000043554
Velykoburlutska,Великобурлуцька,Великобурлукская,UA6308001,Kupianskyi,Куп'янський,Купянский,UA6308,Kharkivska,Харківська,Харьковская,UA63,Ukraine,Україна,Украина,UA,837.9658313,1,51,portrait,37.34436843,50.01526319,81400000,Council,Рада,6323700000,6321455100,UA63080010000040281
Vilkhuvatska,Вільхуватська,Ольховатская,UA6308003,Kupianskyi,Куп'янський,Купянский,UA6308,Kharkivska,Харківська,Харьковская,UA63,Ukraine,Україна,Украина,UA,383.9927937,2,30,landscape,37.51319399,50.22206779,81400000,Council,Рада,6323700000,6321484000,UA63080030000019649
Dvorichanska,Дворічанська,Двуречанская,UA6308005,Kupianskyi,Куп'янський,Купянский,UA6308,Kharkivska,Харківська,Харьковская,UA63,Ukraine,Україна,Украина,UA,1111.578471,1,55,landscape,37.7853707,49.90481851,81400000,Council,Рада,6323700000,6321855100,UA63080050000048455
Kindrashivska,Кіндрашівська,Кондрашовская,UA6308007,Kupianskyi,Куп'янський,Купянский,UA6308,Kharkivska,Харківська,Харьковская,UA63,Ukraine,Україна,Украина,UA,405.3819973,1,32,portrait,37.42960513,49.82917361,81400000,Council,Рада,6323700000,6323783000,UA63080070000080622
Kupianska,Куп'янська,Купянская,UA6308009,Kupianskyi,Куп'янський,Купянский,UA6308,Kharkivska,Харківська,Харьковская,UA63,Ukraine,Україна,Украина,UA,155.7608983,1,12,portrait,37.58435179,49.60853405,81400000,Council,Рада,6323700000,6310700000,UA63080090000067457
Kurylivska,Курилівська,Куриловская,UA6308011,Kupianskyi,Куп'янський,Купянский,UA6308,Kharkivska,Харківська,Харьковская,UA63,Ukraine,Україна,Украина,UA,411.3048916,1,13,portrait,37.66292125,49.53640061,81400000,Council,Рада,6323700000,6323783500,UA63080110000021737
Petropavlivska,Петропавлівська,Петропавловская,UA6308013,Kupianskyi,Куп'янський,Купянский,UA6308,Kharkivska,Харківська,Харьковская,UA63,Ukraine,Україна,Украина,UA,336.5513157,1,16,landscape,37.90148403,49.6688923,81400000,Council,Рада,6323700000,6323785500,UA63080130000077600
Shevchenkivska,Шевченківська,Шевченковская,UA6308015,Kupianskyi,Куп'янський,Купянский,UA6308,Kharkivska,Харківська,Харьковская,UA63,Ukraine,Україна,Украина,UA,977.494173,1,60,landscape,37.21620362,49.70042432,81400000,Council,Рада,6323700000,6325755100,UA63080150000094794
Biliaivska,Біляївська,Беляевская,UA6310001,Lozivskyi,Лозівський,Лозовский,UA6310,Kharkivska,Харківська,Харьковская,UA63,Ukraine,Україна,Украина,UA,423.7394455,1,25,landscape,36.30865758,49.23181167,81400000,Council,Рада,6323900000,6324587000,UA63100010000016136
Blyzniukivska,Близнюківська,Близнюковская,UA6310003,Lozivskyi,Лозівський,Лозовский,UA6310,Kharkivska,Харківська,Харьковская,UA63,Ukraine,Україна,Украина,UA,1379.249591,1,97,portrait,36.51446713,48.77677619,81400000,Council,Рада,6323900000,6320655100,UA63100030000050119
Lozivska,Лозівська,Лозовская,UA6310005,Lozivskyi,Лозівський,Лозовский,UA6310,Kharkivska,Харківська,Харьковская,UA63,Ukraine,Україна,Украина,UA,1424.8622,1,91,portrait,36.38122294,49.02572541,81400000,Council,Рада,6323900000,6311000000,UA63100050000079487
Oleksiivska,Олексіївська,Алексеевская,UA6310007,Lozivskyi,Лозівський,Лозовский,UA6310,Kharkivska,Харківська,Харьковская,UA63,Ukraine,Україна,Украина,UA,661.9812521,1,25,landscape,36.36655419,49.39119903,81400000,Council,Рада,6323900000,6324580500,UA63100070000048302
Pervomaiska,Первомайська,Первомайская,UA6310009,Lozivskyi,Лозівський,Лозовский,UA6310,Kharkivska,Харківська,Харьковская,UA63,Ukraine,Україна,Украина,UA,139.0961836,1,9,portrait,36.19870043,49.32286018,81400000,Council,Рада,6323900000,6311500000,UA63100090000052019
Bezliudivska,Безлюдівська,Безлюдовская,UA6312001,Kharkivskyi,Харківський,Харьковский,UA6312,Kharkivska,Харківська,Харьковская,UA63,Ukraine,Україна,Украина,UA,137.7185709,1,11,landscape,36.30795256,49.84985324,81400000,Council,Рада,6325100000,6325155600,UA63120010000021682
Vysochanska,Височанська,Высочанская,UA6312003,Kharkivskyi,Харківський,Харьковский,UA6312,Kharkivska,Харківська,Харьковская,UA63,Ukraine,Україна,Украина,UA,67.61811074,1,6,landscape,36.15107794,49.88601088,81400000,Council,Рада,6325100000,6325156700,UA63120030000035245
Vilkhivska,Вільхівська,Ольховская,UA6312005,Kharkivskyi,Харківський,Харьковский,UA6312,Kharkivska,Харківська,Харьковская,UA63,Ukraine,Україна,Украина,UA,225.1622736,5,21,landscape,36.51154286,49.98992256,81400000,Council,Рада,6325100000,6325184000,UA63120050000019867
Derhachivska,Дергачівська,Дергачевская,UA6312007,Kharkivskyi,Харківський,Харьковский,UA6312,Kharkivska,Харківська,Харьковская,UA63,Ukraine,Україна,Украина,UA,543.5492516,1,38,portrait,36.23677237,50.22477675,81400000,Council,Рада,6325100000,6322010100,UA63120070000018741
Lypetska,Липецька,Липецкая,UA6312009,Kharkivskyi,Харківський,Харьковский,UA6312,Kharkivska,Харківська,Харьковская,UA63,Ukraine,Україна,Украина,UA,362.641715,1,17,landscape,36.48134236,50.21824874,81400000,Council,Рада,6325100000,6325182000,UA63120090000046130
Liubotynska,Люботинська,Люботинская,UA6312011,Kharkivskyi,Харківський,Харьковский,UA6312,Kharkivska,Харківська,Харьковская,UA63,Ukraine,Україна,Украина,UA,137.7542746,1,15,landscape,35.90103519,49.95328984,81400000,Council,Рада,6325100000,6311200000,UA63120110000043456
Malodanylivska,Малоданилівська,Молоданиловская,UA6312013,Kharkivskyi,Харківський,Харьковский,UA6312,Kharkivska,Харківська,Харьковская,UA63,Ukraine,Україна,Украина,UA,98.86823554,1,7,portrait,36.13300428,50.0615164,81400000,Council,Рада,6325100000,6322055900,UA63120130000010762
Merefianska,Мереф'янська,Мерефянская,UA6312015,Kharkivskyi,Харківський,Харьковский,UA6312,Kharkivska,Харківська,Харьковская,UA63,Ukraine,Україна,Украина,UA,127.6717209,1,9,landscape,36.06931819,49.81145331,81400000,Council,Рада,6325100000,6325110700,UA63120150000086206
Novovodolazka,Нововодолазька,Нововодолажская,UA6312017,Kharkivskyi,Харківський,Харьковский,UA6312,Kharkivska,Харківська,Харьковская,UA63,Ukraine,Україна,Украина,UA,579.8305598,1,36,portrait,35.86338031,49.71639201,81400000,Council,Рада,6325100000,6324255100,UA63120170000093573
Pivdennomiska,Південноміська,Пивденская,UA6312019,Kharkivskyi,Харківський,Харьковский,UA6312,Kharkivska,Харківська,Харьковская,UA63,Ukraine,Україна,Украина,UA,55.74148933,1,5,landscape,36.00417465,49.88797509,81400000,Council,Рада,6325100000,6325111000,UA63120190000093717
Pisochynska,Пісочинська,Песочинская,UA6312021,Kharkivskyi,Харківський,Харьковский,UA6312,Kharkivska,Харківська,Харьковская,UA63,Ukraine,Україна,Украина,UA,78.75530565,1,8,landscape,36.06562313,49.93643862,81400000,Council,Рада,6325100000,6325157900,UA63120210000075842
Rohanska,Роганська,Роганская,UA6312023,Kharkivskyi,Харківський,Харьковский,UA6312,Kharkivska,Харківська,Харьковская,UA63,Ukraine,Україна,Украина,UA,78.83722331,1,7,landscape,36.43762642,49.88709661,81400000,Council,Рада,6325100000,6325158500,UA63120230000080742
Solonytsivska,Солоницівська,Солоницевская,UA6312025,Kharkivskyi,Харківський,Харьковский,UA6312,Kharkivska,Харківська,Харьковская,UA63,Ukraine,Україна,Украина,UA,246.8864159,1,18,landscape,35.97010007,50.04944016,81400000,Council,Рада,6325100000,6322057600,UA63120250000081463
Kharkivska,Харківська,Харьковская,UA6312027,Kharkivskyi,Харківський,Харьковский,UA6312,Kharkivska,Харківська,Харьковская,UA63,Ukraine,Україна,Украина,UA,344.100083,1,1,landscape,36.26223499,49.98487545,81400000,Council,Рада,6325100000,6310100000,UA63120270000028556
Tsyrkunivska,Циркунівська,Циркуновская,UA6312029,Kharkivskyi,Харківський,Харьковский,UA6312,Kharkivska,Харківська,Харьковская,UA63,Ukraine,Україна,Украина,UA,138.6985001,1,9,landscape,36.42375512,50.10796404,81400000,Council,Рада,6325100000,6325185000,UA63120290000021734
Vovchanska,Вовчанська,Волчанская,UA6314001,Chuhuivskyi,Чугуївський,Чугуевский,UA6314,Kharkivska,Харківська,Харьковская,UA63,Ukraine,Україна,Украина,UA,1416.483589,1,75,portrait,37.03552099,50.23763509,81400000,Council,Рада,6325400000,6321610100,UA63140010000049419
Zmiivska,Зміївська,Змиевская,UA6314003,Chuhuivskyi,Чугуївський,Чугуевский,UA6314,Kharkivska,Харківська,Харьковская,UA63,Ukraine,Україна,Украина,UA,792.9298943,1,60,portrait,36.23723093,49.67064696,81400000,Council,Рада,6325400000,6321710100,UA63140030000091352
Malynivska,Малинівська,Малиновская,UA6314005,Chuhuivskyi,Чугуївський,Чугуевский,UA6314,Kharkivska,Харківська,Харьковская,UA63,Ukraine,Україна,Украина,UA,246.7820591,1,3,portrait,36.71733691,49.78511683,81400000,Council,Рада,6325400000,6325455900,UA63140050000096783
Novopokrovska,Новопокровська,Новопокровская,UA6314007,Chuhuivskyi,Чугуївський,Чугуевский,UA6314,Kharkivska,Харківська,Харьковская,UA63,Ukraine,Україна,Украина,UA,159.4254643,1,10,landscape,36.52830011,49.84546069,81400000,Council,Рада,6325400000,6325456200,UA63140070000015310
Pechenizka,Печенізька,Печенежская,UA6314009,Chuhuivskyi,Чугуївський,Чугуевский,UA6314,Kharkivska,Харківська,Харьковская,UA63,Ukraine,Україна,Украина,UA,466.7911604,1,12,landscape,37.02009749,49.93038506,81400000,Council,Рада,6325400000,6324655100,UA63140090000052369
Slobozhanska,Слобожанська,Слобожанская,UA6314011,Chuhuivskyi,Чугуївський,Чугуевский,UA6314,Kharkivska,Харківська,Харьковская,UA63,Ukraine,Україна,Украина,UA,572.6035795,1,17,portrait,36.57835819,49.6596014,81400000,Council,Рада,6325400000,6321755600,UA63140110000087562
Starosaltivska,Старосалтівська,Старосалтовская,UA6314013,Chuhuivskyi,Чугуївський,Чугуевский,UA6314,Kharkivska,Харківська,Харьковская,UA63,Ukraine,Україна,Украина,UA,473.2266036,1,20,landscape,36.85572255,50.0410774,81400000,Council,Рада,6325400000,6321655800,UA63140130000029212
Chkalovska,Чкаловська,Чкаловская,UA6314015,Chuhuivskyi,Чугуївський,Чугуевский,UA6314,Kharkivska,Харківська,Харьковская,UA63,Ukraine,Україна,Украина,UA,390.0295887,2,20,portrait,36.88707977,49.70282231,81400000,Council,Рада,6325400000,6325456700,UA63140150000093944
Chuhuivska,Чугуївська,Чугуевская,UA6314017,Chuhuivskyi,Чугуївський,Чугуевский,UA6314,Kharkivska,Харківська,Харьковская,UA63,Ukraine,Україна,Украина,UA,288.809395,2,9,portrait,36.69793676,49.91514562,81400000,Council,Рада,6325400000,6312000000,UA63140170000087785
Beryslavska,Бериславська,Бериславская,UA6502001,Beryslavskyi,Бериславський,Бериславский,UA6502,Khersonska,Херсонська,Херсонская,UA65,Ukraine,Україна,Украина,UA,456.5800869,1,10,landscape,33.37799011,46.89396177,81400000,Council,Рада,6520600000,6520610100,UA65020010000060480
Borozenska,Борозенська,Борозенская,UA6502003,Beryslavskyi,Бериславський,Бериславский,UA6502,Khersonska,Херсонська,Херсонская,UA65,Ukraine,Україна,Украина,UA,325.9085676,1,10,portrait,33.39777224,47.18112836,81400000,Council,Рада,6520600000,6520981000,UA65020030000094118
Velykooleksandrivska,Великоолександрівська,Великоалександровская,UA6502005,Beryslavskyi,Бериславський,Бериславский,UA6502,Khersonska,Херсонська,Херсонская,UA65,Ukraine,Україна,Украина,UA,863.7759445,1,34,portrait,33.28632167,47.31983594,81400000,Council,Рада,6520600000,6520955100,UA65020050000086746
Vysokopilska,Високопільська,Высокопольская,UA6502007,Beryslavskyi,Бериславський,Бериславский,UA6502,Khersonska,Херсонська,Херсонская,UA65,Ukraine,Україна,Украина,UA,495.1979269,1,22,portrait,33.48255538,47.45810898,81400000,Council,Рада,6520600000,6521855100,UA65020070000029027
Kalynivska,Калинівська,Калиновская,UA6502009,Beryslavskyi,Бериславський,Бериславский,UA6502,Khersonska,Херсонська,Херсонская,UA65,Ukraine,Україна,Украина,UA,197.4079041,1,12,portrait,33.00028399,47.11748468,81400000,Council,Рада,6520600000,6520955700,UA65020090000016354
Kochubeivska,Кочубеївська,Кочубеевская,UA6502011,Beryslavskyi,Бериславський,Бериславский,UA6502,Khersonska,Херсонська,Херсонская,UA65,Ukraine,Україна,Украина,UA,206.1663677,1,14,landscape,33.20775046,47.47043317,81400000,Council,Рада,6520600000,6521881500,UA65020110000081240
Mylivska,Милівська,Мыловская,UA6502013,Beryslavskyi,Бериславський,Бериславский,UA6502,Khersonska,Херсонська,Херсонская,UA65,Ukraine,Україна,Украина,UA,562.3762213,1,10,portrait,33.66250104,47.12834128,81400000,Council,Рада,6520600000,6520684200,UA65020130000012731
Novovorontsovska,Нововоронцовська,Нововоронцовская,UA6502015,Beryslavskyi,Бериславський,Бериславский,UA6502,Khersonska,Херсонська,Херсонская,UA65,Ukraine,Україна,Украина,UA,463.6864932,1,10,portrait,33.76246991,47.42419552,81400000,Council,Рада,6520600000,6524155100,UA65020150000047137
Novooleksandrivska,Новоолександрівська,Новоалександровская,UA6502017,Beryslavskyi,Бериславський,Бериславский,UA6502,Khersonska,Херсонська,Херсонская,UA65,Ukraine,Україна,Украина,UA,411.6441615,1,9,landscape,33.87982191,47.2700638,81400000,Council,Рада,6520600000,6524183900,UA65020170000056973
Novoraiska,Новорайська,Новорайская,UA6502019,Beryslavskyi,Бериславський,Бериславский,UA6502,Khersonska,Херсонська,Херсонская,UA65,Ukraine,Україна,Украина,UA,355.3356267,1,9,landscape,33.44381274,47.03151292,81400000,Council,Рада,6520600000,6520685200,UA65020190000013272
Tiahynska,Тягинська,Тягинская,UA6502021,Beryslavskyi,Бериславський,Бериславский,UA6502,Khersonska,Херсонська,Херсонская,UA65,Ukraine,Україна,Украина,UA,422.5102566,1,11,portrait,33.12119947,46.85093249,81400000,Council,Рада,6520600000,6520687100,UA65020210000085773
Henicheska,Генічеська,Геническая,UA6504001,Henicheskyi,Генічеський,Генический,UA6504,Khersonska,Херсонська,Херсонская,UA65,Ukraine,Україна,Украина,UA,2005.603435,3,66,portrait,34.85284435,46.38210273,81400000,Council,Рада,6522100000,6522110100,UA65040010000061104
Ivanivska,Іванівська,Ивановская,UA6504003,Henicheskyi,Генічеський,Генический,UA6504,Khersonska,Херсонська,Херсонская,UA65,Ukraine,Україна,Украина,UA,1116.390215,1,28,landscape,34.46361556,46.67616202,81400000,Council,Рада,6522100000,6522955100,UA65040030000056170
Nyzhnosirohozka,Нижньосірогозька,Нижнесерогозская,UA6504005,Henicheskyi,Генічеський,Генический,UA6504,Khersonska,Херсонська,Херсонская,UA65,Ukraine,Україна,Украина,UA,1209.407387,1,25,portrait,34.42294433,46.91153793,81400000,Council,Рада,6522100000,6523855100,UA65040050000029613
Novotroitska,Новотроїцька,Новотроицкая,UA6504007,Henicheskyi,Генічеський,Генический,UA6504,Khersonska,Херсонська,Херсонская,UA65,Ukraine,Україна,Украина,UA,2173.318394,1,44,portrait,34.31691178,46.36796055,81400000,Council,Рада,6522100000,6524455100,UA65040070000086673
Askaniia-Nova,Асканія-Нова,Аскания-Новая,UA6506001,Kakhovskyi,Каховський,Каховский,UA6506,Khersonska,Херсонська,Херсонская,UA65,Ukraine,Україна,Украина,UA,398.8699101,1,9,landscape,33.92633393,46.46103236,81400000,Council,Рада,6523500000,6525455300,UA65060010000033335
Velykolepetyska,Великолепетиська,Великолепетихская,UA6506003,Kakhovskyi,Каховський,Каховский,UA6506,Khersonska,Херсонська,Херсонская,UA65,Ukraine,Україна,Украина,UA,623.0352077,1,8,portrait,34.00675646,47.14269477,81400000,Council,Рада,6523500000,6521255100,UA65060030000075716
Verkhnorohachytska,Верхньорогачицька,Верхнерогачикская,UA6506005,Kakhovskyi,Каховський,Каховский,UA6506,Khersonska,Херсонська,Херсонская,UA65,Ukraine,Україна,Украина,UA,922.4489293,1,21,landscape,34.32386628,47.20109624,81400000,Council,Рада,6523500000,6521555100,UA65060050000022914
Hornostaivska,Горностаївська,Горностаевская,UA6506007,Kakhovskyi,Каховський,Каховский,UA6506,Khersonska,Херсонська,Херсонская,UA65,Ukraine,Україна,Украина,UA,746.8842023,1,20,landscape,33.85509617,46.96237666,81400000,Council,Рада,6523500000,6522655100,UA65060070000037346
Zelenopidska,Зеленопідська,Зеленоподская,UA6506009,Kakhovskyi,Каховський,Каховский,UA6506,Khersonska,Херсонська,Херсонская,UA65,Ukraine,Україна,Украина,UA,492.0759561,1,16,portrait,33.79476152,46.67579784,81400000,Council,Рада,6523500000,6523585500,UA65060090000037720
Kakhovska,Каховська,Каховская,UA6506011,Kakhovskyi,Каховський,Каховский,UA6506,Khersonska,Херсонська,Херсонская,UA65,Ukraine,Україна,Украина,UA,193.8315343,1,6,landscape,33.47086679,46.79123181,81400000,Council,Рада,6523500000,6510400000,UA65060110000017055
Kostiantynivska,Костянтинівська,Константиновская,UA6506013,Kakhovskyi,Каховський,Каховский,UA6506,Khersonska,Херсонська,Херсонская,UA65,Ukraine,Україна,Украина,UA,261.0152119,1,9,portrait,33.91550188,46.81600558,81400000,Council,Рада,6523500000,6522683000,UA65060130000026961
Liubymivska,Любимівська,Любимовская,UA6506015,Kakhovskyi,Каховський,Каховский,UA6506,Khersonska,Херсонська,Херсонская,UA65,Ukraine,Україна,Украина,UA,238.4271666,1,6,portrait,33.63436679,46.80603678,81400000,Council,Рада,6523500000,6523555100,UA65060150000054200
Novokakhovska,Новокаховська,Новокаховская,UA6506017,Kakhovskyi,Каховський,Каховский,UA6506,Khersonska,Херсонська,Херсонская,UA65,Ukraine,Україна,Украина,UA,246.5189801,1,11,portrait,33.24637089,46.71389906,81400000,Council,Рада,6523500000,6510700000,UA65060170000032937
Prysyvaska,Присиваська,Присивашская,UA6506019,Kakhovskyi,Каховський,Каховский,UA6506,Khersonska,Херсонська,Херсонская,UA65,Ukraine,Україна,Украина,UA,303.945114,1,5,landscape,33.83235535,46.30055302,81400000,Council,Рада,6523500000,6525481000,UA65060190000091058
Rubanivska,Рубанівська,Рубановская,UA6506021,Kakhovskyi,Каховський,Каховский,UA6506,Khersonska,Херсонська,Херсонская,UA65,Ukraine,Україна,Украина,UA,369.4052971,1,5,portrait,34.19132469,47.0072618,81400000,Council,Рада,6523500000,6521285500,UA65060210000049771
Tavrychanska,Тавричанська,Тавричанская,UA6506023,Kakhovskyi,Каховський,Каховский,UA6506,Khersonska,Херсонська,Херсонская,UA65,Ukraine,Україна,Украина,UA,332.0601886,1,11,portrait,33.89955432,46.57907772,81400000,Council,Рада,6523500000,6523585000,UA65060230000076026
Tavriiska,Таврійська,Таврийская,UA6506025,Kakhovskyi,Каховський,Каховский,UA6506,Khersonska,Херсонська,Херсонская,UA65,Ukraine,Україна,Украина,UA,245.6192336,1,8,portrait,33.40344352,46.66805411,81400000,Council,Рада,6523500000,6510770800,UA65060250000073379
Khrestivska,Хрестівська,Крестовская,UA6506027,Kakhovskyi,Каховський,Каховский,UA6506,Khersonska,Херсонська,Херсонская,UA65,Ukraine,Україна,Украина,UA,274.2053557,1,9,portrait,33.69936351,46.41459357,81400000,Council,Рада,6523500000,6525481500,UA65060270000020124
Chaplynska,Чаплинська,Чаплинская,UA6506029,Kakhovskyi,Каховський,Каховский,UA6506,Khersonska,Херсонська,Херсонская,UA65,Ukraine,Україна,Украина,UA,641.6639955,1,18,landscape,33.47620077,46.43674907,81400000,Council,Рада,6523500000,6525455100,UA65060290000041992
Bekhterska,Бехтерська,Бехтерская,UA6508001,Skadovskyi,Скадовський,Скадовский,UA6508,Khersonska,Херсонська,Херсонская,UA65,Ukraine,Україна,Украина,UA,522.7950847,1,15,landscape,32.20906246,46.23162315,81400000,Council,Рада,6524700000,6522380500,UA65080010000062554
Holoprystanska,Голопристанська,Голопристанская,UA6508003,Skadovskyi,Скадовський,Скадовский,UA6508,Khersonska,Херсонська,Херсонская,UA65,Ukraine,Україна,Украина,UA,928.7180302,1,14,landscape,32.58413261,46.43906233,81400000,Council,Рада,6524700000,6510300000,UA65080030000058401
Dolmativska,Долматівська,Долматовская,UA6508005,Skadovskyi,Скадовський,Скадовский,UA6508,Khersonska,Херсонська,Херсонская,UA65,Ukraine,Україна,Украина,UA,275.2325851,1,8,landscape,32.47875489,46.25719198,81400000,Council,Рада,6524700000,6522383000,UA65080050000077041
Kalanchatska,Каланчацька,Каланчакская,UA6508007,Skadovskyi,Скадовський,Скадовский,UA6508,Khersonska,Херсонська,Херсонская,UA65,Ukraine,Україна,Украина,UA,723.4312386,1,15,landscape,33.34931797,46.20704263,81400000,Council,Рада,6524700000,6523255100,UA65080070000011930
Lazurnenska,Лазурненська,Лазурненская,UA6508009,Skadovskyi,Скадовський,Скадовский,UA6508,Khersonska,Херсонська,Херсонская,UA65,Ukraine,Україна,Украина,UA,305.2966311,3,7,landscape,32.53547209,46.13038509,81400000,Council,Рада,6524700000,6524755500,UA65080090000034188
Myrnenska,Мирненська,Мирненская,UA6508011,Skadovskyi,Скадовський,Скадовский,UA6508,Khersonska,Херсонська,Херсонская,UA65,Ukraine,Україна,Украина,UA,181.9968202,1,7,portrait,33.5580836,46.25931478,81400000,Council,Рада,6524700000,6523255400,UA65080110000032706
Novomykolaivska,Новомиколаївська,Новониколаевская,UA6508013,Skadovskyi,Скадовський,Скадовский,UA6508,Khersonska,Херсонська,Херсонская,UA65,Ukraine,Україна,Украина,UA,242.5582084,1,7,portrait,32.72464096,46.24663347,81400000,Council,Рада,6524700000,6524782500,UA65080130000090391
Skadovska,Скадовська,Скадовская,UA6508015,Skadovskyi,Скадовський,Скадовский,UA6508,Khersonska,Херсонська,Херсонская,UA65,Ukraine,Україна,Украина,UA,662.1479805,3,28,landscape,33.04185988,46.22045444,81400000,Council,Рада,6524700000,6524710100,UA65080150000042499
Chulakivska,Чулаківська,Чулаковская,UA6508017,Skadovskyi,Скадовський,Скадовский,UA6508,Khersonska,Херсонська,Херсонская,UA65,Ukraine,Україна,Украина,UA,1405.562385,1,13,landscape,32.15880304,46.41437163,81400000,Council,Рада,6524700000,6522386000,UA65080170000067222
Bilozerska,Білозерська,Белозерская,UA6510001,Khersonskyi,Херсонський,Херсонский,UA6510,Khersonska,Херсонська,Херсонская,UA65,Ukraine,Україна,Украина,UA,407.3586616,1,25,landscape,32.38300146,46.602847,81400000,Council,Рада,new,6520355100,UA65100010000048953
Velykokopanivska,Великокопанівська,Великокопановская,UA6510003,Khersonskyi,Херсонський,Херсонский,UA6510,Khersonska,Херсонська,Херсонская,UA65,Ukraine,Україна,Украина,UA,111.2165779,1,3,landscape,32.988244,46.47655781,81400000,Council,Рада,new,6525080500,UA65100030000028786
Vynohradivska,Виноградівська,Виноградовская,UA6510005,Khersonskyi,Херсонський,Херсонский,UA6510,Khersonska,Херсонська,Херсонская,UA65,Ukraine,Україна,Украина,UA,364.1786417,1,7,landscape,32.92872324,46.37820221,81400000,Council,Рада,new,6525081000,UA65100050000017921
Darivska,Дар'ївська,Дарьевская,UA6510007,Khersonskyi,Херсонський,Херсонский,UA6510,Khersonska,Херсонська,Херсонская,UA65,Ukraine,Україна,Украина,UA,443.5611536,1,15,portrait,32.8839982,46.78115414,81400000,Council,Рада,new,6520381000,UA65100070000064512
Muzykivska,Музиківська,Музыковская,UA6510009,Khersonskyi,Херсонський,Херсонский,UA6510,Khersonska,Херсонська,Херсонская,UA65,Ukraine,Україна,Украина,UA,126.4382014,1,5,portrait,32.57338105,46.80429467,81400000,Council,Рада,new,6520383500,UA65100090000097337
Oleshkivska,Олешківська,Алешковская,UA6510011,Khersonskyi,Херсонський,Херсонский,UA6510,Khersonska,Херсонська,Херсонская,UA65,Ukraine,Україна,Украина,UA,799.2772556,1,13,portrait,32.91163192,46.60491219,81400000,Council,Рада,new,6525010100,UA65100110000015344
Stanislavska,Станіславська,Станиславская,UA6510013,Khersonskyi,Херсонський,Херсонский,UA6510,Khersonska,Херсонська,Херсонская,UA65,Ukraine,Україна,Украина,UA,424.0955625,1,4,landscape,32.14250787,46.61047538,81400000,Council,Рада,new,6520386500,UA65100130000084882
Khersonska,Херсонська,Херсонская,UA6510015,Khersonskyi,Херсонський,Херсонский,UA6510,Khersonska,Херсонська,Херсонская,UA65,Ukraine,Україна,Украина,UA,451.4256425,1,16,portrait,32.67489107,46.69709284,81400000,Council,Рада,new,6510100000,UA65100150000057191
Chornobaivska,Чорнобаївська,Чернобаевская,UA6510017,Khersonskyi,Херсонський,Херсонский,UA6510,Khersonska,Херсонська,Херсонская,UA65,Ukraine,Україна,Украина,UA,241.5768967,1,10,landscape,32.42445697,46.76675365,81400000,Council,Рада,new,6520387500,UA65100170000014054
Yuvileina,Ювілейна,Юбилейная,UA6510019,Khersonskyi,Херсонський,Херсонский,UA6510,Khersonska,Херсонська,Херсонская,UA65,Ukraine,Україна,Украина,UA,485.0210886,1,8,landscape,33.23480531,46.54939717,81400000,Council,Рада,new,6525086000,UA65100190000073217
Hukivska,Гуківська,Гуковская,UA6802001,Kamianets-Podilskyi,Кам'янець-Подільський,Каменец-Подольский,UA6802,Khmelnytska,Хмельницька,Хмельницкая,UA68,Ukraine,Україна,Украина,UA,95.30844076,1,8,portrait,26.26655552,48.84011166,81400000,Council,Рада,6822400000,6825282000,UA68020010000017180
Humenetska,Гуменецька,Гуменецкая,UA6802003,Kamianets-Podilskyi,Кам'янець-Подільський,Каменец-Подольский,UA6802,Khmelnytska,Хмельницька,Хмельницкая,UA68,Ukraine,Україна,Украина,UA,284.8999294,1,23,landscape,26.57556377,48.7859627,81400000,Council,Рада,6822400000,6822481800,UA68020030000032574
Dunaievetska,Дунаєвецька,Дунаевецкая,UA6802005,Kamianets-Podilskyi,Кам'янець-Подільський,Каменец-Подольский,UA6802,Khmelnytska,Хмельницька,Хмельницкая,UA68,Ukraine,Україна,Украина,UA,660.4954797,1,51,landscape,26.91984294,48.84602478,81400000,Council,Рада,6822400000,6821810100,UA68020050000040518
Zhvanetska,Жванецька,Жванецкая,UA6802007,Kamianets-Podilskyi,Кам'янець-Подільський,Каменец-Подольский,UA6802,Khmelnytska,Хмельницька,Хмельницкая,UA68,Ukraine,Україна,Украина,UA,249.1063668,1,23,landscape,26.55703338,48.54118987,81400000,Council,Рада,6822400000,6822482700,UA68020070000084437
Zakupnenska,Закупненська,Закупненская,UA6802009,Kamianets-Podilskyi,Кам'янець-Подільський,Каменец-Подольский,UA6802,Khmelnytska,Хмельницька,Хмельницкая,UA68,Ukraine,Україна,Украина,UA,177.2216434,1,14,landscape,26.32936861,49.12026818,81400000,Council,Рада,6822400000,6825255400,UA68020090000037732
Kamianets-Podilska,Кам'янець-Подільська,Каменец-Подольская,UA6802011,Kamianets-Podilskyi,Кам'янець-Подільський,Каменец-Подольский,UA6802,Khmelnytska,Хмельницька,Хмельницкая,UA68,Ukraine,Україна,Украина,UA,175.0561863,1,13,landscape,26.51232609,48.62560445,81400000,Council,Рада,6822400000,6810400000,UA68020110000071202
Kytaihorodska,Китайгородська,Китайгородская,UA6802013,Kamianets-Podilskyi,Кам'янець-Подільський,Каменец-Подольский,UA6802,Khmelnytska,Хмельницька,Хмельницкая,UA68,Ukraine,Україна,Украина,UA,190.598489,1,13,portrait,26.86644058,48.62401954,81400000,Council,Рада,6822400000,6822483900,UA68020130000052994
Makivska,Маківська,Маковская,UA6802015,Kamianets-Podilskyi,Кам'янець-Подільський,Каменец-Подольский,UA6802,Khmelnytska,Хмельницька,Хмельницкая,UA68,Ukraine,Україна,Украина,UA,105.8928049,1,8,landscape,26.72422192,48.79785681,81400000,Council,Рада,6822400000,6821884700,UA68020150000089666
Novounaievetska,Новодунаєвецька,Новодунаевецкая,UA6802017,Kamianets-Podilskyi,Кам'янець-Подільський,Каменец-Подольский,UA6802,Khmelnytska,Хмельницька,Хмельницкая,UA68,Ukraine,Україна,Украина,UA,255.9415584,2,18,landscape,26.8272908,49.01603157,81400000,Council,Рада,6822400000,6821855300,UA68020170000033495
Novoushytska,Новоушицька,Новоушицкая,UA6802019,Kamianets-Podilskyi,Кам'янець-Подільський,Каменец-Подольский,UA6802,Khmelnytska,Хмельницька,Хмельницкая,UA68,Ukraine,Україна,Украина,UA,852.4575668,1,59,portrait,27.24641035,48.72606356,81400000,Council,Рада,6822400000,6823355100,UA68020190000052031
Orynynska,Орининська,Орининская,UA6802021,Kamianets-Podilskyi,Кам'янець-Подільський,Каменец-Подольский,UA6802,Khmelnytska,Хмельницька,Хмельницкая,UA68,Ukraine,Україна,Украина,UA,230.6402511,1,17,landscape,26.36117282,48.73801259,81400000,Council,Рада,6822400000,6822485700,UA68020210000024765
Slobidsko-Kulchiievetska,Слобідсько-Кульчієвецька,Слободско-Кульчиевецкая,UA6802023,Kamianets-Podilskyi,Кам'янець-Подільський,Каменец-Подольский,UA6802,Khmelnytska,Хмельницька,Хмельницкая,UA68,Ukraine,Україна,Украина,UA,253.2833669,1,23,portrait,26.69056012,48.6571699,81400000,Council,Рада,6822400000,6822487400,UA68020230000069135
Smotrytska,Смотрицька,Смотричская,UA6802025,Kamianets-Podilskyi,Кам'янець-Подільський,Каменец-Подольский,UA6802,Khmelnytska,Хмельницька,Хмельницкая,UA68,Ukraine,Україна,Украина,UA,156.0604266,1,9,portrait,26.59214612,48.94897841,81400000,Council,Рада,6822400000,6821855700,UA68020250000080044
Staroushytska,Староушицька,Староушицкая,UA6802027,Kamianets-Podilskyi,Кам'янець-Подільський,Каменец-Подольский,UA6802,Khmelnytska,Хмельницька,Хмельницкая,UA68,Ukraine,Україна,Украина,UA,215.8268956,1,13,landscape,26.99900188,48.67037712,81400000,Council,Рада,6822400000,6822455800,UA68020270000040572
Chemerovetska,Чемеровецька,Чемеровецкая,UA6802029,Kamianets-Podilskyi,Кам'янець-Подільський,Каменец-Подольский,UA6802,Khmelnytska,Хмельницька,Хмельницкая,UA68,Ukraine,Україна,Украина,UA,619.82995,1,46,portrait,26.37829061,48.96560152,81400000,Council,Рада,6822400000,6825255100,UA68020290000026103
Antoninska,Антонінська,Антонинская,UA6804001,Khmelnytskyi,Хмельницький,Хмельницкий,UA6804,Khmelnytska,Хмельницька,Хмельницкая,UA68,Ukraine,Україна,Украина,UA,392.209291,1,34,landscape,26.81389284,49.82938463,81400000,Council,Рада,6825000000,6822755200,UA68040010000025276
Viitovetska,Війтовецька,Войтовецкая,UA6804003,Khmelnytskyi,Хмельницький,Хмельницкий,UA6804,Khmelnytska,Хмельницька,Хмельницкая,UA68,Ukraine,Україна,Украина,UA,269.4259029,1,19,portrait,26.44293429,49.46335705,81400000,Council,Рада,6825000000,6820955300,UA68040030000027335
Vinkovetska,Віньковецька,Виньковецкая,UA6804005,Khmelnytskyi,Хмельницький,Хмельницкий,UA6804,Khmelnytska,Хмельницька,Хмельницкая,UA68,Ukraine,Україна,Украина,UA,521.732444,1,30,portrait,27.26875697,49.02456416,81400000,Council,Рада,6825000000,6820655100,UA68040050000052367
Vovkovynetska,Вовковинецька,Волковинецкая,UA6804007,Khmelnytskyi,Хмельницький,Хмельницкий,UA6804,Khmelnytska,Хмельницька,Хмельницкая,UA68,Ukraine,Україна,Украина,UA,259.9412698,1,21,landscape,27.65928665,49.19952826,81400000,Council,Рада,6825000000,6821555400,UA68040070000035730
Volochyska,Волочиська,Волочисская,UA6804009,Khmelnytskyi,Хмельницький,Хмельницкий,UA6804,Khmelnytska,Хмельницька,Хмельницкая,UA68,Ukraine,Україна,Украина,UA,619.6483358,1,53,portrait,26.33275808,49.58469381,81400000,Council,Рада,6825000000,6820910100,UA68040090000087566
Hvardiiska,Гвардійська,Гвардейская,UA6804011,Khmelnytskyi,Хмельницький,Хмельницкий,UA6804,Khmelnytska,Хмельницька,Хмельницкая,UA68,Ukraine,Україна,Украина,UA,170.5068607,1,11,landscape,26.6516634,49.37234706,81400000,Council,Рада,6825000000,6825081500,UA68040110000011931
Horodotska,Городоцька,Городокская,UA6804013,Khmelnytskyi,Хмельницький,Хмельницкий,UA6804,Khmelnytska,Хмельницька,Хмельницкая,UA68,Ukraine,Україна,Украина,UA,772.0471211,1,48,portrait,26.57147815,49.1931033,81400000,Council,Рада,6825000000,6821210100,UA68040130000024471
Derazhnianska,Деражнянська,Деражнянская,UA6804015,Khmelnytskyi,Хмельницький,Хмельницкий,UA6804,Khmelnytska,Хмельницька,Хмельницкая,UA68,Ukraine,Україна,Украина,UA,619.4118698,1,39,landscape,27.38036756,49.23299457,81400000,Council,Рада,6825000000,6821510100,UA68040150000077185
Zasluchnenska,Заслучненська,Заслучненская,UA6804017,Khmelnytskyi,Хмельницький,Хмельницкий,UA6804,Khmelnytska,Хмельницька,Хмельницкая,UA68,Ukraine,Україна,Украина,UA,201.5235947,1,21,landscape,26.73665669,49.63882296,81400000,Council,Рада,6825000000,6822783400,UA68040170000061140
Zinkivska,Зіньківська,Зиньковская,UA6804019,Khmelnytskyi,Хмельницький,Хмельницкий,UA6804,Khmelnytska,Хмельницька,Хмельницкая,UA68,Ukraine,Україна,Украина,UA,141.901814,1,6,portrait,27.05946632,49.08747592,81400000,Council,Рада,6825000000,6820683500,UA68040190000021840
Krasylivska,Красилівська,Красиловская,UA6804021,Khmelnytskyi,Хмельницький,Хмельницкий,UA6804,Khmelnytska,Хмельницька,Хмельницкая,UA68,Ukraine,Україна,Украина,UA,444.7268173,1,31,landscape,26.89500118,49.70841934,81400000,Council,Рада,6825000000,6822710100,UA68040210000089917
Letychivska,Летичівська,Летичевская,UA6804023,Khmelnytskyi,Хмельницький,Хмельницкий,UA6804,Khmelnytska,Хмельницька,Хмельницкая,UA68,Ukraine,Україна,Украина,UA,631.7307783,1,45,portrait,27.64454694,49.37646335,81400000,Council,Рада,6825000000,6823055100,UA68040230000081901
Lisovohrynivetska,Лісовогринівецька,Лесовогриневецкая,UA6804025,Khmelnytskyi,Хмельницький,Хмельницкий,UA6804,Khmelnytska,Хмельницька,Хмельницкая,UA68,Ukraine,Україна,Украина,UA,253.0464246,1,14,landscape,27.11140164,49.50324946,81400000,Council,Рада,6825000000,6825083600,UA68040250000053378
Medzhybizka,Меджибізька,Меджибожская,UA6804027,Khmelnytskyi,Хмельницький,Хмельницкий,UA6804,Khmelnytska,Хмельницька,Хмельницкая,UA68,Ukraine,Україна,Украина,UA,322.3294478,1,12,portrait,27.39748315,49.43903388,81400000,Council,Рада,6825000000,6823055400,UA68040270000072985
Myroliubnenska,Миролюбненська,Миролюбненская,UA6804029,Khmelnytskyi,Хмельницький,Хмельницкий,UA6804,Khmelnytska,Хмельницька,Хмельницкая,UA68,Ukraine,Україна,Украина,UA,214.1831714,1,15,landscape,27.22963077,49.63364979,81400000,Council,Рада,6825000000,6824285600,UA68040290000010822
Narkevytska,Наркевицька,Наркевичская,UA6804031,Khmelnytskyi,Хмельницький,Хмельницкий,UA6804,Khmelnytska,Хмельницька,Хмельницкая,UA68,Ukraine,Україна,Украина,UA,216.4683421,1,16,portrait,26.59819724,49.57932483,81400000,Council,Рада,6825000000,6820955700,UA68040310000052042
Rozsoshanska,Розсошанська,Россошанская,UA6804033,Khmelnytskyi,Хмельницький,Хмельницкий,UA6804,Khmelnytska,Хмельницька,Хмельницкая,UA68,Ukraine,Україна,Украина,UA,335.4156825,1,26,landscape,27.01697011,49.31557455,81400000,Council,Рада,6825000000,6825087200,UA68040330000086970
Satanivska,Сатанівська,Сатановская,UA6804035,Khmelnytskyi,Хмельницький,Хмельницкий,UA6804,Khmelnytska,Хмельницька,Хмельницкая,UA68,Ukraine,Україна,Украина,UA,338.9483648,1,26,portrait,26.30480788,49.23971293,81400000,Council,Рада,6825000000,6821255500,UA68040350000083350
Solobkovetska,Солобковецька,Солобковецкая,UA6804037,Khmelnytskyi,Хмельницький,Хмельницкий,UA6804,Khmelnytska,Хмельницька,Хмельницкая,UA68,Ukraine,Україна,Украина,UA,156.6686821,1,10,landscape,26.92107807,49.09417578,81400000,Council,Рада,6825000000,6825887200,UA68040370000082743
Starokostiantynivska,Старокостянтинівська,Староконстантиновская,UA6804039,Khmelnytskyi,Хмельницький,Хмельницкий,UA6804,Khmelnytska,Хмельницька,Хмельницкая,UA68,Ukraine,Україна,Украина,UA,794.2545682,1,67,landscape,27.23979202,49.78602136,81400000,Council,Рада,6825000000,6810800000,UA68040390000011141
Staroostropilska,Староостропільська,Староостропольская,UA6804041,Khmelnytskyi,Хмельницький,Хмельницкий,UA6804,Khmelnytska,Хмельницька,Хмельницкая,UA68,Ukraine,Україна,Украина,UA,261.2809827,1,17,portrait,27.55465459,49.8012966,81400000,Council,Рада,6825000000,6824288600,UA68040410000062890
Starosyniavska,Старосинявська,Старосинявская,UA6804043,Khmelnytskyi,Хмельницький,Хмельницкий,UA6804,Khmelnytska,Хмельницька,Хмельницкая,UA68,Ukraine,Україна,Украина,UA,662.112384,1,45,portrait,27.63341486,49.60850422,81400000,Council,Рада,6825000000,6824455100,UA68040430000052699
Teofipolska,Теофіпольська,Теофипольская,UA6804045,Khmelnytskyi,Хмельницький,Хмельницкий,UA6804,Khmelnytska,Хмельницька,Хмельницкая,UA68,Ukraine,Україна,Украина,UA,715.8442486,1,55,portrait,26.44327807,49.79756634,81400000,Council,Рада,6825000000,6824755100,UA68040450000097735
Khmelnytska,Хмельницька,Хмельницкая,UA6804047,Khmelnytskyi,Хмельницький,Хмельницкий,UA6804,Khmelnytska,Хмельницька,Хмельницкая,UA68,Ukraine,Україна,Украина,UA,494.0425395,1,25,landscape,27.13307661,49.39672021,81400000,Council,Рада,6825000000,6810100000,UA68040470000053519
Chornoostrivska,Чорноострівська,Черноостровская,UA6804049,Khmelnytskyi,Хмельницький,Хмельницкий,UA6804,Khmelnytska,Хмельницька,Хмельницкая,UA68,Ukraine,Україна,Украина,UA,280.031438,3,21,landscape,26.77079831,49.49175949,81400000,Council,Рада,6825000000,6825055500,UA68040490000093353
Shchyborivska,Щиборівська,Щиборовская,UA6804051,Khmelnytskyi,Хмельницький,Хмельницкий,UA6804,Khmelnytska,Хмельницька,Хмельницкая,UA68,Ukraine,Україна,Украина,UA,121.3193861,1,8,portrait,27.07285497,49.66277623,81400000,Council,Рада,6825000000,6822789500,UA68040510000019366
Yarmolynetska,Ярмолинецька,Ярмолинецкая,UA6804053,Khmelnytskyi,Хмельницький,Хмельницкий,UA6804,Khmelnytska,Хмельницька,Хмельницкая,UA68,Ukraine,Україна,Украина,UA,547.715586,1,34,landscape,26.89562942,49.21039944,81400000,Council,Рада,6825000000,6825855100,UA68040530000044109
Berezdivska,Берездівська,Берездовская,UA6806001,Shepetivskyi,Шепетівський,Шепетовский,UA6806,Khmelnytska,Хмельницька,Хмельницкая,UA68,Ukraine,Україна,Украина,UA,317.9336572,1,27,portrait,27.16791088,50.47277108,81400000,Council,Рада,6825500000,6823980600,UA68060010000056690
Bilohirska,Білогірська,Белогорская,UA6806003,Shepetivskyi,Шепетівський,Шепетовский,UA6806,Khmelnytska,Хмельницька,Хмельницкая,UA68,Ukraine,Україна,Украина,UA,614.8911922,2,61,portrait,26.37990662,50.04106435,81400000,Council,Рада,6825500000,6820355100,UA68060030000077318
Hannopilska,Ганнопільська,Аннопольская,UA6806005,Shepetivskyi,Шепетівський,Шепетовский,UA6806,Khmelnytska,Хмельницька,Хмельницкая,UA68,Ukraine,Україна,Украина,UA,199.3499821,1,16,landscape,26.89255574,50.46606623,81400000,Council,Рада,6825500000,6823980300,UA68060050000037587
Hrytsivska,Грицівська,Грицевская,UA6806007,Shepetivskyi,Шепетівський,Шепетовский,UA6806,Khmelnytska,Хмельницька,Хмельницкая,UA68,Ukraine,Україна,Украина,UA,200.9438633,1,15,portrait,27.26465855,49.95765601,81400000,Council,Рада,6825500000,6825555300,UA68060070000048275
Iziaslavska,Ізяславська,Изяславская,UA6806009,Shepetivskyi,Шепетівський,Шепетовский,UA6806,Khmelnytska,Хмельницька,Хмельницкая,UA68,Ukraine,Україна,Украина,UA,644.9298958,1,46,portrait,26.80252276,50.12636964,81400000,Council,Рада,6825500000,6822110100,UA68060090000093924
Krupetska,Крупецька,Крупецкая,UA6806011,Shepetivskyi,Шепетівський,Шепетовский,UA6806,Khmelnytska,Хмельницька,Хмельницкая,UA68,Ukraine,Україна,Украина,UA,190.6367493,1,11,portrait,26.76704228,50.30827302,81400000,Council,Рада,6825500000,6823984000,UA68060110000046608
Lenkovetska,Ленковецька,Ленковецкая,UA6806013,Shepetivskyi,Шепетівський,Шепетовский,UA6806,Khmelnytska,Хмельницька,Хмельницкая,UA68,Ukraine,Україна,Украина,UA,260.3158808,1,17,portrait,27.06024973,49.9956211,81400000,Council,Рада,6825500000,6825583800,UA68060130000034298
Mykhailiutska,Михайлюцька,Михайлючская,UA6806015,Shepetivskyi,Шепетівський,Шепетовский,UA6806,Khmelnytska,Хмельницька,Хмельницкая,UA68,Ukraine,Україна,Украина,UA,268.0092785,1,18,landscape,27.24757454,50.29881589,81400000,Council,Рада,6825500000,6825584600,UA68060150000029549
Netishynska,Нетішинська,Нетешинская,UA6806017,Shepetivskyi,Шепетівський,Шепетовский,UA6806,Khmelnytska,Хмельницька,Хмельницкая,UA68,Ukraine,Україна,Украина,UA,95.38093985,1,3,portrait,26.63472272,50.33567883,81400000,Council,Рада,6825500000,6810500000,UA68060170000075276
Pluzhnenska,Плужненська,Плужненская,UA6806019,Shepetivskyi,Шепетівський,Шепетовский,UA6806,Khmelnytska,Хмельницька,Хмельницкая,UA68,Ukraine,Україна,Украина,UA,354.2013233,1,23,landscape,26.50477259,50.20164714,81400000,Council,Рада,6825500000,6822185100,UA68060190000075749
Polonska,Полонська,Полонская,UA6806021,Shepetivskyi,Шепетівський,Шепетовский,UA6806,Khmelnytska,Хмельницька,Хмельницкая,UA68,Ukraine,Україна,Украина,UA,617.3399376,1,35,portrait,27.46308193,50.05734964,81400000,Council,Рада,6825500000,6823610100,UA68060210000095851
Poninkivska,Понінківська,Понинковская,UA6806023,Shepetivskyi,Шепетівський,Шепетовский,UA6806,Khmelnytska,Хмельницька,Хмельницкая,UA68,Ukraine,Україна,Украина,UA,170.3623964,1,7,landscape,27.47989157,50.19979814,81400000,Council,Рада,6825500000,6823655400,UA68060230000028195
Sakhnovetska,Сахновецька,Сахновецкая,UA6806025,Shepetivskyi,Шепетівський,Шепетовский,UA6806,Khmelnytska,Хмельницька,Хмельницкая,UA68,Ukraine,Україна,Украина,UA,255.2486538,1,23,landscape,26.80637941,49.94700469,81400000,Council,Рада,6825500000,6822186600,UA68060250000078635
Slavutska,Славутська,Славутская,UA6806027,Shepetivskyi,Шепетівський,Шепетовский,UA6806,Khmelnytska,Хмельницька,Хмельницкая,UA68,Ukraine,Україна,Украина,UA,72.76770242,1,3,landscape,26.84093375,50.24890903,81400000,Council,Рада,6825500000,6810600000,UA68060270000042174
Sudylkivska,Судилківська,Судилковская,UA6806029,Shepetivskyi,Шепетівський,Шепетовский,UA6806,Khmelnytska,Хмельницька,Хмельницкая,UA68,Ukraine,Україна,Украина,UA,374.1789777,1,21,landscape,27.21299041,50.18365796,81400000,Council,Рада,6825500000,6825588500,UA68060290000039941
Ulashanivska,Улашанівська,Улашановская,UA6806031,Shepetivskyi,Шепетівський,Шепетовский,UA6806,Khmelnytska,Хмельницька,Хмельницкая,UA68,Ukraine,Україна,Украина,UA,377.1170809,1,21,portrait,26.97465719,50.3629269,81400000,Council,Рада,6825500000,6823987700,UA68060310000022172
Shepetivska,Шепетівська,Шепетовская,UA6806033,Shepetivskyi,Шепетівський,Шепетовский,UA6806,Khmelnytska,Хмельницька,Хмельницкая,UA68,Ukraine,Україна,Украина,UA,172.5291727,1,4,portrait,27.000242,50.17473075,81400000,Council,Рада,6825500000,6810700000,UA68060330000029010
Yampilska,Ямпільська,Ямпольская,UA6806035,Shepetivskyi,Шепетівський,Шепетовский,UA6806,Khmelnytska,Хмельницька,Хмельницкая,UA68,Ukraine,Україна,Украина,UA,160.3029095,1,13,landscape,26.23938474,49.92384592,81400000,Council,Рада,6825500000,6820355600,UA68060350000035460
Buzhanska,Бужанська,Бужанская,UA7102001,Zvenyhorodskyi,Звенигородський,Звенигородский,UA7102,Cherkaska,Черкаська,Черкасская,UA71,Ukraine,Україна,Украина,UA,132.9243302,1,8,landscape,30.726727,49.21572576,81400000,Council,Рада,7121200000,7122881600,UA71020010000037786
Vatutinska,Ватутінська,Ватутинская,UA7102003,Zvenyhorodskyi,Звенигородський,Звенигородский,UA7102,Cherkaska,Черкаська,Черкасская,UA71,Ukraine,Україна,Украина,UA,107.9671733,1,5,landscape,31.10240543,48.99175721,81400000,Council,Рада,7121200000,7110200000,UA71020030000059581
Vynohradska,Виноградська,Виноградская,UA7102005,Zvenyhorodskyi,Звенигородський,Звенигородский,UA7102,Cherkaska,Черкаська,Черкасская,UA71,Ukraine,Україна,Украина,UA,210.0061562,1,9,portrait,30.56054402,49.22873462,81400000,Council,Рада,7121200000,7122882000,UA71020050000074004
Vilshanska,Вільшанська,Ольшанская,UA7102007,Zvenyhorodskyi,Звенигородський,Звенигородский,UA7102,Cherkaska,Черкаська,Черкасская,UA71,Ukraine,Україна,Украина,UA,287.4275338,1,17,landscape,31.2712605,49.18961932,81400000,Council,Рада,7121200000,7120355400,UA71020070000078820
Vodianytska,Водяницька,Водяникская,UA7102009,Zvenyhorodskyi,Звенигородський,Звенигородский,UA7102,Cherkaska,Черкаська,Черкасская,UA71,Ukraine,Україна,Украина,UA,307.0538184,1,14,landscape,30.78311729,49.10230462,81400000,Council,Рада,7121200000,7121281600,UA71020090000047211
Yerkivska,Єрківська,Ерковская,UA7102011,Zvenyhorodskyi,Звенигородський,Звенигородский,UA7102,Cherkaska,Черкаська,Черкасская,UA71,Ukraine,Україна,Украина,UA,52.44385256,1,3,portrait,30.99201668,48.99286179,81400000,Council,Рада,7121200000,7122255400,UA71020110000015834
Zvenyhorodska,Звенигородська,Звенигородская,UA7102013,Zvenyhorodskyi,Звенигородський,Звенигородский,UA7102,Cherkaska,Черкаська,Черкасская,UA71,Ukraine,Україна,Украина,UA,494.2069616,1,16,portrait,30.94517904,49.14943266,81400000,Council,Рада,7121200000,7121210100,UA71020130000086047
Katerynopilska,Катеринопільська,Катеринопольская,UA7102015,Zvenyhorodskyi,Звенигородський,Звенигородский,UA7102,Cherkaska,Черкаська,Черкасская,UA71,Ukraine,Україна,Украина,UA,442.2154712,1,21,landscape,31.0376152,48.83608135,81400000,Council,Рада,7121200000,7122255100,UA71020150000082849
Lypianska,Лип'янська,Липянская,UA7102017,Zvenyhorodskyi,Звенигородський,Звенигородский,UA7102,Cherkaska,Черкаська,Черкасская,UA71,Ukraine,Україна,Украина,UA,215.5455318,1,13,portrait,31.40212767,48.80678108,81400000,Council,Рада,7121200000,7125784000,UA71020170000024193
Lysianska,Лисянська,Лысянская,UA7102019,Zvenyhorodskyi,Звенигородський,Звенигородский,UA7102,Cherkaska,Черкаська,Черкасская,UA71,Ukraine,Україна,Украина,UA,375.699641,1,20,landscape,30.85663039,49.28891646,81400000,Council,Рада,7121200000,7122855100,UA71020190000034403
Matusivska,Матусівська,Матусовская,UA7102021,Zvenyhorodskyi,Звенигородський,Звенигородский,UA7102,Cherkaska,Черкаська,Черкасская,UA71,Ukraine,Україна,Украина,UA,105.0646485,1,2,landscape,31.57027424,49.04165107,81400000,Council,Рада,7121200000,7125785200,UA71020210000030936
Mokrokalyhirska,Мокрокалигірська,Мокрокалигорская,UA7102023,Zvenyhorodskyi,Звенигородський,Звенигородский,UA7102,Cherkaska,Черкаська,Черкасская,UA71,Ukraine,Україна,Украина,UA,177.2511945,1,9,portrait,31.21505027,48.80907773,81400000,Council,Рада,7121200000,7122283700,UA71020230000095267
Selyshchenska,Селищенська,Селищенская,UA7102025,Zvenyhorodskyi,Звенигородський,Звенигородский,UA7102,Cherkaska,Черкаська,Черкасская,UA71,Ukraine,Україна,Украина,UA,268.0610852,1,16,portrait,31.22334064,49.29809345,81400000,Council,Рада,7121200000,7122587600,UA71020250000078192
Steblivska,Стеблівська,Стеблевская,UA7102027,Zvenyhorodskyi,Звенигородський,Звенигородский,UA7102,Cherkaska,Черкаська,Черкасская,UA71,Ukraine,Україна,Украина,UA,262.1885194,1,16,portrait,31.03788551,49.38944084,81400000,Council,Рада,7121200000,7122555500,UA71020270000021083
Talnivska,Тальнівська,Тальновская,UA7102029,Zvenyhorodskyi,Звенигородський,Звенигородский,UA7102,Cherkaska,Черкаська,Черкасская,UA71,Ukraine,Україна,Украина,UA,918.1302741,1,43,portrait,30.64423991,48.92108793,81400000,Council,Рада,7121200000,7124010100,UA71020290000032540
Shevchenkivska,Шевченківська,Шевченковская,UA7102031,Zvenyhorodskyi,Звенигородський,Звенигородский,UA7102,Cherkaska,Черкаська,Черкасская,UA71,Ukraine,Україна,Украина,UA,140.4183865,1,9,portrait,31.08248086,49.17878394,81400000,Council,Рада,7121200000,7121289200,UA71020310000027379
Shpolianska,Шполянська,Шполянская,UA7102033,Zvenyhorodskyi,Звенигородський,Звенигородский,UA7102,Cherkaska,Черкаська,Черкасская,UA71,Ukraine,Україна,Украина,UA,783.9768657,1,22,landscape,31.35895121,48.9802249,81400000,Council,Рада,7121200000,7125710100,UA71020330000027449
Velykokhutirska,Великохутірська,Великохуторская,UA7104001,Zolotoniskyi,Золотоніський,Золотоношский,UA7104,Cherkaska,Черкаська,Черкасская,UA71,Ukraine,Україна,Украина,UA,151.0882248,2,5,landscape,32.04552202,49.8760843,81400000,Council,Рада,7121500000,7120682600,UA71040010000032874
Voznesenska,Вознесенська,Вознесенская,UA7104003,Zolotoniskyi,Золотоніський,Золотоношский,UA7104,Cherkaska,Черкаська,Черкасская,UA71,Ukraine,Україна,Украина,UA,107.4327524,1,8,portrait,32.16685954,49.73348094,81400000,Council,Рада,7121500000,7121582000,UA71040030000055285
Helmiazivska,Гельмязівська,Гельмязовская,UA7104005,Zolotoniskyi,Золотоніський,Золотоношский,UA7104,Cherkaska,Черкаська,Черкасская,UA71,Ukraine,Україна,Украина,UA,306.0979714,1,12,portrait,31.86674655,49.8385848,81400000,Council,Рада,7121500000,7121582300,UA71040050000016509
Drabivska,Драбівська,Драбовская,UA7104007,Zolotoniskyi,Золотоніський,Золотоношский,UA7104,Cherkaska,Черкаська,Черкасская,UA71,Ukraine,Україна,Украина,UA,473.0111277,1,18,landscape,32.18910705,49.94927479,81400000,Council,Рада,7121500000,7120655100,UA71040070000034468
Zolotoniska,Золотоніська,Золотоношская,UA7104009,Zolotoniskyi,Золотоніський,Золотоношский,UA7104,Cherkaska,Черкаська,Черкасская,UA71,Ukraine,Україна,Украина,UA,410.6894306,1,15,portrait,32.06492877,49.55745538,81400000,Council,Рада,7121500000,7110400000,UA71040090000047664
Zorivska,Зорівська,Зоревская,UA7104011,Zolotoniskyi,Золотоніський,Золотоношский,UA7104,Cherkaska,Черкаська,Черкасская,UA71,Ukraine,Україна,Украина,UA,174.1477649,1,9,portrait,32.26964034,49.83428565,81400000,Council,Рада,7121500000,7121584700,UA71040110000054881
Irkliivska,Іркліївська,Ирклиевская,UA7104013,Zolotoniskyi,Золотоніський,Золотоношский,UA7104,Cherkaska,Черкаська,Черкасская,UA71,Ukraine,Україна,Украина,UA,942.6929674,1,26,landscape,32.39844837,49.47795472,81400000,Council,Рада,7121500000,7125182800,UA71040130000029175
Novodmytrivska,Новодмитрівська,Новодмитровская,UA7104015,Zolotoniskyi,Золотоніський,Золотоношский,UA7104,Cherkaska,Черкаська,Черкасская,UA71,Ukraine,Україна,Украина,UA,389.8990614,1,18,portrait,32.03440167,49.7497228,81400000,Council,Рада,7121500000,7121587800,UA71040150000026547
Pishchanska,Піщанська,Песчанская,UA7104017,Zolotoniskyi,Золотоніський,Золотоношский,UA7104,Cherkaska,Черкаська,Черкасская,UA71,Ukraine,Україна,Украина,UA,241.0728451,1,8,portrait,31.79080351,49.74237348,81400000,Council,Рада,7121500000,7121588200,UA71040170000034734
Chornobaivska,Чорнобаївська,Чернобаевская,UA7104019,Zolotoniskyi,Золотоніський,Золотоношский,UA7104,Cherkaska,Черкаська,Черкасская,UA71,Ukraine,Україна,Украина,UA,639.574603,1,26,landscape,32.45330545,49.68430961,81400000,Council,Рада,7121500000,7125155100,UA71040190000080571
Shramkivska,Шрамківська,Шрамковская,UA7104021,Zolotoniskyi,Золотоніський,Золотоношский,UA7104,Cherkaska,Черкаська,Черкасская,UA71,Ukraine,Україна,Украина,UA,420.9859865,1,23,landscape,32.09038646,50.11922684,81400000,Council,Рада,7121500000,7120689500,UA71040210000024694
Babanska,Бабанська,Бабанская,UA7106001,Umanskyi,Уманський,Уманский,UA7106,Cherkaska,Черкаська,Черкасская,UA71,Ukraine,Україна,Украина,UA,275.4532272,1,12,portrait,30.48940956,48.68643035,81400000,Council,Рада,7124300000,7124355300,UA71060010000027807
Bashtechkivska,Баштечківська,Баштечковская,UA7106003,Umanskyi,Уманський,Уманский,UA7106,Cherkaska,Черкаська,Черкасская,UA71,Ukraine,Україна,Украина,UA,179.8984085,1,8,portrait,30.33126678,49.22704433,81400000,Council,Рада,7124300000,7120980800,UA71060030000053648
Butska,Буцька,Букская,UA7106005,Umanskyi,Уманський,Уманский,UA7106,Cherkaska,Черкаська,Черкасская,UA71,Ukraine,Україна,Украина,UA,190.3926667,2,8,landscape,30.39609036,49.13537998,81400000,Council,Рада,7124300000,7123155300,UA71060050000056084
Dmytrushkivska,Дмитрушківська,Дмитрушковская,UA7106007,Umanskyi,Уманський,Уманский,UA7106,Cherkaska,Черкаська,Черкасская,UA71,Ukraine,Україна,Украина,UA,311.9453698,1,12,portrait,30.37234146,48.80417116,81400000,Council,Рада,7124300000,7124382500,UA71060070000098837
Zhashkivska,Жашківська,Жашковская,UA7106009,Umanskyi,Уманський,Уманский,UA7106,Cherkaska,Черкаська,Черкасская,UA71,Ukraine,Україна,Украина,UA,726.4027342,1,28,portrait,30.05292957,49.19679509,81400000,Council,Рада,7124300000,7120910100,UA71060090000088339
Ivankivska,Іваньківська,Иваньковская,UA7106011,Umanskyi,Уманський,Уманский,UA7106,Cherkaska,Черкаська,Черкасская,UA71,Ukraine,Україна,Украина,UA,154.8930586,1,6,portrait,30.4669978,49.02257326,81400000,Council,Рада,7124300000,7123182500,UA71060110000085867
Ladyzhynska,Ладижинська,Ладыжинская,UA7106013,Umanskyi,Уманський,Уманский,UA7106,Cherkaska,Черкаська,Черкасская,UA71,Ukraine,Україна,Украина,UA,322.5119922,1,11,landscape,30.267095,48.5700437,81400000,Council,Рада,7124300000,7124385100,UA71060130000099511
Mankivska,Маньківська,Маньковская,UA7106015,Umanskyi,Уманський,Уманский,UA7106,Cherkaska,Черкаська,Черкасская,UA71,Ukraine,Україна,Украина,UA,478.3500341,1,19,landscape,30.26936528,48.9640288,81400000,Council,Рада,7124300000,7123155100,UA71060150000062190
Monastyryshchenska,Монастирищенська,Монастырищенская,UA7106017,Umanskyi,Уманський,Уманский,UA7106,Cherkaska,Черкаська,Черкасская,UA71,Ukraine,Україна,Украина,UA,719.3432464,1,41,landscape,29.84091105,49.04598618,81400000,Council,Рада,7124300000,7123410100,UA71060170000092613
Palanska,Паланська,Паланская,UA7106019,Umanskyi,Уманський,Уманский,UA7106,Cherkaska,Черкаська,Черкасская,UA71,Ukraine,Україна,Украина,UA,483.2656311,4,18,portrait,30.10691738,48.71787679,81400000,Council,Рада,7124300000,7124386100,UA71060190000086831
Umanska,Уманська,Уманская,UA7106021,Umanskyi,Уманський,Уманский,UA7106,Cherkaska,Черкаська,Черкасская,UA71,Ukraine,Україна,Украина,UA,67.45476116,1,2,portrait,30.2187653,48.7394423,81400000,Council,Рада,7124300000,7110800000,UA71060210000032972
Khrystynivska,Христинівська,Христиновская,UA7106023,Umanskyi,Уманський,Уманский,UA7106,Cherkaska,Черкаська,Черкасская,UA71,Ukraine,Україна,Украина,UA,607.7959064,1,34,portrait,29.95733614,48.81222558,81400000,Council,Рада,7124300000,7124610100,UA71060230000095772
Balakleivska,Балаклеївська,Балаклеевская,UA7108001,Cherkaskyi,Черкаський,Черкасский,UA7108,Cherkaska,Черкаська,Черкасская,UA71,Ukraine,Україна,Украина,UA,206.4477803,1,6,landscape,31.72037316,49.23304423,81400000,Council,Рада,7124900000,7123780500,UA71080010000073303
Berezniakivska,Березняківська,Березняковская,UA7108003,Cherkaskyi,Черкаський,Черкасский,UA7108,Cherkaska,Черкаська,Черкасская,UA71,Ukraine,Україна,Украина,UA,193.5920541,1,5,portrait,31.96448271,49.1567397,81400000,Council,Рада,7124900000,7123781000,UA71080030000050121
Bilozirska,Білозірська,Белозорская,UA7108005,Cherkaskyi,Черкаський,Черкасский,UA7108,Cherkaska,Черкаська,Черкасская,UA71,Ukraine,Україна,Украина,UA,200.071057,1,3,landscape,31.81771864,49.30827905,81400000,Council,Рада,7124900000,7124981000,UA71080050000028174
Bobrytska,Бобрицька,Бобрицкая,UA7108007,Cherkaskyi,Черкаський,Черкасский,UA7108,Cherkaska,Черкаська,Черкасская,UA71,Ukraine,Україна,Украина,UA,398.8853512,1,24,portrait,31.35530024,49.82806967,81400000,Council,Рада,7124900000,7122081100,UA71080070000050993
Budyshchenska,Будищенська,Будищенская,UA7108009,Cherkaskyi,Черкаський,Черкасский,UA7108,Cherkaska,Черкаська,Черкасская,UA71,Ukraine,Україна,Украина,UA,149.1328623,1,6,landscape,31.86209267,49.51358884,81400000,Council,Рада,7124900000,7124981500,UA71080090000075810
Horodyshchenska,Городищенська,Городищенская,UA7108011,Cherkaskyi,Черкаський,Черкасский,UA7108,Cherkaska,Черкаська,Черкасская,UA71,Ukraine,Україна,Украина,UA,364.3246165,1,10,landscape,31.40997819,49.27108537,81400000,Council,Рада,7124900000,7120310100,UA71080110000055395
Kamianska,Кам'янська,Каменская,UA7108013,Cherkaskyi,Черкаський,Черкасский,UA7108,Cherkaska,Черкаська,Черкасская,UA71,Ukraine,Україна,Украина,UA,492.8423287,1,17,portrait,31.99965822,48.96959524,81400000,Council,Рада,7124900000,7121810100,UA71080130000078619
Kanivska,Канівська,Каневская,UA7108015,Cherkaskyi,Черкаський,Черкасский,UA7108,Cherkaska,Черкаська,Черкасская,UA71,Ukraine,Україна,Украина,UA,247.19459,1,11,portrait,31.4781124,49.6889479,81400000,Council,Рада,7124900000,7110300000,UA71080150000071745
Korsun-Shevchenkivska,Корсунь-Шевченківська,Корсунь-Шевченковская,UA7108017,Cherkaskyi,Черкаський,Черкасский,UA7108,Cherkaska,Черкаська,Черкасская,UA71,Ukraine,Україна,Украина,UA,174.3608943,1,11,landscape,31.18838343,49.47090592,81400000,Council,Рада,7124900000,7122510100,UA71080170000080118
Leskivska,Леськівська,Леськовская,UA7108019,Cherkaskyi,Черкаський,Черкасский,UA7108,Cherkaska,Черкаська,Черкасская,UA71,Ukraine,Україна,Украина,UA,217.6457735,1,5,portrait,32.24874319,49.29861551,81400000,Council,Рада,7124900000,7124984500,UA71080190000038712
Lipliavska,Ліплявська,Леплявская,UA7108021,Cherkaskyi,Черкаський,Черкасский,UA7108,Cherkaska,Черкаська,Черкасская,UA71,Ukraine,Україна,Украина,UA,279.0907602,1,5,portrait,31.596446,49.79477318,81400000,Council,Рада,7124900000,7122083900,UA71080210000074132
Medvedivska,Медведівська,Медведевская,UA7108023,Cherkaskyi,Черкаський,Черкасский,UA7108,Cherkaska,Черкаська,Черкасская,UA71,Ukraine,Україна,Украина,UA,208.9287758,1,9,portrait,32.32300442,49.13821413,81400000,Council,Рада,7124900000,7125483500,UA71080230000065521
Mykhailivska,Михайлівська,Михайловская,UA7108025,Cherkaskyi,Черкаський,Черкасский,UA7108,Cherkaska,Черкаська,Черкасская,UA71,Ukraine,Україна,Украина,UA,232.8621825,1,13,portrait,32.10719873,49.14004832,81400000,Council,Рада,7124900000,7121884000,UA71080250000099725
Mliivska,Мліївська,Млиевская,UA7108027,Cherkaskyi,Черкаський,Черкасский,UA7108,Cherkaska,Черкаська,Черкасская,UA71,Ukraine,Україна,Украина,UA,201.9265042,1,3,portrait,31.54550574,49.35387302,81400000,Council,Рада,7124900000,7120385000,UA71080270000076233
Moshnivska,Мошнівська,Мошновская,UA7108029,Cherkaskyi,Черкаський,Черкасский,UA7108,Cherkaska,Черкаська,Черкасская,UA71,Ukraine,Україна,Украина,UA,461.0085917,1,14,landscape,31.64034843,49.51784379,81400000,Council,Рада,7124900000,7124985000,UA71080290000067044
Nabutivska,Набутівська,Набутовская,UA7108031,Cherkaskyi,Черкаський,Черкасский,UA7108,Cherkaska,Черкаська,Черкасская,UA71,Ukraine,Україна,Украина,UA,218.2072345,1,13,landscape,31.42726442,49.47312432,81400000,Council,Рада,7124900000,7122585500,UA71080310000072487
Rotmistrivska,Ротмістрівська,Ротмистровская,UA7108033,Cherkaskyi,Черкаський,Черкасский,UA7108,Cherkaska,Черкаська,Черкасская,UA71,Ukraine,Україна,Украина,UA,311.1823842,1,13,portrait,31.71212757,49.08225572,81400000,Council,Рада,7124900000,7123787200,UA71080330000082129
Ruskopolianska,Руськополянська,Русскополянская,UA7108035,Cherkaskyi,Черкаський,Черкасский,UA7108,Cherkaska,Черкаська,Черкасская,UA71,Ukraine,Україна,Украина,UA,273.1259975,1,3,portrait,31.8378281,49.4033981,81400000,Council,Рада,7124900000,7124985200,UA71080350000033809
Sahunivska,Сагунівська,Сагуновская,UA7108037,Cherkaskyi,Черкаський,Черкасский,UA7108,Cherkaska,Черкаська,Черкасская,UA71,Ukraine,Україна,Украина,UA,195.1613038,1,3,landscape,32.45407738,49.26439311,81400000,Council,Рада,7124900000,7124985500,UA71080370000064287
Smilianska,Смілянська,Смелянская,UA7108039,Cherkaskyi,Черкаський,Черкасский,UA7108,Cherkaska,Черкаська,Черкасская,UA71,Ukraine,Україна,Украина,UA,39.46431601,2,2,portrait,31.88043722,49.21887827,81400000,Council,Рада,7124900000,7110500000,UA71080390000078978
Stepanetska,Степанецька,Степанецкая,UA7108041,Cherkaskyi,Черкаський,Черкасский,UA7108,Cherkaska,Черкаська,Черкасская,UA71,Ukraine,Україна,Украина,UA,368.5750129,1,21,portrait,31.25989069,49.60151334,81400000,Council,Рада,7124900000,7122087800,UA71080410000061690
Stepankivska,Степанківська,Степанковская,UA7108043,Cherkaskyi,Черкаський,Черкасский,UA7108,Cherkaska,Черкаська,Черкасская,UA71,Ukraine,Україна,Украина,UA,135.3517043,1,7,portrait,31.9866182,49.3110524,81400000,Council,Рада,7124900000,7124987000,UA71080430000025181
Ternivska,Тернівська,Терновская,UA7108045,Cherkaskyi,Черкаський,Черкасский,UA7108,Cherkaska,Черкаська,Черкасская,UA71,Ukraine,Україна,Украина,UA,156.0533078,1,9,portrait,31.78126053,48.97614926,81400000,Council,Рада,7124900000,7123789200,UA71080450000083423
Chervonoslobidska,Червонослобідська,Червонослободская,UA7108047,Cherkaskyi,Черкаський,Черкасский,UA7108,Cherkaska,Черкаська,Черкасская,UA71,Ukraine,Україна,Украина,UA,177.4865336,1,4,portrait,32.09599067,49.31422066,81400000,Council,Рада,7124900000,7124989000,UA71080470000038153
Cherkaska,Черкаська,Черкасская,UA7108049,Cherkaskyi,Черкаський,Черкасский,UA7108,Cherkaska,Черкаська,Черкасская,UA71,Ukraine,Україна,Украина,UA,78.16228199,2,2,landscape,32.06241086,49.41765376,81400000,Council,Рада,7124900000,7110100000,UA71080490000022110
Chyhyrynska,Чигиринська,Чигиринская,UA7108051,Cherkaskyi,Черкаський,Черкасский,UA7108,Cherkaska,Черкаська,Черкасская,UA71,Ukraine,Україна,Украина,UA,903.2684177,1,25,landscape,32.61548701,49.09666958,81400000,Council,Рада,7124900000,7125410100,UA71080510000028067
Banylivska,Банилівська,Баниловская,UA7302001,Vyzhnytskyi,Вижницький,Вижницкий,UA7302,Chernivetska,Чернівецька,Черновицкая,UA73,Ukraine,Україна,Украина,UA,79.63550413,1,4,portrait,25.36786715,48.32884947,81400000,Council,Рада,7320500000,7320580500,UA73020010000044067
Berehometska,Берегометська,Берегометская,UA7302003,Vyzhnytskyi,Вижницький,Вижницкий,UA7302,Chernivetska,Чернівецька,Черновицкая,UA73,Ukraine,Україна,Украина,UA,492.9167513,3,13,portrait,25.27725607,48.1020799,81400000,Council,Рада,7320500000,7320555300,UA73020030000022011
Brusnytska,Брусницька,Брусницкая,UA7302005,Vyzhnytskyi,Вижницький,Вижницкий,UA7302,Chernivetska,Чернівецька,Черновицкая,UA73,Ukraine,Україна,Украина,UA,97.77915157,1,10,portrait,25.59927386,48.332743,81400000,Council,Рада,7320500000,7322581500,UA73020050000061546
Vashkivetska,Вашківецька,Вашковецкая,UA7302007,Vyzhnytskyi,Вижницький,Вижницкий,UA7302,Chernivetska,Чернівецька,Черновицкая,UA73,Ukraine,Україна,Украина,UA,145.0343675,1,7,portrait,25.48649881,48.35395037,81400000,Council,Рада,7320500000,7320510400,UA73020070000035367
Vyzhnytska,Вижницька,Вижницкая,UA7302009,Vyzhnytskyi,Вижницький,Вижницкий,UA7302,Chernivetska,Чернівецька,Черновицкая,UA73,Ukraine,Україна,Украина,UA,182.9796889,1,10,portrait,25.25255301,48.24269096,81400000,Council,Рада,7320500000,7320510100,UA73020090000031499
Koniatynska,Конятинська,Конятинская,UA7302011,Vyzhnytskyi,Вижницький,Вижницкий,UA7302,Chernivetska,Чернівецька,Черновицкая,UA73,Ukraine,Україна,Украина,UA,122.6500803,1,10,portrait,24.96160652,48.00512791,81400000,Council,Рада,7320500000,7323582000,UA73020110000071923
Putylska,Путильська,Путильская,UA7302013,Vyzhnytskyi,Вижницький,Вижницкий,UA7302,Chernivetska,Чернівецька,Черновицкая,UA73,Ukraine,Україна,Украина,UA,230.9695793,1,18,landscape,25.09387974,47.98971025,81400000,Council,Рада,7320500000,7323555100,UA73020130000092871
Seliatynska,Селятинська,Селятинская,UA7302015,Vyzhnytskyi,Вижницький,Вижницкий,UA7302,Chernivetska,Чернівецька,Черновицкая,UA73,Ukraine,Україна,Украина,UA,368.8723827,1,10,portrait,25.0826858,47.83397825,81400000,Council,Рада,7320500000,7323584500,UA73020150000076225
Ust-Putylska,Усть-Путильська,Усть-Путильская,UA7302017,Vyzhnytskyi,Вижницький,Вижницкий,UA7302,Chernivetska,Чернівецька,Черновицкая,UA73,Ukraine,Україна,Украина,UA,157.6246503,1,13,portrait,25.1264176,48.12360867,81400000,Council,Рада,7320500000,7323585500,UA73020170000016631
Vashkovetska,Вашковецька,Вашковецкая,UA7304001,Dnistrovskyi,Дністровський,Днестровский,UA7304,Chernivetska,Чернівецька,Черновицкая,UA73,Ukraine,Україна,Украина,UA,60.22610823,1,4,portrait,27.1444192,48.41434906,81400000,Council,Рада,new,7324082000,UA73040010000039325
Kelmenetska,Кельменецька,Кельменецкая,UA7304003,Dnistrovskyi,Дністровський,Днестровский,UA7304,Chernivetska,Чернівецька,Черновицкая,UA73,Ukraine,Україна,Украина,UA,541.2498574,1,26,landscape,26.84872853,48.47609977,81400000,Council,Рада,new,7322055100,UA73040030000042378
Klishkovetska,Клішковецька,Клишковецкая,UA7304005,Dnistrovskyi,Дністровський,Днестровский,UA7304,Chernivetska,Чернівецька,Черновицкая,UA73,Ukraine,Україна,Украина,UA,212.2957294,1,12,portrait,26.1856151,48.48236056,81400000,Council,Рада,new,7325083600,UA73040050000080963
Livynetska,Лівинецька,Левинецкая,UA7304007,Dnistrovskyi,Дністровський,Днестровский,UA7304,Chernivetska,Чернівецька,Черновицкая,UA73,Ukraine,Україна,Украина,UA,129.5746395,1,7,landscape,26.63644094,48.39346032,81400000,Council,Рада,new,7322085600,UA73040070000053425
Mamalyhivska,Мамалигівська,Мамалыговская,UA7304009,Dnistrovskyi,Дністровський,Днестровский,UA7304,Chernivetska,Чернівецька,Черновицкая,UA73,Ukraine,Україна,Украина,UA,144.7509131,1,8,portrait,26.58022581,48.29901414,81400000,Council,Рада,new,7323084300,UA73040090000036527
Nedoboivska,Недобоївська,Недобоевская,UA7304011,Dnistrovskyi,Дністровський,Днестровский,UA7304,Chernivetska,Чернівецька,Черновицкая,UA73,Ukraine,Україна,Украина,UA,129.1935776,1,7,landscape,26.37278729,48.41096213,81400000,Council,Рада,new,7325085600,UA73040110000040354
Novodnistrovska,Новодністровська,Новоднестровская,UA7304013,Dnistrovskyi,Дністровський,Днестровский,UA7304,Chernivetska,Чернівецька,Черновицкая,UA73,Ukraine,Україна,Украина,UA,6.93053001,1,1,portrait,27.4354455,48.58220338,81400000,Council,Рада,new,7310600000,UA73040130000087963
Rukshynska,Рукшинська,Рукшинская,UA7304015,Dnistrovskyi,Дністровський,Днестровский,UA7304,Chernivetska,Чернівецька,Черновицкая,UA73,Ukraine,Україна,Украина,UA,108.7411409,1,6,landscape,26.38359564,48.4899241,81400000,Council,Рада,new,7325087600,UA73040150000056182
Sokyrianska,Сокирянська,Сокирянская,UA7304017,Dnistrovskyi,Дністровський,Днестровский,UA7304,Chernivetska,Чернівецька,Черновицкая,UA73,Ukraine,Україна,Украина,UA,600.9999271,1,25,landscape,27.30161866,48.50524694,81400000,Council,Рада,new,7324010100,UA73040170000011490
Khotynska,Хотинська,Хотинская,UA7304019,Dnistrovskyi,Дністровський,Днестровский,UA7304,Chernivetska,Чернівецька,Черновицкая,UA73,Ukraine,Україна,Украина,UA,182.9408356,1,11,portrait,26.51655579,48.40803104,81400000,Council,Рада,new,7325010100,UA73040190000062796
Boianska,Боянська,Боянская,UA7306001,Chernivetskyi,Чернівецький,Черновицкий,UA7306,Chernivetska,Чернівецька,Черновицкая,UA73,Ukraine,Україна,Украина,UA,63.65885847,1,4,portrait,26.13940362,48.26725559,81400000,Council,Рада,0524900000,7323080800,UA73060010000052133
Vanchykovetska,Ванчиковецька,Ванчиковецкая,UA7306003,Chernivetskyi,Чернівецький,Черновицкий,UA7306,Chernivetska,Чернівецька,Черновицкая,UA73,Ukraine,Україна,Украина,UA,170.6737319,1,10,portrait,26.42344631,48.24729499,81400000,Council,Рада,0524900000,7323081200,UA73060030000078843
Velykokuchurivska,Великокучурівська,Великокучуровская,UA7306005,Chernivetskyi,Чернівецький,Черновицкий,UA7306,Chernivetska,Чернівецька,Черновицкая,UA73,Ukraine,Україна,Украина,UA,97.69497516,1,5,portrait,25.86100854,48.18422037,81400000,Council,Рада,0524900000,7324582000,UA73060050000034325
Verenchanska,Веренчанська,Веренчанская,UA7306007,Chernivetskyi,Чернівецький,Черновицкий,UA7306,Chernivetska,Чернівецька,Черновицкая,UA73,Ukraine,Україна,Украина,UA,104.552182,1,7,landscape,25.73825815,48.54037146,81400000,Council,Рада,0524900000,7321582900,UA73060070000082869
Viknianska,Вікнянська,Окнянская,UA7306009,Chernivetskyi,Чернівецький,Черновицкий,UA7306,Chernivetska,Чернівецька,Черновицкая,UA73,Ukraine,Україна,Украина,UA,98.21197546,1,8,landscape,25.98421244,48.58948309,81400000,Council,Рада,0524900000,7321586000,UA73060090000047054
Volokivska,Волоківська,Волоковская,UA7306011,Chernivetskyi,Чернівецький,Черновицкий,UA7306,Chernivetska,Чернівецька,Черновицкая,UA73,Ukraine,Україна,Украина,UA,61.15280189,1,4,landscape,25.9722334,48.17966105,81400000,Council,Рада,0524900000,7321080900,UA73060110000070017
Hertsaivska,Герцаївська,Герцаевская,UA7306013,Chernivetskyi,Чернівецький,Черновицкий,UA7306,Chernivetska,Чернівецька,Черновицкая,UA73,Ukraine,Україна,Украина,UA,193.0344322,1,12,landscape,26.2067487,48.12518211,81400000,Council,Рада,0524900000,7320710100,UA73060130000078771
Hlybotska,Глибоцька,Глыбокская,UA7306015,Chernivetskyi,Чернівецький,Черновицкий,UA7306,Chernivetska,Чернівецька,Черновицкая,UA73,Ukraine,Україна,Украина,UA,140.7840272,1,9,portrait,25.94193715,48.09875432,81400000,Council,Рада,0524900000,7321055100,UA73060150000088691
Horishnosherovetska,Горішньошеровецька,Горишнешеровецкая,UA7306017,Chernivetskyi,Чернівецький,Черновицкий,UA7306,Chernivetska,Чернівецька,Черновицкая,UA73,Ukraine,Україна,Украина,UA,86.26178468,1,4,landscape,25.92224075,48.41268296,81400000,Council,Рада,0524900000,7321583300,UA73060170000031531
Zastavnivska,Заставнівська,Заставновская,UA7306019,Chernivetskyi,Чернівецький,Черновицкий,UA7306,Chernivetska,Чернівецька,Черновицкая,UA73,Ukraine,Україна,Украина,UA,75.91516689,1,3,landscape,25.84255256,48.51190554,81400000,Council,Рада,0524900000,7321510100,UA73060190000043347
Kadubovetska,Кадубовецька,Кадубовецкая,UA7306021,Chernivetskyi,Чернівецький,Черновицкий,UA7306,Chernivetska,Чернівецька,Черновицкая,UA73,Ukraine,Україна,Украина,UA,94.73908809,1,6,portrait,25.80167198,48.59084557,81400000,Council,Рада,0524900000,7321585200,UA73060210000010691
Kamianetska,Кам'янецька,Каменская,UA7306023,Chernivetskyi,Чернівецький,Черновицкий,UA7306,Chernivetska,Чернівецька,Черновицкая,UA73,Ukraine,Україна,Украина,UA,102.6217572,1,4,landscape,25.89787208,48.01135151,81400000,Council,Рада,0524900000,7321082100,UA73060230000024500
Kamianska,Кам'янська,Каменская,UA7306025,Chernivetskyi,Чернівецький,Черновицкий,UA7306,Chernivetska,Чернівецька,Черновицкая,UA73,Ukraine,Україна,Украина,UA,121.0935461,1,7,portrait,25.80579697,48.25166797,81400000,Council,Рада,0524900000,7324584000,UA73060250000049790
Karapchivska,Карапчівська,Карапчовская,UA7306027,Chernivetskyi,Чернівецький,Черновицкий,UA7306,Chernivetska,Чернівецька,Черновицкая,UA73,Ukraine,Україна,Украина,UA,44.90633738,1,2,portrait,25.82164575,48.09111148,81400000,Council,Рада,0524900000,7321082400,UA73060270000016588
Kitsmanska,Кіцманська,Кицманская,UA7306029,Chernivetskyi,Чернівецький,Черновицкий,UA7306,Chernivetska,Чернівецька,Черновицкая,UA73,Ukraine,Україна,Украина,UA,178.0526858,1,11,portrait,25.75301036,48.45687015,81400000,Council,Рада,0524900000,7322510100,UA73060290000034305
Kostryzhivska,Кострижівська,Кострижевская,UA7306031,Chernivetskyi,Чернівецький,Черновицкий,UA7306,Chernivetska,Чернівецька,Черновицкая,UA73,Ukraine,Україна,Украина,UA,37.41254789,1,5,landscape,25.6889313,48.63958994,81400000,Council,Рада,0524900000,7321555400,UA73060310000074904
Krasnoilska,Красноїльська,Красноильская,UA7306033,Chernivetskyi,Чернівецький,Черновицкий,UA7306,Chernivetska,Чернівецька,Черновицкая,UA73,Ukraine,Україна,Украина,UA,192.007199,1,2,landscape,25.53629623,47.98528295,81400000,Council,Рада,0524900000,7324555400,UA73060330000039245
Mahalska,Магальська,Магальская,UA7306035,Chernivetskyi,Чернівецький,Черновицкий,UA7306,Chernivetska,Чернівецька,Черновицкая,UA73,Ukraine,Україна,Украина,UA,83.97767088,1,5,portrait,26.05775652,48.29609005,81400000,Council,Рада,0524900000,7323083600,UA73060350000057190
Mamaivska,Мамаївська,Мамаевская,UA7306037,Chernivetskyi,Чернівецький,Черновицкий,UA7306,Chernivetska,Чернівецька,Черновицкая,UA73,Ukraine,Україна,Украина,UA,157.2994554,1,12,landscape,25.77556167,48.32984498,81400000,Council,Рада,0524900000,7322586500,UA73060370000059595
Nepolokovetska,Неполоковецька,Неполоковецкая,UA7306039,Chernivetskyi,Чернівецький,Черновицкий,UA7306,Chernivetska,Чернівецька,Черновицкая,UA73,Ukraine,Україна,Украина,UA,56.65034856,1,6,portrait,25.66907014,48.38711189,81400000,Council,Рада,0524900000,7322555700,UA73060390000017602
Novoselytska,Новоселицька,Новоселицкая,UA7306041,Chernivetskyi,Чернівецький,Черновицкий,UA7306,Chernivetska,Чернівецька,Черновицкая,UA73,Ukraine,Україна,Украина,UA,220.6571937,1,14,portrait,26.26848564,48.28522268,81400000,Council,Рада,0524900000,7323010100,UA73060410000077092
Ostrytska,Острицька,Острицкая,UA7306043,Chernivetskyi,Чернівецький,Черновицкий,UA7306,Chernivetska,Чернівецька,Черновицкая,UA73,Ukraine,Україна,Украина,UA,98.76117648,1,10,landscape,26.13402366,48.20821585,81400000,Council,Рада,0524900000,7320784000,UA73060430000042676
Petrovetska,Петровецька,Петровецкая,UA7306045,Chernivetskyi,Чернівецький,Черновицкий,UA7306,Chernivetska,Чернівецька,Черновицкая,UA73,Ukraine,Україна,Украина,UA,83.3801415,1,3,portrait,25.71707673,48.01187759,81400000,Council,Рада,0524900000,7324582500,UA73060450000099566
Stavchanska,Ставчанська,Ставчанская,UA7306047,Chernivetskyi,Чернівецький,Черновицкий,UA7306,Chernivetska,Чернівецька,Черновицкая,UA73,Ukraine,Україна,Украина,UA,75.94281454,1,5,portrait,25.65616189,48.52169419,81400000,Council,Рада,0524900000,7322588000,UA73060470000040033
Storozhynetska,Сторожинецька,Сторожинецкая,UA7306049,Chernivetskyi,Чернівецький,Черновицкий,UA7306,Chernivetska,Чернівецька,Черновицкая,UA73,Ukraine,Україна,Украина,UA,518.7992844,1,17,portrait,25.55269353,48.19756888,81400000,Council,Рада,0524900000,7324510100,UA73060490000033679
Suchevenska,Сучевенська,Сучевенская,UA7306051,Chernivetskyi,Чернівецький,Черновицкий,UA7306,Chernivetska,Чернівецька,Черновицкая,UA73,Ukraine,Україна,Украина,UA,107.0335747,1,6,portrait,25.78919854,48.01285539,81400000,Council,Рада,0524900000,7321088500,UA73060510000025800
Tarashanska,Тарашанська,Тарашанская,UA7306053,Chernivetskyi,Чернівецький,Черновицкий,UA7306,Chernivetska,Чернівецька,Черновицкая,UA73,Ukraine,Україна,Украина,UA,91.88810763,1,5,landscape,26.15899432,48.05001455,81400000,Council,Рада,0524900000,7321086700,UA73060530000099979
Tereblechenska,Тереблеченська,Тереблеченская,UA7306055,Chernivetskyi,Чернівецький,Черновицкий,UA7306,Chernivetska,Чернівецька,Черновицкая,UA73,Ukraine,Україна,Украина,UA,74.74466247,1,5,landscape,26.08528263,48.01200092,81400000,Council,Рада,0524900000,7321085400,UA73060550000052402
Toporivska,Топорівська,Топоровская,UA7306057,Chernivetskyi,Чернівецький,Черновицкий,UA7306,Chernivetska,Чернівецька,Черновицкая,UA73,Ukraine,Україна,Украина,UA,122.9586714,1,4,landscape,26.1367327,48.3930878,81400000,Council,Рада,0524900000,7323088600,UA73060570000058573
Chahorska,Чагорська,Чагорская,UA7306059,Chernivetskyi,Чернівецький,Черновицкий,UA7306,Chernivetska,Чернівецька,Черновицкая,UA73,Ukraine,Україна,Украина,UA,50.26040473,1,4,landscape,26.03471125,48.21203299,81400000,Council,Рада,0524900000,7321087900,UA73060590000095243
Chernivetska,Чернівецька,Черновицкая,UA7306061,Chernivetskyi,Чернівецький,Черновицкий,UA7306,Chernivetska,Чернівецька,Черновицкая,UA73,Ukraine,Україна,Украина,UA,180.2185028,1,3,portrait,25.95224034,48.33522307,81400000,Council,Рада,0524900000,7310100000,UA73060610000066784
Chudeiska,Чудейська,Чудейская,UA7306063,Chernivetskyi,Чернівецький,Черновицкий,UA7306,Chernivetska,Чернівецька,Черновицкая,UA73,Ukraine,Україна,Украина,UA,147.7521008,1,5,portrait,25.61323067,48.07384465,81400000,Council,Рада,0524900000,7324586000,UA73060630000091311
Yurkovetska,Юрковецька,Юрковецкая,UA7306065,Chernivetskyi,Чернівецький,Черновицкий,UA7306,Chernivetska,Чернівецька,Черновицкая,UA73,Ukraine,Україна,Украина,UA,166.2781967,1,8,portrait,25.98958519,48.50646203,81400000,Council,Рада,0524900000,7321589700,UA73060650000012771
Koriukivska,Корюківська,Корюковская,UA7402001,Koriukivskyi,Корюківський,Корюковский,UA7402,Chernihivska,Чернігівська,Черниговская,UA74,Ukraine,Україна,Украина,UA,1173.178635,1,66,portrait,32.31559094,51.80911245,81400000,Council,Рада,7422400000,7422410100,UA74020010000010449
Menska,Менська,Менская,UA7402003,Koriukivskyi,Корюківський,Корюковский,UA7402,Chernihivska,Чернігівська,Черниговская,UA74,Ukraine,Україна,Украина,UA,1027.273135,1,39,landscape,32.02404821,51.4945513,81400000,Council,Рада,7422400000,7423010100,UA74020030000069340
Snovska,Сновська,Сновская,UA7402005,Koriukivskyi,Корюківський,Корюковский,UA7402,Chernihivska,Чернігівська,Черниговская,UA74,Ukraine,Україна,Украина,UA,1284.374817,2,57,portrait,31.91462244,51.8338159,81400000,Council,Рада,7422400000,7425810100,UA74020050000033944
Sosnytska,Сосницька,Сосницкая,UA7402007,Koriukivskyi,Корюківський,Корюковский,UA7402,Chernihivska,Чернігівська,Черниговская,UA74,Ukraine,Україна,Украина,UA,799.5653073,2,41,portrait,32.53842586,51.60883924,81400000,Council,Рада,7422400000,7424955100,UA74020070000037186
Kholmynska,Холминська,Холмынская,UA7402009,Koriukivskyi,Корюківський,Корюковский,UA7402,Chernihivska,Чернігівська,Черниговская,UA74,Ukraine,Україна,Украина,UA,313.8906632,1,15,landscape,32.58555862,51.87598186,81400000,Council,Рада,7422400000,7422455400,UA74020090000083820
Baturynska,Батуринська,Батуринская,UA7404001,Nizhynskyi,Ніжинський,Нежинский,UA7404,Chernihivska,Чернігівська,Черниговская,UA74,Ukraine,Україна,Украина,UA,438.0252713,1,27,landscape,32.84781748,51.317808,81400000,Council,Рада,7423300000,7420310300,UA74040010000076097
Bakhmatska,Бахмацька,Бахмачская,UA7404003,Nizhynskyi,Ніжинський,Нежинский,UA7404,Chernihivska,Чернігівська,Черниговская,UA74,Ukraine,Україна,Украина,UA,720.9987492,1,39,landscape,32.77785089,51.11805944,81400000,Council,Рада,7423300000,7420310100,UA74040030000093042
Bobrovytska,Бобровицька,Бобровицкая,UA7404005,Nizhynskyi,Ніжинський,Нежинский,UA7404,Chernihivska,Чернігівська,Черниговская,UA74,Ukraine,Україна,Украина,UA,1056.103033,2,41,landscape,31.40474358,50.76495445,81400000,Council,Рада,7423300000,7420610100,UA74040050000013413
Borznianska,Борзнянська,Борзнянская,UA7404007,Nizhynskyi,Ніжинський,Нежинский,UA7404,Chernihivska,Чернігівська,Черниговская,UA74,Ukraine,Україна,Украина,UA,538.5410264,1,22,landscape,32.4205959,51.25529252,81400000,Council,Рада,7423300000,7420810100,UA74040070000086652
Vertiivska,Вертіївська,Вертиевская,UA7404009,Nizhynskyi,Ніжинський,Нежинский,UA7404,Chernihivska,Чернігівська,Черниговская,UA74,Ukraine,Україна,Украина,UA,677.495323,1,24,landscape,31.84128379,51.16102376,81400000,Council,Рада,7423300000,7423381900,UA74040090000047246
Vysochanska,Височанська,Высочанская,UA7404011,Nizhynskyi,Ніжинський,Нежинский,UA7404,Chernihivska,Чернігівська,Черниговская,UA74,Ukraine,Україна,Украина,UA,267.4971201,1,15,portrait,32.63184673,51.3671354,81400000,Council,Рада,7423300000,7420881200,UA74040110000021989
Dmytrivska,Дмитрівська,Дмитровская,UA7404013,Nizhynskyi,Ніжинський,Нежинский,UA7404,Chernihivska,Чернігівська,Черниговская,UA74,Ukraine,Україна,Украина,UA,327.2265043,1,15,portrait,32.87447603,50.94116222,81400000,Council,Рада,7423300000,7420355600,UA74040130000094076
Komarivska,Комарівська,Комаровская,UA7404015,Nizhynskyi,Ніжинський,Нежинский,UA7404,Chernihivska,Чернігівська,Черниговская,UA74,Ukraine,Україна,Украина,UA,425.6795595,1,15,portrait,32.16439971,51.21685582,81400000,Council,Рада,7423300000,7420882000,UA74040150000010608
Krutivska,Крутівська,Крутовская,UA7404017,Nizhynskyi,Ніжинський,Нежинский,UA7404,Chernihivska,Чернігівська,Черниговская,UA74,Ukraine,Україна,Украина,UA,285.7360288,1,14,landscape,32.22290698,51.077474,81400000,Council,Рада,7423300000,7423385200,UA74040170000037628
Losynivska,Лосинівська,Лосиновcкая,UA7404019,Nizhynskyi,Ніжинський,Нежинский,UA7404,Chernihivska,Чернігівська,Черниговская,UA74,Ukraine,Україна,Украина,UA,355.9425707,1,21,landscape,31.95410817,50.79222302,81400000,Council,Рада,7423300000,7423355400,UA74040190000070909
Makiivska,Макіївська,Макеевская,UA7404021,Nizhynskyi,Ніжинський,Нежинский,UA7404,Chernihivska,Чернігівська,Черниговская,UA74,Ukraine,Україна,Украина,UA,248.4392682,1,19,portrait,31.78818733,50.7684833,81400000,Council,Рада,7423300000,7423883000,UA74040210000018988
Mrynska,Мринська,Мринская,UA7404023,Nizhynskyi,Ніжинський,Нежинский,UA7404,Chernihivska,Чернігівська,Черниговская,UA74,Ukraine,Україна,Украина,UA,331.9326223,1,7,landscape,31.51917551,51.09487422,81400000,Council,Рада,7423300000,7423883500,UA74040230000022565
Nizhynska,Ніжинська,Нежинская,UA7404025,Nizhynskyi,Ніжинський,Нежинский,UA7404,Chernihivska,Чернігівська,Черниговская,UA74,Ukraine,Україна,Украина,UA,134.5224632,2,5,landscape,31.93530791,51.0271977,81400000,Council,Рада,7423300000,7410400000,UA74040250000063494
Novobasanska,Новобасанська,Новобасанская,UA7404027,Nizhynskyi,Ніжинський,Нежинский,UA7404,Chernihivska,Чернігівська,Черниговская,UA74,Ukraine,Україна,Украина,UA,362.136036,1,13,landscape,31.59023368,50.56346172,81400000,Council,Рада,7423300000,7420684800,UA74040270000069132
Nosivska,Носівська,Носовская,UA7404029,Nizhynskyi,Ніжинський,Нежинский,UA7404,Chernihivska,Чернігівська,Черниговская,UA74,Ukraine,Україна,Украина,UA,570.1043968,1,21,landscape,31.65292388,50.93602862,81400000,Council,Рада,7423300000,7423810100,UA74040290000072674
Plyskivska,Плисківська,Плисковская,UA7404031,Nizhynskyi,Ніжинський,Нежинский,UA7404,Chernihivska,Чернігівська,Черниговская,UA74,Ukraine,Україна,Украина,UA,235.967808,1,5,landscape,32.44957796,51.12492961,81400000,Council,Рада,7423300000,7420886000,UA74040310000039217
Talalaivska,Талалаївська,Талалаевская,UA7404033,Nizhynskyi,Ніжинський,Нежинский,UA7404,Chernihivska,Чернігівська,Черниговская,UA74,Ukraine,Україна,Украина,UA,246.6959186,1,15,landscape,31.9828078,50.9397146,81400000,Council,Рада,7423300000,7423388900,UA74040330000024949
Koropska,Коропська,Коропская,UA7406001,Novhorod-Siverskyi,Новгород-Сіверський,Новгород-Северский,UA7406,Chernihivska,Чернігівська,Черниговская,UA74,Ukraine,Україна,Украина,UA,909.5546061,2,50,portrait,32.97478897,51.50770031,81400000,Council,Рада,7423600000,7422255100,UA74060010000052907
Novhorod-Siverska,Новгород-Сіверська,Новгород-Северская,UA7406003,Novhorod-Siverskyi,Новгород-Сіверський,Новгород-Северский,UA7406,Chernihivska,Чернігівська,Черниговская,UA74,Ukraine,Україна,Украина,UA,1800.672535,1,85,portrait,33.09520115,52.02808875,81400000,Council,Рада,7423600000,7410500000,UA74060030000026607
Ponornytska,Понорницька,Понорницкая,UA7406005,Novhorod-Siverskyi,Новгород-Сіверський,Новгород-Северский,UA7406,Chernihivska,Чернігівська,Черниговская,UA74,Ukraine,Україна,Украина,UA,523.8638518,1,17,landscape,32.87378771,51.74101536,81400000,Council,Рада,7423600000,7422255500,UA74060050000061355
Semenivska,Семенівська,Семеновская,UA7406007,Novhorod-Siverskyi,Новгород-Сіверський,Новгород-Северский,UA7406,Chernihivska,Чернігівська,Черниговская,UA74,Ukraine,Україна,Украина,UA,1401.161643,1,70,landscape,32.59693085,52.12030096,81400000,Council,Рада,7423600000,7424710100,UA74060070000028810
Varvynska,Варвинська,Варвинская,UA7408001,Prylutskyi,Прилуцький,Прилукский,UA7408,Chernihivska,Чернігівська,Черниговская,UA74,Ukraine,Україна,Украина,UA,588.2286031,1,30,landscape,32.7817341,50.45103601,81400000,Council,Рада,7424100000,7421155100,UA74080010000063011
Ichnianska,Ічнянська,Ичнянская,UA7408003,Prylutskyi,Прилуцький,Прилукский,UA7408,Chernihivska,Чернігівська,Черниговская,UA74,Ukraine,Україна,Украина,UA,1206.756012,1,54,landscape,32.3636296,50.86599056,81400000,Council,Рада,7424100000,7421710100,UA74080030000040714
Ladanska,Ладанська,Ладанская,UA7408005,Prylutskyi,Прилуцький,Прилукский,UA7408,Chernihivska,Чернігівська,Черниговская,UA74,Ukraine,Україна,Украина,UA,179.3332853,1,7,landscape,32.636846,50.54672267,81400000,Council,Рада,7424100000,7424155400,UA74080050000033938
Lynovytska,Линовицька,Линовицкая,UA7408007,Prylutskyi,Прилуцький,Прилукский,UA7408,Chernihivska,Чернігівська,Черниговская,UA74,Ukraine,Україна,Украина,UA,206.052068,1,16,portrait,32.40092142,50.46753009,81400000,Council,Рада,7424100000,7424155600,UA74080070000022285
Malodivytska,Малодівицька,Малодевицкая,UA7408009,Prylutskyi,Прилуцький,Прилукский,UA7408,Chernihivska,Чернігівська,Черниговская,UA74,Ukraine,Україна,Украина,UA,239.2014912,1,12,landscape,32.15260689,50.68798148,81400000,Council,Рада,7424100000,7424155900,UA74080090000092409
Parafiivska,Парафіївська,Парафиевская,UA7408011,Prylutskyi,Прилуцький,Прилукский,UA7408,Chernihivska,Чернігівська,Черниговская,UA74,Ukraine,Україна,Украина,UA,369.2863917,1,22,portrait,32.71052038,50.83460446,81400000,Council,Рада,7424100000,7421755700,UA74080110000023749
Prylutska,Прилуцька,Прилукская,UA7408013,Prylutskyi,Прилуцький,Прилукский,UA7408,Chernihivska,Чернігівська,Черниговская,UA74,Ukraine,Україна,Украина,UA,35.55481789,1,1,landscape,32.39340074,50.59194845,81400000,Council,Рада,7424100000,7410700000,UA74080130000060606
Sribnianska,Срібнянська,Сребнянская,UA7408015,Prylutskyi,Прилуцький,Прилукский,UA7408,Chernihivska,Чернігівська,Черниговская,UA74,Ukraine,Україна,Украина,UA,576.5877588,1,29,landscape,32.88832206,50.62880768,81400000,Council,Рада,7424100000,7425155100,UA74080150000033167
Sukhopolovianska,Сухополов'янська,Сухополовянская,UA7408017,Prylutskyi,Прилуцький,Прилукский,UA7408,Chernihivska,Чернігівська,Черниговская,UA74,Ukraine,Україна,Украина,UA,894.9918948,1,54,landscape,32.55245041,50.64761059,81400000,Council,Рада,7424100000,7424188800,UA74080170000055617
Talalaivska,Талалаївська,Талалаевская,UA7408019,Prylutskyi,Прилуцький,Прилукский,UA7408,Chernihivska,Чернігівська,Черниговская,UA74,Ukraine,Україна,Украина,UA,633.6877555,1,45,portrait,33.01658635,50.81827795,81400000,Council,Рада,7424100000,7425355100,UA74080190000091939
Yablunivska,Яблунівська,Яблоновская,UA7408021,Prylutskyi,Прилуцький,Прилукский,UA7408,Chernihivska,Чернігівська,Черниговская,UA74,Ukraine,Україна,Украина,UA,283.0767814,1,9,landscape,32.16046436,50.44813946,81400000,Council,Рада,7424100000,7424189700,UA74080210000098421
Bereznianska,Березнянська,Березнянская,UA7410001,Chernihivskyi,Чернігівський,Черниговский,UA7410,Chernihivska,Чернігівська,Черниговская,UA74,Ukraine,Україна,Украина,UA,352.5577026,1,17,portrait,31.7779362,51.57975727,81400000,Council,Рада,7425500000,7423055300,UA74100010000063674
Honcharivska,Гончарівська,Гончаровская,UA7410003,Chernihivskyi,Чернігівський,Черниговский,UA7410,Chernihivska,Чернігівська,Черниговская,UA74,Ukraine,Україна,Украина,UA,644.0162285,2,17,portrait,30.87122333,51.24018637,81400000,Council,Рада,7425500000,7425555200,UA74100030000076377
Horodnianska,Городнянська,Городнянская,UA7410005,Chernihivskyi,Чернігівський,Черниговский,UA7410,Chernihivska,Чернігівська,Черниговская,UA74,Ukraine,Україна,Украина,UA,1187.493747,1,61,portrait,31.54980227,51.99775633,81400000,Council,Рада,7425500000,7421410100,UA74100050000019554
Desnianska,Деснянська,Деснянская,UA7410007,Chernihivskyi,Чернігівський,Черниговский,UA7410,Chernihivska,Чернігівська,Черниговская,UA74,Ukraine,Україна,Украина,UA,710.8498094,1,13,portrait,30.74217118,51.04828551,81400000,Council,Рада,7425500000,7422055400,UA74100070000057810
Dobrianska,Добрянська,Добрянская,UA7410009,Chernihivskyi,Чернігівський,Черниговский,UA7410,Chernihivska,Чернігівська,Черниговская,UA74,Ukraine,Україна,Украина,UA,461.3371191,1,21,landscape,31.08814072,52.0001226,81400000,Council,Рада,7425500000,7424455400,UA74100090000064336
Ivanivska,Іванівська,Ивановская,UA7410011,Chernihivskyi,Чернігівський,Черниговский,UA7410,Chernihivska,Чернігівська,Черниговская,UA74,Ukraine,Україна,Украина,UA,418.2465872,1,17,portrait,31.30513606,51.33541778,81400000,Council,Рада,7425500000,7425582800,UA74100110000030364
Kyinska,Киїнська,Киенская,UA7410013,Chernihivskyi,Чернігівський,Черниговский,UA7410,Chernihivska,Чернігівська,Черниговская,UA74,Ukraine,Україна,Украина,UA,108.3224393,1,6,portrait,31.19699948,51.43865608,81400000,Council,Рада,7425500000,7425583400,UA74100130000039404
Kyselivska,Киселівська,Киселевская,UA7410015,Chernihivskyi,Чернігівський,Черниговский,UA7410,Chernihivska,Чернігівська,Черниговская,UA74,Ukraine,Україна,Украина,UA,269.9496123,1,15,landscape,31.39529168,51.568525,81400000,Council,Рада,7425500000,7425583500,UA74100150000090847
Kiptivska,Кіптівська,Коптевская,UA7410017,Chernihivskyi,Чернігівський,Черниговский,UA7410,Chernihivska,Чернігівська,Черниговская,UA74,Ukraine,Україна,Украина,UA,537.849959,1,19,landscape,31.11817885,51.1281572,81400000,Council,Рада,7425500000,7422083300,UA74100170000043593
Kozeletska,Козелецька,Козелецкая,UA7410019,Chernihivskyi,Чернігівський,Черниговский,UA7410,Chernihivska,Чернігівська,Черниговская,UA74,Ukraine,Україна,Украина,UA,697.1391074,1,54,portrait,31.16275732,50.8891286,81400000,Council,Рада,7425500000,7422055100,UA74100190000086457
Kulykivska,Куликівська,Куликовская,UA7410021,Chernihivskyi,Чернігівський,Черниговский,UA7410,Chernihivska,Чернігівська,Черниговская,UA74,Ukraine,Україна,Украина,UA,862.1338839,1,23,landscape,31.664371,51.34182151,81400000,Council,Рада,7425500000,7422755100,UA74100210000053397
Liubetska,Любецька,Любечская,UA7410023,Chernihivskyi,Чернігівський,Черниговский,UA7410,Chernihivska,Чернігівська,Черниговская,UA74,Ukraine,Україна,Украина,UA,596.2146979,1,48,portrait,30.74146383,51.64408407,81400000,Council,Рада,7425500000,7424456000,UA74100230000068041
Mykhailo-Kotsiubynska,Михайло-Коцюбинська,Михайло-Коцюбинская,UA7410025,Chernihivskyi,Чернігівський,Черниговский,UA7410,Chernihivska,Чернігівська,Черниговская,UA74,Ukraine,Україна,Украина,UA,790.8845126,1,42,portrait,30.87381955,51.4313851,81400000,Council,Рада,7425500000,7425555400,UA74100250000038291
Novobilouska,Новобілоуська,Новобелоусская,UA7410027,Chernihivskyi,Чернігівський,Черниговский,UA7410,Chernihivska,Чернігівська,Черниговская,UA74,Ukraine,Україна,Украина,UA,377.5147517,1,22,landscape,31.15620611,51.58636832,81400000,Council,Рада,7425500000,7425585500,UA74100270000049748
Olyshivska,Олишівська,Олишевская,UA7410029,Chernihivskyi,Чернігівський,Черниговский,UA7410,Chernihivska,Чернігівська,Черниговская,UA74,Ukraine,Україна,Украина,UA,224.9237693,1,6,landscape,31.41174491,51.23733078,81400000,Council,Рада,7425500000,7425555700,UA74100290000084770
Osterska,Остерська,Остерская,UA7410031,Chernihivskyi,Чернігівський,Черниговский,UA7410,Chernihivska,Чернігівська,Черниговская,UA74,Ukraine,Україна,Украина,UA,402.4889175,1,22,portrait,30.93676042,50.94626962,81400000,Council,Рада,7425500000,7422010400,UA74100310000091595
Ripkynska,Ріпкинська,Репкинская,UA7410033,Chernihivskyi,Чернігівський,Черниговский,UA7410,Chernihivska,Чернігівська,Черниговская,UA74,Ukraine,Україна,Украина,UA,1014.510119,1,49,landscape,31.08301935,51.77152038,81400000,Council,Рада,7425500000,7424455100,UA74100330000029082
Sednivska,Седнівська,Седневская,UA7410035,Chernihivskyi,Чернігівський,Черниговский,UA7410,Chernihivska,Чернігівська,Черниговская,UA74,Ukraine,Україна,Украина,UA,213.109477,1,8,portrait,31.53787558,51.64532372,81400000,Council,Рада,7425500000,7425556000,UA74100350000075160
Tupychivska,Тупичівська,Тупичевская,UA7410037,Chernihivskyi,Чернігівський,Черниговский,UA7410,Chernihivska,Чернігівська,Черниговская,UA74,Ukraine,Україна,Украина,UA,281.2452189,1,11,portrait,31.44244032,51.72961223,81400000,Council,Рада,7425500000,7421488400,UA74100370000041962
Chernihivska,Чернігівська,Черниговская,UA7410039,Chernihivskyi,Чернігівський,Черниговский,UA7410,Chernihivska,Чернігівська,Черниговская,UA74,Ukraine,Україна,Украина,UA,78.78968743,3,1,portrait,31.29565002,51.50178573,81400000,Council,Рада,7425500000,7410100000,UA74100390000073425
Kyiv,Київ,Киев,UA8000000,Kyiv,Київ,Киев,UA8000,Kyiv,Київ,Киев,UA80,Ukraine,Україна,Украина,UA,824.9214546,1,1,portrait,30.55437837,50.42981047,81400000,Council,Рада,#N/A,#N/A,#N/A
Sevastopol,Севастополь,Севастополь,UA8500000,Sevastopol,Севастополь,Севастополь,UA8500,Sevastopol,Севастополь,Севастополь,UA85,Ukraine,Україна,Украина,UA,848.8590221,1,1,landscape,33.62700667,44.55773061,81400000,Council,Рада,#N/A,#N/A,#N/A
